t,x,y,z,roll,pitch,yaw
0.000000000000000000e+00,-5.921727166120523481e-03,1.914769724101583193e-01,5.666387153509593322e-01,-1.764645235141432806e+02,1.012601489340532179e+00,3.928570004390180004e-01
1.282119750976562500e-02,-5.921727166120523481e-03,1.914769724101583193e-01,5.666387153509593322e-01,-1.764645235141432806e+02,1.012601489340532179e+00,3.928570004390180004e-01
3.314542770385742188e-02,-6.348992800267050027e-03,1.917389620097588732e-01,5.666497572116702131e-01,-1.764419604927875014e+02,1.056399647781680384e+00,3.932922440943229514e-01
5.186676979064941406e-02,-5.921563407132548508e-03,1.917368085568748604e-01,5.666470023908881659e-01,-1.764425455527438089e+02,1.012450822552031893e+00,3.928111772158203729e-01
7.098531723022460938e-02,-5.852650862135445539e-03,1.914774452322942910e-01,5.666375076222531781e-01,-1.764645472111183722e+02,9.906639846714301312e-01,3.915014079699741245e-01
9.023785591125488281e-02,-5.852487099564551883e-03,1.917372813187143699e-01,5.666457948435171810e-01,-1.764425693932590491e+02,9.905138394043997430e-01,3.914471686919026583e-01
1.092073917388916016e-01,-5.921727166120523481e-03,1.914769724101583193e-01,5.666387153509593322e-01,-1.764645235141432806e+02,1.012601489340532179e+00,3.928570004390180004e-01
1.248297691345214844e-01,-6.089153041464847975e-03,1.917389620009956885e-01,5.666473715020791113e-01,-1.764421113877391463e+02,1.034420830280127435e+00,3.932895717748801090e-01
1.446723937988281250e-01,-6.020077205946166785e-03,1.917394353362785742e-01,5.666461374669319317e-01,-1.764421357543334068e+02,1.012483857461206949e+00,3.919253878519695089e-01
1.613395214080810547e-01,-5.921563407132548508e-03,1.917368085568748604e-01,5.666470023908881659e-01,-1.764425455527438089e+02,1.012450822552031893e+00,3.928111772158203729e-01
1.798090934753417969e-01,-5.921563407132548508e-03,1.917368085568748604e-01,5.666470023908881659e-01,-1.764425455527438089e+02,1.012450822552031893e+00,3.928111772158203729e-01
1.994278430938720703e-01,-6.112327480607535404e-03,1.917372813271440712e-01,5.666480897653856097e-01,-1.764424192072566200e+02,1.012492661746127398e+00,3.914497130042786655e-01
2.200708389282226562e-01,-5.921563407132548508e-03,1.917368085568748604e-01,5.666470023908881659e-01,-1.764425455527438089e+02,1.012450822552031893e+00,3.928111772158203729e-01
2.342686653137207031e-01,-5.918916839033411953e-03,1.914789619605769544e-01,5.666387860580172076e-01,-1.764642927312535221e+02,1.013059254244887741e+00,3.708877235141854745e-01
2.529575824737548828e-01,-5.921563407132548508e-03,1.917368085568748604e-01,5.666470023908881659e-01,-1.764425455527438089e+02,1.012450822552031893e+00,3.928111772158203729e-01
2.713649272918701172e-01,-5.921563407132548508e-03,1.917368085568748604e-01,5.666470023908881659e-01,-1.764425455527438089e+02,1.012450822552031893e+00,3.928111772158203729e-01
2.870333194732666016e-01,-5.852487099564551883e-03,1.917372813187143699e-01,5.666457948435171810e-01,-1.764425693932590491e+02,9.905138394043997430e-01,3.914471686919026583e-01
3.053054809570312500e-01,-5.921563407132548508e-03,1.917368085568748604e-01,5.666470023908881659e-01,-1.764425455527438089e+02,1.012450822552031893e+00,3.928111772158203729e-01
3.249852657318115234e-01,-5.921563407132548508e-03,1.917368085568748604e-01,5.666470023908881659e-01,-1.764425455527438089e+02,1.012450822552031893e+00,3.928111772158203729e-01
3.437130451202392578e-01,-5.921960380928493160e-03,1.918057345759224264e-01,5.666513001371673575e-01,-1.764205640244415747e+02,1.012412255901421254e+00,3.934297079516885787e-01
3.633589744567871094e-01,-5.921563407132548508e-03,1.917368085568748604e-01,5.666470023908881659e-01,-1.764425455527438089e+02,1.012450822552031893e+00,3.928111772158203729e-01
3.833265304565429688e-01,-5.921727166120523481e-03,1.914769724101583193e-01,5.666387153509593322e-01,-1.764645235141432806e+02,1.012601489340532179e+00,3.928570004390180004e-01
4.030086994171142578e-01,-5.921563407132548508e-03,1.917368085568748604e-01,5.666470023908881659e-01,-1.764425455527438089e+02,1.012450822552031893e+00,3.928111772158203729e-01
4.235143661499023438e-01,-5.921563407132548508e-03,1.917368085568748604e-01,5.666470023908881659e-01,-1.764425455527438089e+02,1.012450822552031893e+00,3.928111772158203729e-01
4.422774314880371094e-01,-6.181403319864262058e-03,1.917368085654018728e-01,5.666493238111516284e-01,-1.764423948423913941e+02,1.034429641312595960e+00,3.928137883869699531e-01
4.633476734161376953e-01,-5.921563407132548508e-03,1.917368085568748604e-01,5.666470023908881659e-01,-1.764425455527438089e+02,1.012450822552031893e+00,3.928111772158203729e-01
4.819431304931640625e-01,-5.852487099564551883e-03,1.917372813187143699e-01,5.666457948435171810e-01,-1.764425693932590491e+02,9.905138394043997430e-01,3.914471686919026583e-01
5.020699501037597656e-01,-5.921563407132548508e-03,1.917368085568748604e-01,5.666470023908881659e-01,-1.764425455527438089e+02,1.012450822552031893e+00,3.928111772158203729e-01
8.368301391601562500e-01,-6.181403319864262058e-03,1.917368085654018728e-01,5.666493238111516284e-01,-1.764423948423913941e+02,1.034429641312595960e+00,3.928137883869699531e-01
8.369286060333251953e-01,-5.921563407132548508e-03,1.917368085568748604e-01,5.666470023908881659e-01,-1.764425455527438089e+02,1.012450822552031893e+00,3.928111772158203729e-01
8.369462490081787109e-01,-5.852487099564551883e-03,1.917372813187143699e-01,5.666457948435171810e-01,-1.764425693932590491e+02,9.905138394043997430e-01,3.914471686919026583e-01
8.369681835174560547e-01,-5.921960380928493160e-03,1.918057345759224264e-01,5.666513001371673575e-01,-1.764205640244415747e+02,1.012412255901421254e+00,3.934297079516885787e-01
8.387699127197265625e-01,-5.921563407132548508e-03,1.917368085568748604e-01,5.666470023908881659e-01,-1.764425455527438089e+02,1.012450822552031893e+00,3.928111772158203729e-01
8.388421535491943359e-01,-5.852487099564551883e-03,1.917372813187143699e-01,5.666457948435171810e-01,-1.764425693932590491e+02,9.905138394043997430e-01,3.914471686919026583e-01
8.389956951141357422e-01,-5.924269373702231722e-03,1.917398610630506872e-01,5.666471220179993828e-01,-1.764421147585089216e+02,1.011971592201827530e+00,4.147886757357737708e-01
8.390421867370605469e-01,-5.921563407132548508e-03,1.917368085568748604e-01,5.666470023908881659e-01,-1.764425455527438089e+02,1.012450822552031893e+00,3.928111772158203729e-01
8.391044139862060547e-01,-6.020240984836191384e-03,1.914795981110867518e-01,5.666378494197461535e-01,-1.764641137182827606e+02,1.012634184522329894e+00,3.919711984254455883e-01
8.391220569610595703e-01,-5.852487099564551883e-03,1.917372813187143699e-01,5.666457948435171810e-01,-1.764425693932590491e+02,9.905138394043997430e-01,3.914471686919026583e-01
8.391351699829101562e-01,-5.921563407132548508e-03,1.917368085568748604e-01,5.666470023908881659e-01,-1.764425455527438089e+02,1.012450822552031893e+00,3.928111772158203729e-01
8.394792079925537109e-01,-6.181570258212278762e-03,1.914769724186855537e-01,5.666410368346526116e-01,-1.764643727862029152e+02,1.034580307980574654e+00,3.928596123206092861e-01
8.395087718963623047e-01,-5.852487099564551883e-03,1.917372813187143699e-01,5.666457948435171810e-01,-1.764425693932590491e+02,9.905138394043997430e-01,3.914471686919026583e-01
8.395226001739501953e-01,-5.921563407132548508e-03,1.917368085568748604e-01,5.666470023908881659e-01,-1.764425455527438089e+02,1.012450822552031893e+00,3.928111772158203729e-01
8.395395278930664062e-01,-6.112327480607535404e-03,1.917372813271440712e-01,5.666480897653856097e-01,-1.764424192072566200e+02,1.012492661746127398e+00,3.914497130042786655e-01
8.395557403564453125e-01,-6.181570258212278762e-03,1.914769724186855537e-01,5.666410368346526116e-01,-1.764643727862029152e+02,1.034580307980574654e+00,3.928596123206092861e-01
8.395705223083496094e-01,-5.921563407132548508e-03,1.917368085568748604e-01,5.666470023908881659e-01,-1.764425455527438089e+02,1.012450822552031893e+00,3.928111772158203729e-01
8.398740291595458984e-01,-5.852487099564551883e-03,1.917372813187143699e-01,5.666457948435171810e-01,-1.764425693932590491e+02,9.905138394043997430e-01,3.914471686919026583e-01
8.576941490173339844e-01,-5.852650862135445539e-03,1.914774452322942910e-01,5.666375076222531781e-01,-1.764645472111183722e+02,9.906639846714301312e-01,3.915014079699741245e-01
8.760042190551757812e-01,-6.112494422608033204e-03,1.914774452407241867e-01,5.666398026075529781e-01,-1.764643970042994283e+02,1.012642806870994727e+00,3.915039530397559364e-01
8.962321281433105469e-01,-5.852487099564551883e-03,1.917372813187143699e-01,5.666457948435171810e-01,-1.764425693932590491e+02,9.905138394043997430e-01,3.914471686919026583e-01
9.099352359771728516e-01,-5.852487099564551883e-03,1.917372813187143699e-01,5.666457948435171810e-01,-1.764425693932590491e+02,9.905138394043997430e-01,3.914471686919026583e-01
9.228460788726806641e-01,-5.921563407132548508e-03,1.917368085568748604e-01,5.666470023908881659e-01,-1.764425455527438089e+02,1.012450822552031893e+00,3.928111772158203729e-01
9.424157142639160156e-01,-5.921563407132548508e-03,1.917368085568748604e-01,5.666470023908881659e-01,-1.764425455527438089e+02,1.012450822552031893e+00,3.928111772158203729e-01
9.630086421966552734e-01,-5.921727166120523481e-03,1.914769724101583193e-01,5.666387153509593322e-01,-1.764645235141432806e+02,1.012601489340532179e+00,3.928570004390180004e-01
9.818625450134277344e-01,-6.112327480607535404e-03,1.917372813271440712e-01,5.666480897653856097e-01,-1.764424192072566200e+02,1.012492661746127398e+00,3.914497130042786655e-01
9.979743957519531250e-01,-5.852487099564551883e-03,1.917372813187143699e-01,5.666457948435171810e-01,-1.764425693932590491e+02,9.905138394043997430e-01,3.914471686919026583e-01
1.013806104660034180e+00,-5.921563407132548508e-03,1.917368085568748604e-01,5.666470023908881659e-01,-1.764425455527438089e+02,1.012450822552031893e+00,3.928111772158203729e-01
1.033980607986450195e+00,-5.852487099564551883e-03,1.917372813187143699e-01,5.666457948435171810e-01,-1.764425693932590491e+02,9.905138394043997430e-01,3.914471686919026583e-01
1.053554773330688477e+00,-5.921727166120523481e-03,1.914769724101583193e-01,5.666387153509593322e-01,-1.764645235141432806e+02,1.012601489340532179e+00,3.928570004390180004e-01
1.068579673767089844e+00,-5.852487099564551883e-03,1.917372813187143699e-01,5.666457948435171810e-01,-1.764425693932590491e+02,9.905138394043997430e-01,3.914471686919026583e-01
1.088843584060668945e+00,-5.921563407132548508e-03,1.917368085568748604e-01,5.666470023908881659e-01,-1.764425455527438089e+02,1.012450822552031893e+00,3.928111772158203729e-01
1.107816696166992188e+00,-5.921563407132548508e-03,1.917368085568748604e-01,5.666470023908881659e-01,-1.764425455527438089e+02,1.012450822552031893e+00,3.928111772158203729e-01
1.128841876983642578e+00,-6.181403319864262058e-03,1.917368085654018728e-01,5.666493238111516284e-01,-1.764423948423913941e+02,1.034429641312595960e+00,3.928137883869699531e-01
1.146818399429321289e+00,-5.852487099564551883e-03,1.917372813187143699e-01,5.666457948435171810e-01,-1.764425693932590491e+02,9.905138394043997430e-01,3.914471686919026583e-01
1.166682720184326172e+00,-5.921563407132548508e-03,1.917368085568748604e-01,5.666470023908881659e-01,-1.764425455527438089e+02,1.012450822552031893e+00,3.928111772158203729e-01
1.183568000793457031e+00,-5.852487099564551883e-03,1.917372813187143699e-01,5.666457948435171810e-01,-1.764425693932590491e+02,9.905138394043997430e-01,3.914471686919026583e-01
1.201461315155029297e+00,-5.852487099564551883e-03,1.917372813187143699e-01,5.666457948435171810e-01,-1.764425693932590491e+02,9.905138394043997430e-01,3.914471686919026583e-01
1.219864368438720703e+00,-5.852487099564551883e-03,1.917372813187143699e-01,5.666457948435171810e-01,-1.764425693932590491e+02,9.905138394043997430e-01,3.914471686919026583e-01
1.238513946533203125e+00,-6.181403319864262058e-03,1.917368085654018728e-01,5.666493238111516284e-01,-1.764423948423913941e+02,1.034429641312595960e+00,3.928137883869699531e-01
1.258196830749511719e+00,-5.852487099564551883e-03,1.917372813187143699e-01,5.666457948435171810e-01,-1.764425693932590491e+02,9.905138394043997430e-01,3.914471686919026583e-01
1.278125524520874023e+00,-5.852487099564551883e-03,1.917372813187143699e-01,5.666457948435171810e-01,-1.764425693932590491e+02,9.905138394043997430e-01,3.914471686919026583e-01
1.297281026840209961e+00,-5.921563407132548508e-03,1.917368085568748604e-01,5.666470023908881659e-01,-1.764425455527438089e+02,1.012450822552031893e+00,3.928111772158203729e-01
1.316851854324340820e+00,-5.852487099564551883e-03,1.917372813187143699e-01,5.666457948435171810e-01,-1.764425693932590491e+02,9.905138394043997430e-01,3.914471686919026583e-01
1.332042932510375977e+00,-6.020077205946166785e-03,1.917394353362785742e-01,5.666461374669319317e-01,-1.764421357543334068e+02,1.012483857461206949e+00,3.919253878519695089e-01
1.352249383926391602e+00,-5.852487099564551883e-03,1.917372813187143699e-01,5.666457948435171810e-01,-1.764425693932590491e+02,9.905138394043997430e-01,3.914471686919026583e-01
1.371823072433471680e+00,-5.852650862135445539e-03,1.914774452322942910e-01,5.666375076222531781e-01,-1.764645472111183722e+02,9.906639846714301312e-01,3.915014079699741245e-01
1.387891292572021484e+00,-5.849782131935736193e-03,1.917342012705051668e-01,5.666456746391885790e-01,-1.764430003809447669e+02,9.909928954060530648e-01,3.694697748011481209e-01
1.408545732498168945e+00,-5.918753064968532845e-03,1.917387980587312579e-01,5.666470738610029922e-01,-1.764423147105571275e+02,1.012917013263699761e+00,3.708420785206669734e-01
1.428446054458618164e+00,-6.181403319864262058e-03,1.917368085654018728e-01,5.666493238111516284e-01,-1.764423948423913941e+02,1.034429641312595960e+00,3.928137883869699531e-01
1.447519779205322266e+00,-6.112327480607535404e-03,1.917372813271440712e-01,5.666480897653856097e-01,-1.764424192072566200e+02,1.012492661746127398e+00,3.914497130042786655e-01
1.460819244384765625e+00,-5.921563407132548508e-03,1.917368085568748604e-01,5.666470023908881659e-01,-1.764425455527438089e+02,1.012450822552031893e+00,3.928111772158203729e-01
1.479915857315063477e+00,-5.921563407132548508e-03,1.917368085568748604e-01,5.666470023908881659e-01,-1.764425455527438089e+02,1.012450822552031893e+00,3.928111772158203729e-01
1.499970674514770508e+00,-5.921563407132548508e-03,1.917368085568748604e-01,5.666470023908881659e-01,-1.764425455527438089e+02,1.012450822552031893e+00,3.928111772158203729e-01
1.519128799438476562e+00,-5.852487099564551883e-03,1.917372813187143699e-01,5.666457948435171810e-01,-1.764425693932590491e+02,9.905138394043997430e-01,3.914471686919026583e-01
1.539967536926269531e+00,-5.849676591032911682e-03,1.917392443342766373e-01,5.666458657515718311e-01,-1.764423385637181525e+02,9.909800356107862918e-01,3.694779814084659941e-01
1.558760881423950195e+00,-5.852487099564551883e-03,1.917372813187143699e-01,5.666457948435171810e-01,-1.764425693932590491e+02,9.905138394043997430e-01,3.914471686919026583e-01
1.578399181365966797e+00,-5.921563407132548508e-03,1.917368085568748604e-01,5.666470023908881659e-01,-1.764425455527438089e+02,1.012450822552031893e+00,3.928111772158203729e-01
1.592725038528442383e+00,-5.921563407132548508e-03,1.917368085568748604e-01,5.666470023908881659e-01,-1.764425455527438089e+02,1.012450822552031893e+00,3.928111772158203729e-01
1.611419677734375000e+00,-5.921563407132548508e-03,1.917368085568748604e-01,5.666470023908881659e-01,-1.764425455527438089e+02,1.012450822552031893e+00,3.928111772158203729e-01
1.632660388946533203e+00,-5.921727166120523481e-03,1.914769724101583193e-01,5.666387153509593322e-01,-1.764645235141432806e+02,1.012601489340532179e+00,3.928570004390180004e-01
1.644841432571411133e+00,-6.112327480607535404e-03,1.917372813271440712e-01,5.666480897653856097e-01,-1.764424192072566200e+02,1.012492661746127398e+00,3.914497130042786655e-01
1.666777133941650391e+00,-6.181403319864262058e-03,1.917368085654018728e-01,5.666493238111516284e-01,-1.764423948423913941e+02,1.034429641312595960e+00,3.928137883869699531e-01
1.684419393539428711e+00,-5.921563407132548508e-03,1.917368085568748604e-01,5.666470023908881659e-01,-1.764425455527438089e+02,1.012450822552031893e+00,3.928111772158203729e-01
1.704545021057128906e+00,-5.852650862135445539e-03,1.914774452322942910e-01,5.666375076222531781e-01,-1.764645472111183722e+02,9.906639846714301312e-01,3.915014079699741245e-01
1.723408222198486328e+00,-5.852650862135445539e-03,1.914774452322942910e-01,5.666375076222531781e-01,-1.764645472111183722e+02,9.906639846714301312e-01,3.915014079699741245e-01
1.742746114730834961e+00,-5.852487099564551883e-03,1.917372813187143699e-01,5.666457948435171810e-01,-1.764425693932590491e+02,9.905138394043997430e-01,3.914471686919026583e-01
1.759765148162841797e+00,-5.921727166120523481e-03,1.914769724101583193e-01,5.666387153509593322e-01,-1.764645235141432806e+02,1.012601489340532179e+00,3.928570004390180004e-01
1.778691053390502930e+00,-5.852487099564551883e-03,1.917372813187143699e-01,5.666457948435171810e-01,-1.764425693932590491e+02,9.905138394043997430e-01,3.914471686919026583e-01
1.799897670745849609e+00,-6.089153041464847975e-03,1.917389620009956885e-01,5.666473715020791113e-01,-1.764421113877391463e+02,1.034420830280127435e+00,3.932895717748801090e-01
1.818053722381591797e+00,-5.852884077626139062e-03,1.918062080783997092e-01,5.666500926359774315e-01,-1.764205880111587135e+02,9.904757975884308507e-01,3.920572821620873505e-01
1.837262630462646484e+00,-6.112327480607535404e-03,1.917372813271440712e-01,5.666480897653856097e-01,-1.764424192072566200e+02,1.012492661746127398e+00,3.914497130042786655e-01
1.851248741149902344e+00,-5.852487099564551883e-03,1.917372813187143699e-01,5.666457948435171810e-01,-1.764425693932590491e+02,9.905138394043997430e-01,3.914471686919026583e-01
1.870957851409912109e+00,-5.921563407132548508e-03,1.917368085568748604e-01,5.666470023908881659e-01,-1.764425455527438089e+02,1.012450822552031893e+00,3.928111772158203729e-01
1.891261577606201172e+00,-5.921563407132548508e-03,1.917368085568748604e-01,5.666470023908881659e-01,-1.764425455527438089e+02,1.012450822552031893e+00,3.928111772158203729e-01
1.906446456909179688e+00,-5.921563407132548508e-03,1.917368085568748604e-01,5.666470023908881659e-01,-1.764425455527438089e+02,1.012450822552031893e+00,3.928111772158203729e-01
1.925915241241455078e+00,-5.921563407132548508e-03,1.917368085568748604e-01,5.666470023908881659e-01,-1.764425455527438089e+02,1.012450822552031893e+00,3.928111772158203729e-01
1.945338010787963867e+00,-6.112327480607535404e-03,1.917372813271440712e-01,5.666480897653856097e-01,-1.764424192072566200e+02,1.012492661746127398e+00,3.914497130042786655e-01
1.964973926544189453e+00,-5.852487099564551883e-03,1.917372813187143699e-01,5.666457948435171810e-01,-1.764425693932590491e+02,9.905138394043997430e-01,3.914471686919026583e-01
1.980436325073242188e+00,-5.852487099564551883e-03,1.917372813187143699e-01,5.666457948435171810e-01,-1.764425693932590491e+02,9.905138394043997430e-01,3.914471686919026583e-01
1.999947309494018555e+00,-5.852487099564551883e-03,1.917372813187143699e-01,5.666457948435171810e-01,-1.764425693932590491e+02,9.905138394043997430e-01,3.914471686919026583e-01
2.014434814453125000e+00,-6.181570258212278762e-03,1.914769724186855537e-01,5.666410368346526116e-01,-1.764643727862029152e+02,1.034580307980574654e+00,3.928596123206092861e-01
2.033352136611938477e+00,-6.181403319864262058e-03,1.917368085654018728e-01,5.666493238111516284e-01,-1.764423948423913941e+02,1.034429641312595960e+00,3.928137883869699531e-01
2.046800613403320312e+00,-6.112327480607535404e-03,1.917372813271440712e-01,5.666480897653856097e-01,-1.764424192072566200e+02,1.012492661746127398e+00,3.914497130042786655e-01
2.063399314880371094e+00,-6.181570258212278762e-03,1.914769724186855537e-01,5.666410368346526116e-01,-1.764643727862029152e+02,1.034580307980574654e+00,3.928596123206092861e-01
2.082853078842163086e+00,-6.181403319864262058e-03,1.917368085654018728e-01,5.666493238111516284e-01,-1.764423948423913941e+02,1.034429641312595960e+00,3.928137883869699531e-01
2.102592229843139648e+00,-5.852487099564551883e-03,1.917372813187143699e-01,5.666457948435171810e-01,-1.764425693932590491e+02,9.905138394043997430e-01,3.914471686919026583e-01
2.122053146362304688e+00,-6.112327480607535404e-03,1.917372813271440712e-01,5.666480897653856097e-01,-1.764424192072566200e+02,1.012492661746127398e+00,3.914497130042786655e-01
2.142629861831665039e+00,-5.852650862135445539e-03,1.914774452322942910e-01,5.666375076222531781e-01,-1.764645472111183722e+02,9.906639846714301312e-01,3.915014079699741245e-01
2.156645298004150391e+00,-5.921727166120523481e-03,1.914769724101583193e-01,5.666387153509593322e-01,-1.764645235141432806e+02,1.012601489340532179e+00,3.928570004390180004e-01
2.177625894546508789e+00,-5.852487099564551883e-03,1.917372813187143699e-01,5.666457948435171810e-01,-1.764425693932590491e+02,9.905138394043997430e-01,3.914471686919026583e-01
2.195473432540893555e+00,-6.181966115694407723e-03,1.915459000779981547e-01,5.666453082971145694e-01,-1.764423910186993396e+02,1.034541976928349483e+00,3.934781619741404834e-01
2.215818166732788086e+00,-5.921563407132548508e-03,1.917368085568748604e-01,5.666470023908881659e-01,-1.764425455527438089e+02,1.012450822552031893e+00,3.928111772158203729e-01
2.235216379165649414e+00,-6.181570258212278762e-03,1.914769724186855537e-01,5.666410368346526116e-01,-1.764643727862029152e+02,1.034580307980574654e+00,3.928596123206092861e-01
2.254226207733154297e+00,-5.852487099564551883e-03,1.917372813187143699e-01,5.666457948435171810e-01,-1.764425693932590491e+02,9.905138394043997430e-01,3.914471686919026583e-01
2.277627229690551758e+00,-5.921563407132548508e-03,1.917368085568748604e-01,5.666470023908881659e-01,-1.764425455527438089e+02,1.012450822552031893e+00,3.928111772158203729e-01
2.293308973312377930e+00,-5.922124662253879304e-03,1.915459000694703651e-01,5.666429866612513466e-01,-1.764425419839523101e+02,1.012563159916540778e+00,3.934755459541554590e-01
2.313099145889282227e+00,-5.852487099564551883e-03,1.917372813187143699e-01,5.666457948435171810e-01,-1.764425693932590491e+02,9.905138394043997430e-01,3.914471686919026583e-01
2.337208747863769531e+00,-5.921563407132548508e-03,1.917368085568748604e-01,5.666470023908881659e-01,-1.764425455527438089e+02,1.012450822552031893e+00,3.928111772158203729e-01
2.353940248489379883e+00,-6.181798644867864470e-03,1.918057345844500217e-01,5.666536217093983696e-01,-1.764204130767822392e+02,1.034391073033980479e+00,3.934323232598932463e-01
2.371598720550537109e+00,-6.348992800267050027e-03,1.917389620097588732e-01,5.666497572116702131e-01,-1.764419604927875014e+02,1.056399647781680384e+00,3.932922440943229514e-01
2.385085821151733398e+00,-6.181403319864262058e-03,1.917368085654018728e-01,5.666493238111516284e-01,-1.764423948423913941e+02,1.034429641312595960e+00,3.928137883869699531e-01
2.405783176422119141e+00,-5.921960380928493160e-03,1.918057345759224264e-01,5.666513001371673575e-01,-1.764205640244415747e+02,1.012412255901421254e+00,3.934297079516885787e-01
2.418979167938232422e+00,-5.921563407132548508e-03,1.917368085568748604e-01,5.666470023908881659e-01,-1.764425455527438089e+02,1.012450822552031893e+00,3.928111772158203729e-01
2.438470602035522461e+00,-5.852487099564551883e-03,1.917372813187143699e-01,5.666457948435171810e-01,-1.764425693932590491e+02,9.905138394043997430e-01,3.914471686919026583e-01
2.459469556808471680e+00,-5.921563407132548508e-03,1.917368085568748604e-01,5.666470023908881659e-01,-1.764425455527438089e+02,1.012450822552031893e+00,3.928111772158203729e-01
2.476354360580444336e+00,-5.852487099564551883e-03,1.917372813187143699e-01,5.666457948435171810e-01,-1.764425693932590491e+02,9.905138394043997430e-01,3.914471686919026583e-01
2.496200799942016602e+00,-5.852487099564551883e-03,1.917372813187143699e-01,5.666457948435171810e-01,-1.764425693932590491e+02,9.905138394043997430e-01,3.914471686919026583e-01
2.515323162078857422e+00,-5.921563407132548508e-03,1.917368085568748604e-01,5.666470023908881659e-01,-1.764425455527438089e+02,1.012450822552031893e+00,3.928111772158203729e-01
2.529639959335327148e+00,-5.852487099564551883e-03,1.917372813187143699e-01,5.666457948435171810e-01,-1.764425693932590491e+02,9.905138394043997430e-01,3.914471686919026583e-01
2.549044132232666016e+00,-6.089153041464847975e-03,1.917389620009956885e-01,5.666473715020791113e-01,-1.764421113877391463e+02,1.034420830280127435e+00,3.932895717748801090e-01
2.568738698959350586e+00,-5.852487099564551883e-03,1.917372813187143699e-01,5.666457948435171810e-01,-1.764425693932590491e+02,9.905138394043997430e-01,3.914471686919026583e-01
2.584078788757324219e+00,-5.852487099564551883e-03,1.917372813187143699e-01,5.666457948435171810e-01,-1.764425693932590491e+02,9.905138394043997430e-01,3.914471686919026583e-01
2.599881410598754883e+00,-5.852487099564551883e-03,1.917372813187143699e-01,5.666457948435171810e-01,-1.764425693932590491e+02,9.905138394043997430e-01,3.914471686919026583e-01
2.619579792022705078e+00,-6.181570258212278762e-03,1.914769724186855537e-01,5.666410368346526116e-01,-1.764643727862029152e+02,1.034580307980574654e+00,3.928596123206092861e-01
2.638515710830688477e+00,-5.921563407132548508e-03,1.917368085568748604e-01,5.666470023908881659e-01,-1.764425455527438089e+02,1.012450822552031893e+00,3.928111772158203729e-01
2.659045934677124023e+00,-5.852650862135445539e-03,1.914774452322942910e-01,5.666375076222531781e-01,-1.764645472111183722e+02,9.906639846714301312e-01,3.915014079699741245e-01
2.678596019744873047e+00,-5.921563407132548508e-03,1.917368085568748604e-01,5.666470023908881659e-01,-1.764425455527438089e+02,1.012450822552031893e+00,3.928111772158203729e-01
2.700764656066894531e+00,-6.181403319864262058e-03,1.917368085654018728e-01,5.666493238111516284e-01,-1.764423948423913941e+02,1.034429641312595960e+00,3.928137883869699531e-01
2.720841884613037109e+00,-6.181403319864262058e-03,1.917368085654018728e-01,5.666493238111516284e-01,-1.764423948423913941e+02,1.034429641312595960e+00,3.928137883869699531e-01
2.738494157791137695e+00,-5.921563407132548508e-03,1.917368085568748604e-01,5.666470023908881659e-01,-1.764425455527438089e+02,1.012450822552031893e+00,3.928111772158203729e-01
2.759928226470947266e+00,-5.921563407132548508e-03,1.917368085568748604e-01,5.666470023908881659e-01,-1.764425455527438089e+02,1.012450822552031893e+00,3.928111772158203729e-01
2.778078079223632812e+00,-5.921727166120523481e-03,1.914769724101583193e-01,5.666387153509593322e-01,-1.764645235141432806e+02,1.012601489340532179e+00,3.928570004390180004e-01
2.791871070861816406e+00,-5.921563407132548508e-03,1.917368085568748604e-01,5.666470023908881659e-01,-1.764425455527438089e+02,1.012450822552031893e+00,3.928111772158203729e-01
2.811725854873657227e+00,-6.279917443220624576e-03,1.917394353449444477e-01,5.666484966783109645e-01,-1.764419853838260508e+02,1.034462678548753622e+00,3.919279930396806222e-01
2.826475381851196289e+00,-5.852487099564551883e-03,1.917372813187143699e-01,5.666457948435171810e-01,-1.764425693932590491e+02,9.905138394043997430e-01,3.914471686919026583e-01
2.845937252044677734e+00,-6.112327480607535404e-03,1.917372813271440712e-01,5.666480897653856097e-01,-1.764424192072566200e+02,1.012492661746127398e+00,3.914497130042786655e-01
2.864608764648437500e+00,-6.181403319864262058e-03,1.917368085654018728e-01,5.666493238111516284e-01,-1.764423948423913941e+02,1.034429641312595960e+00,3.928137883869699531e-01
2.886901140213012695e+00,-5.921563407132548508e-03,1.917368085568748604e-01,5.666470023908881659e-01,-1.764425455527438089e+02,1.012450822552031893e+00,3.928111772158203729e-01
2.903957605361938477e+00,-5.921563407132548508e-03,1.917368085568748604e-01,5.666470023908881659e-01,-1.764425455527438089e+02,1.012450822552031893e+00,3.928111772158203729e-01
2.923986434936523438e+00,-5.921727166120523481e-03,1.914769724101583193e-01,5.666387153509593322e-01,-1.764645235141432806e+02,1.012601489340532179e+00,3.928570004390180004e-01
2.944531440734863281e+00,-6.112327480607535404e-03,1.917372813271440712e-01,5.666480897653856097e-01,-1.764424192072566200e+02,1.012492661746127398e+00,3.914497130042786655e-01
2.965498685836791992e+00,-5.921563407132548508e-03,1.917368085568748604e-01,5.666470023908881659e-01,-1.764425455527438089e+02,1.012450822552031893e+00,3.928111772158203729e-01
2.983909606933593750e+00,-6.020240984836191384e-03,1.914795981110867518e-01,5.666378494197461535e-01,-1.764641137182827606e+02,1.012634184522329894e+00,3.919711984254455883e-01
3.003237724304199219e+00,-5.921563407132548508e-03,1.917368085568748604e-01,5.666470023908881659e-01,-1.764425455527438089e+02,1.012450822552031893e+00,3.928111772158203729e-01
3.022555112838745117e+00,-5.918753064968532845e-03,1.917387980587312579e-01,5.666470738610029922e-01,-1.764423147105571275e+02,1.012917013263699761e+00,3.708420785206669734e-01
3.038887739181518555e+00,-5.852487099564551883e-03,1.917372813187143699e-01,5.666457948435171810e-01,-1.764425693932590491e+02,9.905138394043997430e-01,3.914471686919026583e-01
3.057292222976684570e+00,-5.921563407132548508e-03,1.917368085568748604e-01,5.666470023908881659e-01,-1.764425455527438089e+02,1.012450822552031893e+00,3.928111772158203729e-01
3.079311609268188477e+00,-5.921563407132548508e-03,1.917368085568748604e-01,5.666470023908881659e-01,-1.764425455527438089e+02,1.012450822552031893e+00,3.928111772158203729e-01
3.097490310668945312e+00,-5.852487099564551883e-03,1.917372813187143699e-01,5.666457948435171810e-01,-1.764425693932590491e+02,9.905138394043997430e-01,3.914471686919026583e-01
3.118202686309814453e+00,-5.852487099564551883e-03,1.917372813187143699e-01,5.666457948435171810e-01,-1.764425693932590491e+02,9.905138394043997430e-01,3.914471686919026583e-01
3.139637470245361328e+00,-6.020240984836191384e-03,1.914795981110867518e-01,5.666378494197461535e-01,-1.764641137182827606e+02,1.012634184522329894e+00,3.919711984254455883e-01
3.154877424240112305e+00,-5.921563407132548508e-03,1.917368085568748604e-01,5.666470023908881659e-01,-1.764425455527438089e+02,1.012450822552031893e+00,3.928111772158203729e-01
3.170039415359497070e+00,-5.921960380928493160e-03,1.918057345759224264e-01,5.666513001371673575e-01,-1.764205640244415747e+02,1.012412255901421254e+00,3.934297079516885787e-01
3.184718132019042969e+00,-5.921563407132548508e-03,1.917368085568748604e-01,5.666470023908881659e-01,-1.764425455527438089e+02,1.012450822552031893e+00,3.928111772158203729e-01
3.199588775634765625e+00,-5.924269373702231722e-03,1.917398610630506872e-01,5.666471220179993828e-01,-1.764421147585089216e+02,1.011971592201827530e+00,4.147886757357737708e-01
3.217441082000732422e+00,-5.921563407132548508e-03,1.917368085568748604e-01,5.666470023908881659e-01,-1.764425455527438089e+02,1.012450822552031893e+00,3.928111772158203729e-01
3.238806962966918945e+00,-6.181403319864262058e-03,1.917368085654018728e-01,5.666493238111516284e-01,-1.764423948423913941e+02,1.034429641312595960e+00,3.928137883869699531e-01
3.257043600082397461e+00,-5.852487099564551883e-03,1.917372813187143699e-01,5.666457948435171810e-01,-1.764425693932590491e+02,9.905138394043997430e-01,3.914471686919026583e-01
3.277094364166259766e+00,-6.184109240340168040e-03,1.917398610715815299e-01,5.666494444762946170e-01,-1.764419556161888920e+02,1.033950351545066537e+00,4.147914361831497310e-01
3.291167259216308594e+00,-5.852487099564551883e-03,1.917372813187143699e-01,5.666457948435171810e-01,-1.764425693932590491e+02,9.905138394043997430e-01,3.914471686919026583e-01
3.309496164321899414e+00,-6.020077205946166785e-03,1.917394353362785742e-01,5.666461374669319317e-01,-1.764421357543334068e+02,1.012483857461206949e+00,3.919253878519695089e-01
3.324098348617553711e+00,-5.921563407132548508e-03,1.917368085568748604e-01,5.666470023908881659e-01,-1.764425455527438089e+02,1.012450822552031893e+00,3.928111772158203729e-01
3.337605714797973633e+00,-5.852487099564551883e-03,1.917372813187143699e-01,5.666457948435171810e-01,-1.764425693932590491e+02,9.905138394043997430e-01,3.914471686919026583e-01
3.359898328781127930e+00,-5.921563407132548508e-03,1.917368085568748604e-01,5.666470023908881659e-01,-1.764425455527438089e+02,1.012450822552031893e+00,3.928111772158203729e-01
3.377296209335327148e+00,-5.921563407132548508e-03,1.917368085568748604e-01,5.666470023908881659e-01,-1.764425455527438089e+02,1.012450822552031893e+00,3.928111772158203729e-01
3.397631406784057617e+00,-5.921563407132548508e-03,1.917368085568748604e-01,5.666470023908881659e-01,-1.764425455527438089e+02,1.012450822552031893e+00,3.928111772158203729e-01
3.416118144989013672e+00,-5.852487099564551883e-03,1.917372813187143699e-01,5.666457948435171810e-01,-1.764425693932590491e+02,9.905138394043997430e-01,3.914471686919026583e-01
3.435729503631591797e+00,-5.852650862135445539e-03,1.914774452322942910e-01,5.666375076222531781e-01,-1.764645472111183722e+02,9.906639846714301312e-01,3.915014079699741245e-01
3.455536842346191406e+00,-6.089153041464847975e-03,1.917389620009956885e-01,5.666473715020791113e-01,-1.764421113877391463e+02,1.034420830280127435e+00,3.932895717748801090e-01
3.473984003067016602e+00,-5.921563407132548508e-03,1.917368085568748604e-01,5.666470023908881659e-01,-1.764425455527438089e+02,1.012450822552031893e+00,3.928111772158203729e-01
3.493183135986328125e+00,-5.922124662253879304e-03,1.915459000694703651e-01,5.666429866612513466e-01,-1.764425419839523101e+02,1.012563159916540778e+00,3.934755459541554590e-01
3.511040925979614258e+00,-5.921563407132548508e-03,1.917368085568748604e-01,5.666470023908881659e-01,-1.764425455527438089e+02,1.012450822552031893e+00,3.928111772158203729e-01
3.531136512756347656e+00,-5.921563407132548508e-03,1.917368085568748604e-01,5.666470023908881659e-01,-1.764425455527438089e+02,1.012450822552031893e+00,3.928111772158203729e-01
3.551201581954956055e+00,-6.115033577187277761e-03,1.917403603295320114e-01,5.666482110083679302e-01,-1.764419799726445603e+02,1.012013382434598929e+00,4.134271928082370873e-01
3.563690185546875000e+00,-5.852487099564551883e-03,1.917372813187143699e-01,5.666457948435171810e-01,-1.764425693932590491e+02,9.905138394043997430e-01,3.914471686919026583e-01
3.584017753601074219e+00,-6.089548933188219590e-03,1.918078879955300020e-01,5.666516697412795622e-01,-1.764201296222285862e+02,1.034382258941985544e+00,3.939081064552413802e-01
3.602416992187500000e+00,-5.852487099564551883e-03,1.917372813187143699e-01,5.666457948435171810e-01,-1.764425693932590491e+02,9.905138394043997430e-01,3.914471686919026583e-01
3.622238874435424805e+00,-5.852487099564551883e-03,1.917372813187143699e-01,5.666457948435171810e-01,-1.764425693932590491e+02,9.905138394043997430e-01,3.914471686919026583e-01
3.642437458038330078e+00,-5.921563407132548508e-03,1.917368085568748604e-01,5.666470023908881659e-01,-1.764425455527438089e+02,1.012450822552031893e+00,3.928111772158203729e-01
3.661552190780639648e+00,-5.855357028363863611e-03,1.914805242600473301e-01,5.666376266462204159e-01,-1.764641163459874065e+02,9.901931935219554504e-01,4.134789249788998755e-01
3.683285951614379883e+00,-5.852487099564551883e-03,1.917372813187143699e-01,5.666457948435171810e-01,-1.764425693932590491e+02,9.905138394043997430e-01,3.914471686919026583e-01
3.701788187026977539e+00,-5.852487099564551883e-03,1.917372813187143699e-01,5.666457948435171810e-01,-1.764425693932590491e+02,9.905138394043997430e-01,3.914471686919026583e-01
3.721105337142944336e+00,-5.852487099564551883e-03,1.917372813187143699e-01,5.666457948435171810e-01,-1.764425693932590491e+02,9.905138394043997430e-01,3.914471686919026583e-01
3.741287708282470703e+00,-6.112327480607535404e-03,1.917372813271440712e-01,5.666480897653856097e-01,-1.764424192072566200e+02,1.012492661746127398e+00,3.914497130042786655e-01
3.760458707809448242e+00,-6.181403319864262058e-03,1.917368085654018728e-01,5.666493238111516284e-01,-1.764423948423913941e+02,1.034429641312595960e+00,3.928137883869699531e-01
3.780040025711059570e+00,-6.112327480607535404e-03,1.917372813271440712e-01,5.666480897653856097e-01,-1.764424192072566200e+02,1.012492661746127398e+00,3.914497130042786655e-01
3.798125743865966797e+00,-5.852487099564551883e-03,1.917372813187143699e-01,5.666457948435171810e-01,-1.764425693932590491e+02,9.905138394043997430e-01,3.914471686919026583e-01
3.812666654586791992e+00,-6.112327480607535404e-03,1.917372813271440712e-01,5.666480897653856097e-01,-1.764424192072566200e+02,1.012492661746127398e+00,3.914497130042786655e-01
3.832346916198730469e+00,-5.921563407132548508e-03,1.917368085568748604e-01,5.666470023908881659e-01,-1.764425455527438089e+02,1.012450822552031893e+00,3.928111772158203729e-01
3.851843833923339844e+00,-5.921563407132548508e-03,1.917368085568748604e-01,5.666470023908881659e-01,-1.764425455527438089e+02,1.012450822552031893e+00,3.928111772158203729e-01
3.865332126617431641e+00,-6.020077205946166785e-03,1.917394353362785742e-01,5.666461374669319317e-01,-1.764421357543334068e+02,1.012483857461206949e+00,3.919253878519695089e-01
3.880530834197998047e+00,-6.181403319864262058e-03,1.917368085654018728e-01,5.666493238111516284e-01,-1.764423948423913941e+02,1.034429641312595960e+00,3.928137883869699531e-01
3.898544549942016602e+00,-5.921563407132548508e-03,1.917368085568748604e-01,5.666470023908881659e-01,-1.764425455527438089e+02,1.012450822552031893e+00,3.928111772158203729e-01
3.917822837829589844e+00,-6.181403319864262058e-03,1.917368085654018728e-01,5.666493238111516284e-01,-1.764423948423913941e+02,1.034429641312595960e+00,3.928137883869699531e-01
3.935116529464721680e+00,-5.852487099564551883e-03,1.917372813187143699e-01,5.666457948435171810e-01,-1.764425693932590491e+02,9.905138394043997430e-01,3.914471686919026583e-01
3.947509527206420898e+00,-5.921563407132548508e-03,1.917368085568748604e-01,5.666470023908881659e-01,-1.764425455527438089e+02,1.012450822552031893e+00,3.928111772158203729e-01
3.969044446945190430e+00,-5.918753064968532845e-03,1.917387980587312579e-01,5.666470738610029922e-01,-1.764423147105571275e+02,1.012917013263699761e+00,3.708420785206669734e-01
3.981666803359985352e+00,-6.089316816767645704e-03,1.914791247256700801e-01,5.666390836364464390e-01,-1.764640894984524095e+02,1.034571678929940175e+00,3.933269661852887289e-01
4.002314567565917969e+00,-5.921563407132548508e-03,1.917368085568748604e-01,5.666470023908881659e-01,-1.764425455527438089e+02,1.012450822552031893e+00,3.928111772158203729e-01
4.020821094512939453e+00,-6.181403319864262058e-03,1.917368085654018728e-01,5.666493238111516284e-01,-1.764423948423913941e+02,1.034429641312595960e+00,3.928137883869699531e-01
4.040276288986206055e+00,-6.020240984836191384e-03,1.914795981110867518e-01,5.666378494197461535e-01,-1.764641137182827606e+02,1.012634184522329894e+00,3.919711984254455883e-01
4.061498165130615234e+00,-5.921563407132548508e-03,1.917368085568748604e-01,5.666470023908881659e-01,-1.764425455527438089e+02,1.012450822552031893e+00,3.928111772158203729e-01
4.079351663589477539e+00,-5.921563407132548508e-03,1.917368085568748604e-01,5.666470023908881659e-01,-1.764425455527438089e+02,1.012450822552031893e+00,3.928111772158203729e-01
4.094673633575439453e+00,-5.921563407132548508e-03,1.917368085568748604e-01,5.666470023908881659e-01,-1.764425455527438089e+02,1.012450822552031893e+00,3.928111772158203729e-01
4.113690137863159180e+00,-6.112327480607535404e-03,1.917372813271440712e-01,5.666480897653856097e-01,-1.764424192072566200e+02,1.012492661746127398e+00,3.914497130042786655e-01
4.132949352264404297e+00,-5.852650862135445539e-03,1.914774452322942910e-01,5.666375076222531781e-01,-1.764645472111183722e+02,9.906639846714301312e-01,3.915014079699741245e-01
4.152546644210815430e+00,-5.918753064968532845e-03,1.917387980587312579e-01,5.666470738610029922e-01,-1.764423147105571275e+02,1.012917013263699761e+00,3.708420785206669734e-01
4.171716928482055664e+00,-5.921960380928493160e-03,1.918057345759224264e-01,5.666513001371673575e-01,-1.764205640244415747e+02,1.012412255901421254e+00,3.934297079516885787e-01
4.191502332687377930e+00,-5.852487099564551883e-03,1.917372813187143699e-01,5.666457948435171810e-01,-1.764425693932590491e+02,9.905138394043997430e-01,3.914471686919026583e-01
4.204400062561035156e+00,-5.852487099564551883e-03,1.917372813187143699e-01,5.666457948435171810e-01,-1.764425693932590491e+02,9.905138394043997430e-01,3.914471686919026583e-01
4.225380182266235352e+00,-6.181403319864262058e-03,1.917368085654018728e-01,5.666493238111516284e-01,-1.764423948423913941e+02,1.034429641312595960e+00,3.928137883869699531e-01
4.243533849716186523e+00,-5.918753064968532845e-03,1.917387980587312579e-01,5.666470738610029922e-01,-1.764423147105571275e+02,1.012917013263699761e+00,3.708420785206669734e-01
4.263475894927978516e+00,-6.020240984836191384e-03,1.914795981110867518e-01,5.666378494197461535e-01,-1.764641137182827606e+02,1.012634184522329894e+00,3.919711984254455883e-01
4.275497674942016602e+00,-5.921563407132548508e-03,1.917368085568748604e-01,5.666470023908881659e-01,-1.764425455527438089e+02,1.012450822552031893e+00,3.928111772158203729e-01
4.295026540756225586e+00,-5.921563407132548508e-03,1.917368085568748604e-01,5.666470023908881659e-01,-1.764425455527438089e+02,1.012450822552031893e+00,3.928111772158203729e-01
4.308039903640747070e+00,-5.921563407132548508e-03,1.917368085568748604e-01,5.666470023908881659e-01,-1.764425455527438089e+02,1.012450822552031893e+00,3.928111772158203729e-01
4.324271202087402344e+00,-5.918753064968532845e-03,1.917387980587312579e-01,5.666470738610029922e-01,-1.764423147105571275e+02,1.012917013263699761e+00,3.708420785206669734e-01
4.342023134231567383e+00,-5.921563407132548508e-03,1.917368085568748604e-01,5.666470023908881659e-01,-1.764425455527438089e+02,1.012450822552031893e+00,3.928111772158203729e-01
4.361452341079711914e+00,-5.852487099564551883e-03,1.917372813187143699e-01,5.666457948435171810e-01,-1.764425693932590491e+02,9.905138394043997430e-01,3.914471686919026583e-01
4.381897449493408203e+00,-5.852487099564551883e-03,1.917372813187143699e-01,5.666457948435171810e-01,-1.764425693932590491e+02,9.905138394043997430e-01,3.914471686919026583e-01
4.399958848953247070e+00,-5.852487099564551883e-03,1.917372813187143699e-01,5.666457948435171810e-01,-1.764425693932590491e+02,9.905138394043997430e-01,3.914471686919026583e-01
4.414951324462890625e+00,-6.181570258212278762e-03,1.914769724186855537e-01,5.666410368346526116e-01,-1.764643727862029152e+02,1.034580307980574654e+00,3.928596123206092861e-01
4.431559562683105469e+00,-5.921727166120523481e-03,1.914769724101583193e-01,5.666387153509593322e-01,-1.764645235141432806e+02,1.012601489340532179e+00,3.928570004390180004e-01
4.445930957794189453e+00,-5.852884077626139062e-03,1.918062080783997092e-01,5.666500926359774315e-01,-1.764205880111587135e+02,9.904757975884308507e-01,3.920572821620873505e-01
4.461402654647827148e+00,-5.852487099564551883e-03,1.917372813187143699e-01,5.666457948435171810e-01,-1.764425693932590491e+02,9.905138394043997430e-01,3.914471686919026583e-01
4.484229326248168945e+00,-6.181403319864262058e-03,1.917368085654018728e-01,5.666493238111516284e-01,-1.764423948423913941e+02,1.034429641312595960e+00,3.928137883869699531e-01
4.500570535659790039e+00,-5.921960380928493160e-03,1.918057345759224264e-01,5.666513001371673575e-01,-1.764205640244415747e+02,1.012412255901421254e+00,3.934297079516885787e-01
4.520706176757812500e+00,-6.279917443220624576e-03,1.917394353449444477e-01,5.666484966783109645e-01,-1.764419853838260508e+02,1.034462678548753622e+00,3.919279930396806222e-01
4.539647579193115234e+00,-6.181403319864262058e-03,1.917368085654018728e-01,5.666493238111516284e-01,-1.764423948423913941e+02,1.034429641312595960e+00,3.928137883869699531e-01
4.559492349624633789e+00,-5.921563407132548508e-03,1.917368085568748604e-01,5.666470023908881659e-01,-1.764425455527438089e+02,1.012450822552031893e+00,3.928111772158203729e-01
4.579126596450805664e+00,-6.112327480607535404e-03,1.917372813271440712e-01,5.666480897653856097e-01,-1.764424192072566200e+02,1.012492661746127398e+00,3.914497130042786655e-01
4.592414140701293945e+00,-6.181798644867864470e-03,1.918057345844500217e-01,5.666536217093983696e-01,-1.764204130767822392e+02,1.034391073033980479e+00,3.934323232598932463e-01
4.613442659378051758e+00,-5.921563407132548508e-03,1.917368085568748604e-01,5.666470023908881659e-01,-1.764425455527438089e+02,1.012450822552031893e+00,3.928111772158203729e-01
4.631463050842285156e+00,-5.852650862135445539e-03,1.914774452322942910e-01,5.666375076222531781e-01,-1.764645472111183722e+02,9.906639846714301312e-01,3.915014079699741245e-01
4.646451234817504883e+00,-6.181403319864262058e-03,1.917368085654018728e-01,5.666493238111516284e-01,-1.764423948423913941e+02,1.034429641312595960e+00,3.928137883869699531e-01
4.664813280105590820e+00,-6.181403319864262058e-03,1.917368085654018728e-01,5.666493238111516284e-01,-1.764423948423913941e+02,1.034429641312595960e+00,3.928137883869699531e-01
4.684643745422363281e+00,-6.181403319864262058e-03,1.917368085654018728e-01,5.666493238111516284e-01,-1.764423948423913941e+02,1.034429641312595960e+00,3.928137883869699531e-01
4.704473018646240234e+00,-5.921563407132548508e-03,1.917368085568748604e-01,5.666470023908881659e-01,-1.764425455527438089e+02,1.012450822552031893e+00,3.928111772158203729e-01
4.723926782608032227e+00,-5.921563407132548508e-03,1.917368085568748604e-01,5.666470023908881659e-01,-1.764425455527438089e+02,1.012450822552031893e+00,3.928111772158203729e-01
4.742892503738403320e+00,-6.181403319864262058e-03,1.917368085654018728e-01,5.666493238111516284e-01,-1.764423948423913941e+02,1.034429641312595960e+00,3.928137883869699531e-01
4.762328147888183594e+00,-5.918753064968532845e-03,1.917387980587312579e-01,5.666470738610029922e-01,-1.764423147105571275e+02,1.012917013263699761e+00,3.708420785206669734e-01
4.782400131225585938e+00,-5.852487099564551883e-03,1.917372813187143699e-01,5.666457948435171810e-01,-1.764425693932590491e+02,9.905138394043997430e-01,3.914471686919026583e-01
4.796654462814331055e+00,-5.921563407132548508e-03,1.917368085568748604e-01,5.666470023908881659e-01,-1.764425455527438089e+02,1.012450822552031893e+00,3.928111772158203729e-01
4.809611082077026367e+00,-6.112327480607535404e-03,1.917372813271440712e-01,5.666480897653856097e-01,-1.764424192072566200e+02,1.012492661746127398e+00,3.914497130042786655e-01
4.830870866775512695e+00,-6.181403319864262058e-03,1.917368085654018728e-01,5.666493238111516284e-01,-1.764423948423913941e+02,1.034429641312595960e+00,3.928137883869699531e-01
4.850024223327636719e+00,-6.181403319864262058e-03,1.917368085654018728e-01,5.666493238111516284e-01,-1.764423948423913941e+02,1.034429641312595960e+00,3.928137883869699531e-01
4.869723558425903320e+00,-6.181570258212278762e-03,1.914769724186855537e-01,5.666410368346526116e-01,-1.764643727862029152e+02,1.034580307980574654e+00,3.928596123206092861e-01
4.889337062835693359e+00,-5.852487099564551883e-03,1.917372813187143699e-01,5.666457948435171810e-01,-1.764425693932590491e+02,9.905138394043997430e-01,3.914471686919026583e-01
4.907220840454101562e+00,-6.181403319864262058e-03,1.917368085654018728e-01,5.666493238111516284e-01,-1.764423948423913941e+02,1.034429641312595960e+00,3.928137883869699531e-01
4.925451040267944336e+00,-6.181570258212278762e-03,1.914769724186855537e-01,5.666410368346526116e-01,-1.764643727862029152e+02,1.034580307980574654e+00,3.928596123206092861e-01
4.942928314208984375e+00,-6.112327480607535404e-03,1.917372813271440712e-01,5.666480897653856097e-01,-1.764424192072566200e+02,1.012492661746127398e+00,3.914497130042786655e-01
4.962516069412231445e+00,-6.181403319864262058e-03,1.917368085654018728e-01,5.666493238111516284e-01,-1.764423948423913941e+02,1.034429641312595960e+00,3.928137883869699531e-01
4.981238126754760742e+00,-6.181403319864262058e-03,1.917368085654018728e-01,5.666493238111516284e-01,-1.764423948423913941e+02,1.034429641312595960e+00,3.928137883869699531e-01
5.000963687896728516e+00,-6.181403319864262058e-03,1.917368085654018728e-01,5.666493238111516284e-01,-1.764423948423913941e+02,1.034429641312595960e+00,3.928137883869699531e-01
5.020680189132690430e+00,-5.852487099564551883e-03,1.917372813187143699e-01,5.666457948435171810e-01,-1.764425693932590491e+02,9.905138394043997430e-01,3.914471686919026583e-01
5.039922475814819336e+00,-6.181570258212278762e-03,1.914769724186855537e-01,5.666410368346526116e-01,-1.764643727862029152e+02,1.034580307980574654e+00,3.928596123206092861e-01
5.059512615203857422e+00,-6.112327480607535404e-03,1.917372813271440712e-01,5.666480897653856097e-01,-1.764424192072566200e+02,1.012492661746127398e+00,3.914497130042786655e-01
5.078644514083862305e+00,-6.112327480607535404e-03,1.917372813271440712e-01,5.666480897653856097e-01,-1.764424192072566200e+02,1.012492661746127398e+00,3.914497130042786655e-01
5.100490570068359375e+00,-5.852650862135445539e-03,1.914774452322942910e-01,5.666375076222531781e-01,-1.764645472111183722e+02,9.906639846714301312e-01,3.915014079699741245e-01
5.113164186477661133e+00,-5.852650862135445539e-03,1.914774452322942910e-01,5.666375076222531781e-01,-1.764645472111183722e+02,9.906639846714301312e-01,3.915014079699741245e-01
5.133139610290527344e+00,-6.181403319864262058e-03,1.917368085654018728e-01,5.666493238111516284e-01,-1.764423948423913941e+02,1.034429641312595960e+00,3.928137883869699531e-01
5.154258728027343750e+00,-6.112327480607535404e-03,1.917372813271440712e-01,5.666480897653856097e-01,-1.764424192072566200e+02,1.012492661746127398e+00,3.914497130042786655e-01
5.172796487808227539e+00,-6.112327480607535404e-03,1.917372813271440712e-01,5.666480897653856097e-01,-1.764424192072566200e+02,1.012492661746127398e+00,3.914497130042786655e-01
5.187281608581542969e+00,-6.112494422608033204e-03,1.914774452407241867e-01,5.666398026075529781e-01,-1.764643970042994283e+02,1.012642806870994727e+00,3.915039530397559364e-01
5.200317859649658203e+00,-5.921563407132548508e-03,1.917368085568748604e-01,5.666470023908881659e-01,-1.764425455527438089e+02,1.012450822552031893e+00,3.928111772158203729e-01
5.217979669570922852e+00,-5.921727166120523481e-03,1.914769724101583193e-01,5.666387153509593322e-01,-1.764645235141432806e+02,1.012601489340532179e+00,3.928570004390180004e-01
5.237137794494628906e+00,-6.112327480607535404e-03,1.917372813271440712e-01,5.666480897653856097e-01,-1.764424192072566200e+02,1.012492661746127398e+00,3.914497130042786655e-01
5.252131938934326172e+00,-6.112327480607535404e-03,1.917372813271440712e-01,5.666480897653856097e-01,-1.764424192072566200e+02,1.012492661746127398e+00,3.914497130042786655e-01
5.270767211914062500e+00,-6.112327480607535404e-03,1.917372813271440712e-01,5.666480897653856097e-01,-1.764424192072566200e+02,1.012492661746127398e+00,3.914497130042786655e-01
5.284580469131469727e+00,-5.852487099564551883e-03,1.917372813187143699e-01,5.666457948435171810e-01,-1.764425693932590491e+02,9.905138394043997430e-01,3.914471686919026583e-01
5.303866624832153320e+00,-6.181403319864262058e-03,1.917368085654018728e-01,5.666493238111516284e-01,-1.764423948423913941e+02,1.034429641312595960e+00,3.928137883869699531e-01
5.324597120285034180e+00,-6.112327480607535404e-03,1.917372813271440712e-01,5.666480897653856097e-01,-1.764424192072566200e+02,1.012492661746127398e+00,3.914497130042786655e-01
5.338925123214721680e+00,-6.112327480607535404e-03,1.917372813271440712e-01,5.666480897653856097e-01,-1.764424192072566200e+02,1.012492661746127398e+00,3.914497130042786655e-01
5.360014200210571289e+00,-6.181570258212278762e-03,1.914769724186855537e-01,5.666410368346526116e-01,-1.764643727862029152e+02,1.034580307980574654e+00,3.928596123206092861e-01
5.378551959991455078e+00,-6.181403319864262058e-03,1.917368085654018728e-01,5.666493238111516284e-01,-1.764423948423913941e+02,1.034429641312595960e+00,3.928137883869699531e-01
5.396396398544311523e+00,-6.181403319864262058e-03,1.917368085654018728e-01,5.666493238111516284e-01,-1.764423948423913941e+02,1.034429641312595960e+00,3.928137883869699531e-01
5.416688680648803711e+00,-6.112327480607535404e-03,1.917372813271440712e-01,5.666480897653856097e-01,-1.764424192072566200e+02,1.012492661746127398e+00,3.914497130042786655e-01
5.435738325119018555e+00,-5.852487099564551883e-03,1.917372813187143699e-01,5.666457948435171810e-01,-1.764425693932590491e+02,9.905138394043997430e-01,3.914471686919026583e-01
5.454738616943359375e+00,-6.112327480607535404e-03,1.917372813271440712e-01,5.666480897653856097e-01,-1.764424192072566200e+02,1.012492661746127398e+00,3.914497130042786655e-01
5.474874973297119141e+00,-6.112327480607535404e-03,1.917372813271440712e-01,5.666480897653856097e-01,-1.764424192072566200e+02,1.012492661746127398e+00,3.914497130042786655e-01
5.489869356155395508e+00,-6.181403319864262058e-03,1.917368085654018728e-01,5.666493238111516284e-01,-1.764423948423913941e+02,1.034429641312595960e+00,3.928137883869699531e-01
5.509349346160888672e+00,-6.181403319864262058e-03,1.917368085654018728e-01,5.666493238111516284e-01,-1.764423948423913941e+02,1.034429641312595960e+00,3.928137883869699531e-01
5.527181148529052734e+00,-6.089153041464847975e-03,1.917389620009956885e-01,5.666473715020791113e-01,-1.764421113877391463e+02,1.034420830280127435e+00,3.932895717748801090e-01
5.546604394912719727e+00,-6.181403319864262058e-03,1.917368085654018728e-01,5.666493238111516284e-01,-1.764423948423913941e+02,1.034429641312595960e+00,3.928137883869699531e-01
5.560194015502929688e+00,-6.181403319864262058e-03,1.917368085654018728e-01,5.666493238111516284e-01,-1.764423948423913941e+02,1.034429641312595960e+00,3.928137883869699531e-01
5.580074787139892578e+00,-6.112327480607535404e-03,1.917372813271440712e-01,5.666480897653856097e-01,-1.764424192072566200e+02,1.012492661746127398e+00,3.914497130042786655e-01
5.599243640899658203e+00,-6.112327480607535404e-03,1.917372813271440712e-01,5.666480897653856097e-01,-1.764424192072566200e+02,1.012492661746127398e+00,3.914497130042786655e-01
5.619482755661010742e+00,-5.921563407132548508e-03,1.917368085568748604e-01,5.666470023908881659e-01,-1.764425455527438089e+02,1.012450822552031893e+00,3.928111772158203729e-01
5.638002395629882812e+00,-6.112327480607535404e-03,1.917372813271440712e-01,5.666480897653856097e-01,-1.764424192072566200e+02,1.012492661746127398e+00,3.914497130042786655e-01
5.657001018524169922e+00,-6.112327480607535404e-03,1.917372813271440712e-01,5.666480897653856097e-01,-1.764424192072566200e+02,1.012492661746127398e+00,3.914497130042786655e-01
5.676112413406372070e+00,-6.112494422608033204e-03,1.914774452407241867e-01,5.666398026075529781e-01,-1.764643970042994283e+02,1.012642806870994727e+00,3.915039530397559364e-01
5.697222709655761719e+00,-5.921563407132548508e-03,1.917368085568748604e-01,5.666470023908881659e-01,-1.764425455527438089e+02,1.012450822552031893e+00,3.928111772158203729e-01
5.709038019180297852e+00,-6.112327480607535404e-03,1.917372813271440712e-01,5.666480897653856097e-01,-1.764424192072566200e+02,1.012492661746127398e+00,3.914497130042786655e-01
5.729107856750488281e+00,-5.921563407132548508e-03,1.917368085568748604e-01,5.666470023908881659e-01,-1.764425455527438089e+02,1.012450822552031893e+00,3.928111772158203729e-01
5.742033243179321289e+00,-6.181403319864262058e-03,1.917368085654018728e-01,5.666493238111516284e-01,-1.764423948423913941e+02,1.034429641312595960e+00,3.928137883869699531e-01
5.762188673019409180e+00,-6.279917443220624576e-03,1.917394353449444477e-01,5.666484966783109645e-01,-1.764419853838260508e+02,1.034462678548753622e+00,3.919279930396806222e-01
5.780712604522705078e+00,-6.112327480607535404e-03,1.917372813271440712e-01,5.666480897653856097e-01,-1.764424192072566200e+02,1.012492661746127398e+00,3.914497130042786655e-01
5.800872087478637695e+00,-6.020240984836191384e-03,1.914795981110867518e-01,5.666378494197461535e-01,-1.764641137182827606e+02,1.012634184522329894e+00,3.919711984254455883e-01
5.813587427139282227e+00,-5.921563407132548508e-03,1.917368085568748604e-01,5.666470023908881659e-01,-1.764425455527438089e+02,1.012450822552031893e+00,3.928111772158203729e-01
5.833271265029907227e+00,-6.112327480607535404e-03,1.917372813271440712e-01,5.666480897653856097e-01,-1.764424192072566200e+02,1.012492661746127398e+00,3.914497130042786655e-01
5.847615480422973633e+00,-5.921727166120523481e-03,1.914769724101583193e-01,5.666387153509593322e-01,-1.764645235141432806e+02,1.012601489340532179e+00,3.928570004390180004e-01
5.862320423126220703e+00,-6.112327480607535404e-03,1.917372813271440712e-01,5.666480897653856097e-01,-1.764424192072566200e+02,1.012492661746127398e+00,3.914497130042786655e-01
5.882405996322631836e+00,-6.112494422608033204e-03,1.914774452407241867e-01,5.666398026075529781e-01,-1.764643970042994283e+02,1.012642806870994727e+00,3.915039530397559364e-01
5.901916742324829102e+00,-5.852487099564551883e-03,1.917372813187143699e-01,5.666457948435171810e-01,-1.764425693932590491e+02,9.905138394043997430e-01,3.914471686919026583e-01
5.922357797622680664e+00,-6.181403319864262058e-03,1.917368085654018728e-01,5.666493238111516284e-01,-1.764423948423913941e+02,1.034429641312595960e+00,3.928137883869699531e-01
5.940608501434326172e+00,-5.921960380928493160e-03,1.918057345759224264e-01,5.666513001371673575e-01,-1.764205640244415747e+02,1.012412255901421254e+00,3.934297079516885787e-01
5.960352420806884766e+00,-6.279917443220624576e-03,1.917394353449444477e-01,5.666484966783109645e-01,-1.764419853838260508e+02,1.034462678548753622e+00,3.919279930396806222e-01
5.979818344116210938e+00,-6.348992800267050027e-03,1.917389620097588732e-01,5.666497572116702131e-01,-1.764419604927875014e+02,1.056399647781680384e+00,3.932922440943229514e-01
6.001058340072631836e+00,-6.178592950487435398e-03,1.917387980672543568e-01,5.666493942031806119e-01,-1.764421724289748852e+02,1.034895888186893265e+00,3.708445402993095219e-01
6.019355535507202148e+00,-5.921563407132548508e-03,1.917368085568748604e-01,5.666470023908881659e-01,-1.764425455527438089e+02,1.012450822552031893e+00,3.928111772158203729e-01
6.031953096389770508e+00,-6.181403319864262058e-03,1.917368085654018728e-01,5.666493238111516284e-01,-1.764423948423913941e+02,1.034429641312595960e+00,3.928137883869699531e-01
6.046531438827514648e+00,-6.181570258212278762e-03,1.914769724186855537e-01,5.666410368346526116e-01,-1.764643727862029152e+02,1.034580307980574654e+00,3.928596123206092861e-01
6.065471172332763672e+00,-5.921563407132548508e-03,1.917368085568748604e-01,5.666470023908881659e-01,-1.764425455527438089e+02,1.012450822552031893e+00,3.928111772158203729e-01
6.084840774536132812e+00,-6.020077205946166785e-03,1.917394353362785742e-01,5.666461374669319317e-01,-1.764421357543334068e+02,1.012483857461206949e+00,3.919253878519695089e-01
6.104359865188598633e+00,-6.181403319864262058e-03,1.917368085654018728e-01,5.666493238111516284e-01,-1.764423948423913941e+02,1.034429641312595960e+00,3.928137883869699531e-01
6.125011682510375977e+00,-6.181403319864262058e-03,1.917368085654018728e-01,5.666493238111516284e-01,-1.764423948423913941e+02,1.034429641312595960e+00,3.928137883869699531e-01
6.140498876571655273e+00,-6.181403319864262058e-03,1.917368085654018728e-01,5.666493238111516284e-01,-1.764423948423913941e+02,1.034429641312595960e+00,3.928137883869699531e-01
6.159472465515136719e+00,-6.109516945078746764e-03,1.917392443427023974e-01,5.666481595952906902e-01,-1.764421968064640964e+02,1.012958913914726367e+00,3.694803795511125144e-01
6.178786039352416992e+00,-6.181570258212278762e-03,1.914769724186855537e-01,5.666410368346526116e-01,-1.764643727862029152e+02,1.034580307980574654e+00,3.928596123206092861e-01
6.191974639892578125e+00,-6.181403319864262058e-03,1.917368085654018728e-01,5.666493238111516284e-01,-1.764423948423913941e+02,1.034429641312595960e+00,3.928137883869699531e-01
6.212429046630859375e+00,-5.921563407132548508e-03,1.917368085568748604e-01,5.666470023908881659e-01,-1.764425455527438089e+02,1.012450822552031893e+00,3.928111772158203729e-01
6.225042581558227539e+00,-6.349159755246646525e-03,1.914791247344334868e-01,5.666414694094732418e-01,-1.764639385891464087e+02,1.056550496333021893e+00,3.933296391638732015e-01
6.243604183197021484e+00,-6.181403319864262058e-03,1.917368085654018728e-01,5.666493238111516284e-01,-1.764423948423913941e+02,1.034429641312595960e+00,3.928137883869699531e-01
6.262519121170043945e+00,-6.112327480607535404e-03,1.917372813271440712e-01,5.666480897653856097e-01,-1.764424192072566200e+02,1.012492661746127398e+00,3.914497130042786655e-01
6.281931877136230469e+00,-5.921563407132548508e-03,1.917368085568748604e-01,5.666470023908881659e-01,-1.764425455527438089e+02,1.012450822552031893e+00,3.928111772158203729e-01
6.297899723052978516e+00,-6.112327480607535404e-03,1.917372813271440712e-01,5.666480897653856097e-01,-1.764424192072566200e+02,1.012492661746127398e+00,3.914497130042786655e-01
6.317412137985229492e+00,-5.921727166120523481e-03,1.914769724101583193e-01,5.666387153509593322e-01,-1.764645235141432806e+02,1.012601489340532179e+00,3.928570004390180004e-01
6.331114530563354492e+00,-6.181403319864262058e-03,1.917368085654018728e-01,5.666493238111516284e-01,-1.764423948423913941e+02,1.034429641312595960e+00,3.928137883869699531e-01
6.348202228546142578e+00,-5.852487099564551883e-03,1.917372813187143699e-01,5.666457948435171810e-01,-1.764425693932590491e+02,9.905138394043997430e-01,3.914471686919026583e-01
6.365198373794555664e+00,-6.181403319864262058e-03,1.917368085654018728e-01,5.666493238111516284e-01,-1.764423948423913941e+02,1.034429641312595960e+00,3.928137883869699531e-01
6.384554624557495117e+00,-6.112327480607535404e-03,1.917372813271440712e-01,5.666480897653856097e-01,-1.764424192072566200e+02,1.012492661746127398e+00,3.914497130042786655e-01
6.405062913894653320e+00,-6.181403319864262058e-03,1.917368085654018728e-01,5.666493238111516284e-01,-1.764423948423913941e+02,1.034429641312595960e+00,3.928137883869699531e-01
6.423924207687377930e+00,-6.112327480607535404e-03,1.917372813271440712e-01,5.666480897653856097e-01,-1.764424192072566200e+02,1.012492661746127398e+00,3.914497130042786655e-01
6.442926168441772461e+00,-6.112327480607535404e-03,1.917372813271440712e-01,5.666480897653856097e-01,-1.764424192072566200e+02,1.012492661746127398e+00,3.914497130042786655e-01
6.462597608566284180e+00,-6.181403319864262058e-03,1.917368085654018728e-01,5.666493238111516284e-01,-1.764423948423913941e+02,1.034429641312595960e+00,3.928137883869699531e-01
6.481803894042968750e+00,-6.181403319864262058e-03,1.917368085654018728e-01,5.666493238111516284e-01,-1.764423948423913941e+02,1.034429641312595960e+00,3.928137883869699531e-01
6.503313779830932617e+00,-6.112327480607535404e-03,1.917372813271440712e-01,5.666480897653856097e-01,-1.764424192072566200e+02,1.012492661746127398e+00,3.914497130042786655e-01
6.522955656051635742e+00,-5.921727166120523481e-03,1.914769724101583193e-01,5.666387153509593322e-01,-1.764645235141432806e+02,1.012601489340532179e+00,3.928570004390180004e-01
6.541723012924194336e+00,-6.181403319864262058e-03,1.917368085654018728e-01,5.666493238111516284e-01,-1.764423948423913941e+02,1.034429641312595960e+00,3.928137883869699531e-01
6.558001279830932617e+00,-6.112327480607535404e-03,1.917372813271440712e-01,5.666480897653856097e-01,-1.764424192072566200e+02,1.012492661746127398e+00,3.914497130042786655e-01
6.576001405715942383e+00,-5.852487099564551883e-03,1.917372813187143699e-01,5.666457948435171810e-01,-1.764425693932590491e+02,9.905138394043997430e-01,3.914471686919026583e-01
6.595444679260253906e+00,-6.181403319864262058e-03,1.917368085654018728e-01,5.666493238111516284e-01,-1.764423948423913941e+02,1.034429641312595960e+00,3.928137883869699531e-01
6.614127159118652344e+00,-6.112494422608033204e-03,1.914774452407241867e-01,5.666398026075529781e-01,-1.764643970042994283e+02,1.012642806870994727e+00,3.915039530397559364e-01
6.634217262268066406e+00,-6.181403319864262058e-03,1.917368085654018728e-01,5.666493238111516284e-01,-1.764423948423913941e+02,1.034429641312595960e+00,3.928137883869699531e-01
6.653929710388183594e+00,-5.849840368479993294e-03,1.914794082962064103e-01,5.666375777774095290e-01,-1.764643164406064102e+02,9.911217550352027228e-01,3.695320424820641714e-01
6.672143936157226562e+00,-5.921563407132548508e-03,1.917368085568748604e-01,5.666470023908881659e-01,-1.764425455527438089e+02,1.012450822552031893e+00,3.928111772158203729e-01
6.686205387115478516e+00,-5.852487099564551883e-03,1.917372813187143699e-01,5.666457948435171810e-01,-1.764425693932590491e+02,9.905138394043997430e-01,3.914471686919026583e-01
6.704569339752197266e+00,-5.921563407132548508e-03,1.917368085568748604e-01,5.666470023908881659e-01,-1.764425455527438089e+02,1.012450822552031893e+00,3.928111772158203729e-01
6.724894523620605469e+00,-5.921563407132548508e-03,1.917368085568748604e-01,5.666470023908881659e-01,-1.764425455527438089e+02,1.012450822552031893e+00,3.928111772158203729e-01
6.743618726730346680e+00,-6.112327480607535404e-03,1.917372813271440712e-01,5.666480897653856097e-01,-1.764424192072566200e+02,1.012492661746127398e+00,3.914497130042786655e-01
6.763477325439453125e+00,-6.181403319864262058e-03,1.917368085654018728e-01,5.666493238111516284e-01,-1.764423948423913941e+02,1.034429641312595960e+00,3.928137883869699531e-01
6.783647060394287109e+00,-5.852487099564551883e-03,1.917372813187143699e-01,5.666457948435171810e-01,-1.764425693932590491e+02,9.905138394043997430e-01,3.914471686919026583e-01
6.802216529846191406e+00,-6.112494422608033204e-03,1.914774452407241867e-01,5.666398026075529781e-01,-1.764643970042994283e+02,1.012642806870994727e+00,3.915039530397559364e-01
6.822350263595581055e+00,-5.921727166120523481e-03,1.914769724101583193e-01,5.666387153509593322e-01,-1.764645235141432806e+02,1.012601489340532179e+00,3.928570004390180004e-01
6.845817565917968750e+00,-6.181403319864262058e-03,1.917368085654018728e-01,5.666493238111516284e-01,-1.764423948423913941e+02,1.034429641312595960e+00,3.928137883869699531e-01
6.861857175827026367e+00,-6.181403319864262058e-03,1.917368085654018728e-01,5.666493238111516284e-01,-1.764423948423913941e+02,1.034429641312595960e+00,3.928137883869699531e-01
6.885275363922119141e+00,-5.852487099564551883e-03,1.917372813187143699e-01,5.666457948435171810e-01,-1.764425693932590491e+02,9.905138394043997430e-01,3.914471686919026583e-01
6.895731449127197266e+00,-6.181403319864262058e-03,1.917368085654018728e-01,5.666493238111516284e-01,-1.764423948423913941e+02,1.034429641312595960e+00,3.928137883869699531e-01
6.915015459060668945e+00,-6.020077205946166785e-03,1.917394353362785742e-01,5.666461374669319317e-01,-1.764421357543334068e+02,1.012483857461206949e+00,3.919253878519695089e-01
6.934445619583129883e+00,-5.852487099564551883e-03,1.917372813187143699e-01,5.666457948435171810e-01,-1.764425693932590491e+02,9.905138394043997430e-01,3.914471686919026583e-01
6.948996067047119141e+00,-6.112327480607535404e-03,1.917372813271440712e-01,5.666480897653856097e-01,-1.764424192072566200e+02,1.012492661746127398e+00,3.914497130042786655e-01
6.967581510543823242e+00,-6.178592950487435398e-03,1.917387980672543568e-01,5.666493942031806119e-01,-1.764421724289748852e+02,1.034895888186893265e+00,3.708445402993095219e-01
6.988530158996582031e+00,-6.181403319864262058e-03,1.917368085654018728e-01,5.666493238111516284e-01,-1.764423948423913941e+02,1.034429641312595960e+00,3.928137883869699531e-01
7.007935523986816406e+00,-6.181403319864262058e-03,1.917368085654018728e-01,5.666493238111516284e-01,-1.764423948423913941e+02,1.034429641312595960e+00,3.928137883869699531e-01
7.027798175811767578e+00,-5.921563407132548508e-03,1.917368085568748604e-01,5.666470023908881659e-01,-1.764425455527438089e+02,1.012450822552031893e+00,3.928111772158203729e-01
7.047109603881835938e+00,-5.921563407132548508e-03,1.917368085568748604e-01,5.666470023908881659e-01,-1.764425455527438089e+02,1.012450822552031893e+00,3.928111772158203729e-01
7.066249370574951172e+00,-6.181403319864262058e-03,1.917368085654018728e-01,5.666493238111516284e-01,-1.764423948423913941e+02,1.034429641312595960e+00,3.928137883869699531e-01
7.080941915512084961e+00,-6.112327480607535404e-03,1.917372813271440712e-01,5.666480897653856097e-01,-1.764424192072566200e+02,1.012492661746127398e+00,3.914497130042786655e-01
7.099236726760864258e+00,-6.181403319864262058e-03,1.917368085654018728e-01,5.666493238111516284e-01,-1.764423948423913941e+02,1.034429641312595960e+00,3.928137883869699531e-01
7.118884563446044922e+00,-5.921563407132548508e-03,1.917368085568748604e-01,5.666470023908881659e-01,-1.764425455527438089e+02,1.012450822552031893e+00,3.928111772158203729e-01
7.133870363235473633e+00,-6.112327480607535404e-03,1.917372813271440712e-01,5.666480897653856097e-01,-1.764424192072566200e+02,1.012492661746127398e+00,3.914497130042786655e-01
7.152895450592041016e+00,-6.181403319864262058e-03,1.917368085654018728e-01,5.666493238111516284e-01,-1.764423948423913941e+02,1.034429641312595960e+00,3.928137883869699531e-01
7.169011116027832031e+00,-6.181403319864262058e-03,1.917368085654018728e-01,5.666493238111516284e-01,-1.764423948423913941e+02,1.034429641312595960e+00,3.928137883869699531e-01
7.182892799377441406e+00,-6.181403319864262058e-03,1.917368085654018728e-01,5.666493238111516284e-01,-1.764423948423913941e+02,1.034429641312595960e+00,3.928137883869699531e-01
7.202511310577392578e+00,-5.852487099564551883e-03,1.917372813187143699e-01,5.666457948435171810e-01,-1.764425693932590491e+02,9.905138394043997430e-01,3.914471686919026583e-01
7.216138839721679688e+00,-5.852487099564551883e-03,1.917372813187143699e-01,5.666457948435171810e-01,-1.764425693932590491e+02,9.905138394043997430e-01,3.914471686919026583e-01
7.235985994338989258e+00,-6.112327480607535404e-03,1.917372813271440712e-01,5.666480897653856097e-01,-1.764424192072566200e+02,1.012492661746127398e+00,3.914497130042786655e-01
7.250437974929809570e+00,-6.181570258212278762e-03,1.914769724186855537e-01,5.666410368346526116e-01,-1.764643727862029152e+02,1.034580307980574654e+00,3.928596123206092861e-01
7.268193721771240234e+00,-6.112327480607535404e-03,1.917372813271440712e-01,5.666480897653856097e-01,-1.764424192072566200e+02,1.012492661746127398e+00,3.914497130042786655e-01
7.287639379501342773e+00,-6.112327480607535404e-03,1.917372813271440712e-01,5.666480897653856097e-01,-1.764424192072566200e+02,1.012492661746127398e+00,3.914497130042786655e-01
7.302733182907104492e+00,-5.852487099564551883e-03,1.917372813187143699e-01,5.666457948435171810e-01,-1.764425693932590491e+02,9.905138394043997430e-01,3.914471686919026583e-01
7.316458463668823242e+00,-6.181403319864262058e-03,1.917368085654018728e-01,5.666493238111516284e-01,-1.764423948423913941e+02,1.034429641312595960e+00,3.928137883869699531e-01
7.336469411849975586e+00,-6.279917443220624576e-03,1.917394353449444477e-01,5.666484966783109645e-01,-1.764419853838260508e+02,1.034462678548753622e+00,3.919279930396806222e-01
7.355963945388793945e+00,-5.852487099564551883e-03,1.917372813187143699e-01,5.666457948435171810e-01,-1.764425693932590491e+02,9.905138394043997430e-01,3.914471686919026583e-01
7.369785070419311523e+00,-5.921563407132548508e-03,1.917368085568748604e-01,5.666470023908881659e-01,-1.764425455527438089e+02,1.012450822552031893e+00,3.928111772158203729e-01
7.387102127075195312e+00,-6.181403319864262058e-03,1.917368085654018728e-01,5.666493238111516284e-01,-1.764423948423913941e+02,1.034429641312595960e+00,3.928137883869699531e-01
7.406397342681884766e+00,-6.112327480607535404e-03,1.917372813271440712e-01,5.666480897653856097e-01,-1.764424192072566200e+02,1.012492661746127398e+00,3.914497130042786655e-01
7.420051336288452148e+00,-6.181570258212278762e-03,1.914769724186855537e-01,5.666410368346526116e-01,-1.764643727862029152e+02,1.034580307980574654e+00,3.928596123206092861e-01
7.439208984375000000e+00,-5.852650862135445539e-03,1.914774452322942910e-01,5.666375076222531781e-01,-1.764645472111183722e+02,9.906639846714301312e-01,3.915014079699741245e-01
7.461909294128417969e+00,-6.184109240340168040e-03,1.917398610715815299e-01,5.666494444762946170e-01,-1.764419556161888920e+02,1.033950351545066537e+00,4.147914361831497310e-01
7.476003646850585938e+00,-6.181403319864262058e-03,1.917368085654018728e-01,5.666493238111516284e-01,-1.764423948423913941e+02,1.034429641312595960e+00,3.928137883869699531e-01
7.491466283798217773e+00,-6.112327480607535404e-03,1.917372813271440712e-01,5.666480897653856097e-01,-1.764424192072566200e+02,1.012492661746127398e+00,3.914497130042786655e-01
7.508764266967773438e+00,-5.852487099564551883e-03,1.917372813187143699e-01,5.666457948435171810e-01,-1.764425693932590491e+02,9.905138394043997430e-01,3.914471686919026583e-01
7.528818368911743164e+00,-6.089316816767645704e-03,1.914791247256700801e-01,5.666390836364464390e-01,-1.764640894984524095e+02,1.034571678929940175e+00,3.933269661852887289e-01
7.542533874511718750e+00,-6.112327480607535404e-03,1.917372813271440712e-01,5.666480897653856097e-01,-1.764424192072566200e+02,1.012492661746127398e+00,3.914497130042786655e-01
7.564218044281005859e+00,-6.181403319864262058e-03,1.917368085654018728e-01,5.666493238111516284e-01,-1.764423948423913941e+02,1.034429641312595960e+00,3.928137883869699531e-01
7.582129240036010742e+00,-5.921563407132548508e-03,1.917368085568748604e-01,5.666470023908881659e-01,-1.764425455527438089e+02,1.012450822552031893e+00,3.928111772158203729e-01
7.600662469863891602e+00,-6.112327480607535404e-03,1.917372813271440712e-01,5.666480897653856097e-01,-1.764424192072566200e+02,1.012492661746127398e+00,3.914497130042786655e-01
7.621417760848999023e+00,-6.181570258212278762e-03,1.914769724186855537e-01,5.666410368346526116e-01,-1.764643727862029152e+02,1.034580307980574654e+00,3.928596123206092861e-01
7.640656709671020508e+00,-5.852487099564551883e-03,1.917372813187143699e-01,5.666457948435171810e-01,-1.764425693932590491e+02,9.905138394043997430e-01,3.914471686919026583e-01
7.659368991851806641e+00,-6.112722809859064479e-03,1.918062080868299657e-01,5.666523877098150752e-01,-1.764204375910802867e+02,1.012454618329897693e+00,3.920598304659345668e-01
7.678956270217895508e+00,-5.852487099564551883e-03,1.917372813187143699e-01,5.666457948435171810e-01,-1.764425693932590491e+02,9.905138394043997430e-01,3.914471686919026583e-01
7.697364330291748047e+00,-5.918753064968532845e-03,1.917387980587312579e-01,5.666470738610029922e-01,-1.764423147105571275e+02,1.012917013263699761e+00,3.708420785206669734e-01
7.717413187026977539e+00,-6.112327480607535404e-03,1.917372813271440712e-01,5.666480897653856097e-01,-1.764424192072566200e+02,1.012492661746127398e+00,3.914497130042786655e-01
7.736638784408569336e+00,-5.849840368479993294e-03,1.914794082962064103e-01,5.666375777774095290e-01,-1.764643164406064102e+02,9.911217550352027228e-01,3.695320424820641714e-01
7.756376743316650391e+00,-6.181403319864262058e-03,1.917368085654018728e-01,5.666493238111516284e-01,-1.764423948423913941e+02,1.034429641312595960e+00,3.928137883869699531e-01
7.771867036819458008e+00,-6.181403319864262058e-03,1.917368085654018728e-01,5.666493238111516284e-01,-1.764423948423913941e+02,1.034429641312595960e+00,3.928137883869699531e-01
7.789848566055297852e+00,-6.181403319864262058e-03,1.917368085654018728e-01,5.666493238111516284e-01,-1.764423948423913941e+02,1.034429641312595960e+00,3.928137883869699531e-01
7.809304475784301758e+00,-6.181403319864262058e-03,1.917368085654018728e-01,5.666493238111516284e-01,-1.764423948423913941e+02,1.034429641312595960e+00,3.928137883869699531e-01
7.824941396713256836e+00,-6.112327480607535404e-03,1.917372813271440712e-01,5.666480897653856097e-01,-1.764424192072566200e+02,1.012492661746127398e+00,3.914497130042786655e-01
7.845748186111450195e+00,-6.181403319864262058e-03,1.917368085654018728e-01,5.666493238111516284e-01,-1.764423948423913941e+02,1.034429641312595960e+00,3.928137883869699531e-01
7.862683773040771484e+00,-5.921727166120523481e-03,1.914769724101583193e-01,5.666387153509593322e-01,-1.764645235141432806e+02,1.012601489340532179e+00,3.928570004390180004e-01
7.881175518035888672e+00,-6.112494422608033204e-03,1.914774452407241867e-01,5.666398026075529781e-01,-1.764643970042994283e+02,1.012642806870994727e+00,3.915039530397559364e-01
7.900403022766113281e+00,-6.181403319864262058e-03,1.917368085654018728e-01,5.666493238111516284e-01,-1.764423948423913941e+02,1.034429641312595960e+00,3.928137883869699531e-01
7.919927835464477539e+00,-5.921563407132548508e-03,1.917368085568748604e-01,5.666470023908881659e-01,-1.764425455527438089e+02,1.012450822552031893e+00,3.928111772158203729e-01
7.939825534820556641e+00,-5.852650862135445539e-03,1.914774452322942910e-01,5.666375076222531781e-01,-1.764645472111183722e+02,9.906639846714301312e-01,3.915014079699741245e-01
7.954090118408203125e+00,-6.178759904205083885e-03,1.914789619691002476e-01,5.666411064636309725e-01,-1.764641504321524224e+02,1.035038129054742351e+00,3.708901859590930661e-01
7.974798202514648438e+00,-5.921563407132548508e-03,1.917368085568748604e-01,5.666470023908881659e-01,-1.764425455527438089e+02,1.012450822552031893e+00,3.928111772158203729e-01
7.992744922637939453e+00,-6.112327480607535404e-03,1.917372813271440712e-01,5.666480897653856097e-01,-1.764424192072566200e+02,1.012492661746127398e+00,3.914497130042786655e-01
8.012714624404907227e+00,-5.921563407132548508e-03,1.917368085568748604e-01,5.666470023908881659e-01,-1.764425455527438089e+02,1.012450822552031893e+00,3.928111772158203729e-01
8.033447980880737305e+00,-6.112327480607535404e-03,1.917372813271440712e-01,5.666480897653856097e-01,-1.764424192072566200e+02,1.012492661746127398e+00,3.914497130042786655e-01
8.051526069641113281e+00,-6.181403319864262058e-03,1.917368085654018728e-01,5.666493238111516284e-01,-1.764423948423913941e+02,1.034429641312595960e+00,3.928137883869699531e-01
8.071942329406738281e+00,-5.849676591032911682e-03,1.917392443342766373e-01,5.666458657515718311e-01,-1.764423385637181525e+02,9.909800356107862918e-01,3.694779814084659941e-01
8.085770368576049805e+00,-6.089316816767645704e-03,1.914791247256700801e-01,5.666390836364464390e-01,-1.764640894984524095e+02,1.034571678929940175e+00,3.933269661852887289e-01
8.104105472564697266e+00,-6.181403319864262058e-03,1.917368085654018728e-01,5.666493238111516284e-01,-1.764423948423913941e+02,1.034429641312595960e+00,3.928137883869699531e-01
8.123937368392944336e+00,-6.181570258212278762e-03,1.914769724186855537e-01,5.666410368346526116e-01,-1.764643727862029152e+02,1.034580307980574654e+00,3.928596123206092861e-01
8.143248319625854492e+00,-6.112327480607535404e-03,1.917372813271440712e-01,5.666480897653856097e-01,-1.764424192072566200e+02,1.012492661746127398e+00,3.914497130042786655e-01
8.159637451171875000e+00,-6.181403319864262058e-03,1.917368085654018728e-01,5.666493238111516284e-01,-1.764423948423913941e+02,1.034429641312595960e+00,3.928137883869699531e-01
8.172846078872680664e+00,-6.181403319864262058e-03,1.917368085654018728e-01,5.666493238111516284e-01,-1.764423948423913941e+02,1.034429641312595960e+00,3.928137883869699531e-01
8.192125558853149414e+00,-6.181570258212278762e-03,1.914769724186855537e-01,5.666410368346526116e-01,-1.764643727862029152e+02,1.034580307980574654e+00,3.928596123206092861e-01
8.212232589721679688e+00,-5.921727166120523481e-03,1.914769724101583193e-01,5.666387153509593322e-01,-1.764645235141432806e+02,1.012601489340532179e+00,3.928570004390180004e-01
8.231535911560058594e+00,-6.181403319864262058e-03,1.917368085654018728e-01,5.666493238111516284e-01,-1.764423948423913941e+02,1.034429641312595960e+00,3.928137883869699531e-01
8.250453472137451172e+00,-5.918753064968532845e-03,1.917387980587312579e-01,5.666470738610029922e-01,-1.764423147105571275e+02,1.012917013263699761e+00,3.708420785206669734e-01
8.269622564315795898e+00,-6.181299634617474364e-03,1.917418516503629489e-01,5.666495149070474024e-01,-1.764417330189333484e+02,1.034416766842144675e+00,3.928221949893879184e-01
8.290514230728149414e+00,-5.921727166120523481e-03,1.914769724101583193e-01,5.666387153509593322e-01,-1.764645235141432806e+02,1.012601489340532179e+00,3.928570004390180004e-01
8.308414459228515625e+00,-5.921563407132548508e-03,1.917368085568748604e-01,5.666470023908881659e-01,-1.764425455527438089e+02,1.012450822552031893e+00,3.928111772158203729e-01
8.328496217727661133e+00,-5.921563407132548508e-03,1.917368085568748604e-01,5.666470023908881659e-01,-1.764425455527438089e+02,1.012450822552031893e+00,3.928111772158203729e-01
8.347331523895263672e+00,-5.921563407132548508e-03,1.917368085568748604e-01,5.666470023908881659e-01,-1.764425455527438089e+02,1.012450822552031893e+00,3.928111772158203729e-01
8.366696834564208984e+00,-6.112494422608033204e-03,1.914774452407241867e-01,5.666398026075529781e-01,-1.764643970042994283e+02,1.012642806870994727e+00,3.915039530397559364e-01
8.387371063232421875e+00,-5.852487099564551883e-03,1.917372813187143699e-01,5.666457948435171810e-01,-1.764425693932590491e+02,9.905138394043997430e-01,3.914471686919026583e-01
8.405747413635253906e+00,-5.921563407132548508e-03,1.917368085568748604e-01,5.666470023908881659e-01,-1.764425455527438089e+02,1.012450822552031893e+00,3.928111772158203729e-01
8.421002864837646484e+00,-6.112327480607535404e-03,1.917372813271440712e-01,5.666480897653856097e-01,-1.764424192072566200e+02,1.012492661746127398e+00,3.914497130042786655e-01
8.434357404708862305e+00,-6.178592950487435398e-03,1.917387980672543568e-01,5.666493942031806119e-01,-1.764421724289748852e+02,1.034895888186893265e+00,3.708445402993095219e-01
8.454106569290161133e+00,-6.181403319864262058e-03,1.917368085654018728e-01,5.666493238111516284e-01,-1.764423948423913941e+02,1.034429641312595960e+00,3.928137883869699531e-01
8.473815679550170898e+00,-6.181570258212278762e-03,1.914769724186855537e-01,5.666410368346526116e-01,-1.764643727862029152e+02,1.034580307980574654e+00,3.928596123206092861e-01
8.493597269058227539e+00,-5.852487099564551883e-03,1.917372813187143699e-01,5.666457948435171810e-01,-1.764425693932590491e+02,9.905138394043997430e-01,3.914471686919026583e-01
8.507117748260498047e+00,-5.921563407132548508e-03,1.917368085568748604e-01,5.666470023908881659e-01,-1.764425455527438089e+02,1.012450822552031893e+00,3.928111772158203729e-01
8.521433591842651367e+00,-6.348992800267050027e-03,1.917389620097588732e-01,5.666497572116702131e-01,-1.764419604927875014e+02,1.056399647781680384e+00,3.932922440943229514e-01
8.542154312133789062e+00,-6.112494422608033204e-03,1.914774452407241867e-01,5.666398026075529781e-01,-1.764643970042994283e+02,1.012642806870994727e+00,3.915039530397559364e-01
8.561773538589477539e+00,-6.112494422608033204e-03,1.914774452407241867e-01,5.666398026075529781e-01,-1.764643970042994283e+02,1.012642806870994727e+00,3.915039530397559364e-01
8.578610897064208984e+00,-6.181570258212278762e-03,1.914769724186855537e-01,5.666410368346526116e-01,-1.764643727862029152e+02,1.034580307980574654e+00,3.928596123206092861e-01
8.596579551696777344e+00,-5.852487099564551883e-03,1.917372813187143699e-01,5.666457948435171810e-01,-1.764425693932590491e+02,9.905138394043997430e-01,3.914471686919026583e-01
8.615732192993164062e+00,-6.184109240340168040e-03,1.917398610715815299e-01,5.666494444762946170e-01,-1.764419556161888920e+02,1.033950351545066537e+00,4.147914361831497310e-01
8.635038852691650391e+00,-5.921960380928493160e-03,1.918057345759224264e-01,5.666513001371673575e-01,-1.764205640244415747e+02,1.012412255901421254e+00,3.934297079516885787e-01
8.655686616897583008e+00,-6.181403319864262058e-03,1.917368085654018728e-01,5.666493238111516284e-01,-1.764423948423913941e+02,1.034429641312595960e+00,3.928137883869699531e-01
8.670666694641113281e+00,-5.921960380928493160e-03,1.918057345759224264e-01,5.666513001371673575e-01,-1.764205640244415747e+02,1.012412255901421254e+00,3.934297079516885787e-01
8.691157341003417969e+00,-6.181403319864262058e-03,1.917368085654018728e-01,5.666493238111516284e-01,-1.764423948423913941e+02,1.034429641312595960e+00,3.928137883869699531e-01
8.706299066543579102e+00,-6.181403319864262058e-03,1.917368085654018728e-01,5.666493238111516284e-01,-1.764423948423913941e+02,1.034429641312595960e+00,3.928137883869699531e-01
8.726157188415527344e+00,-6.181403319864262058e-03,1.917368085654018728e-01,5.666493238111516284e-01,-1.764423948423913941e+02,1.034429641312595960e+00,3.928137883869699531e-01
8.745643377304077148e+00,-6.112327480607535404e-03,1.917372813271440712e-01,5.666480897653856097e-01,-1.764424192072566200e+02,1.012492661746127398e+00,3.914497130042786655e-01
8.759612083435058594e+00,-5.918753064968532845e-03,1.917387980587312579e-01,5.666470738610029922e-01,-1.764423147105571275e+02,1.012917013263699761e+00,3.708420785206669734e-01
8.778857946395874023e+00,-6.112327480607535404e-03,1.917372813271440712e-01,5.666480897653856097e-01,-1.764424192072566200e+02,1.012492661746127398e+00,3.914497130042786655e-01
8.798249959945678711e+00,-6.279917443220624576e-03,1.917394353449444477e-01,5.666484966783109645e-01,-1.764419853838260508e+02,1.034462678548753622e+00,3.919279930396806222e-01
8.811715126037597656e+00,-6.181570258212278762e-03,1.914769724186855537e-01,5.666410368346526116e-01,-1.764643727862029152e+02,1.034580307980574654e+00,3.928596123206092861e-01
8.830938339233398438e+00,-6.181403319864262058e-03,1.917368085654018728e-01,5.666493238111516284e-01,-1.764423948423913941e+02,1.034429641312595960e+00,3.928137883869699531e-01
8.843962430953979492e+00,-6.112327480607535404e-03,1.917372813271440712e-01,5.666480897653856097e-01,-1.764424192072566200e+02,1.012492661746127398e+00,3.914497130042786655e-01
8.858012199401855469e+00,-6.181403319864262058e-03,1.917368085654018728e-01,5.666493238111516284e-01,-1.764423948423913941e+02,1.034429641312595960e+00,3.928137883869699531e-01
8.872597932815551758e+00,-6.181403319864262058e-03,1.917368085654018728e-01,5.666493238111516284e-01,-1.764423948423913941e+02,1.034429641312595960e+00,3.928137883869699531e-01
8.891527652740478516e+00,-6.181570258212278762e-03,1.914769724186855537e-01,5.666410368346526116e-01,-1.764643727862029152e+02,1.034580307980574654e+00,3.928596123206092861e-01
8.910354375839233398e+00,-6.181403319864262058e-03,1.917368085654018728e-01,5.666493238111516284e-01,-1.764423948423913941e+02,1.034429641312595960e+00,3.928137883869699531e-01
8.930302143096923828e+00,-6.020077205946166785e-03,1.917394353362785742e-01,5.666461374669319317e-01,-1.764421357543334068e+02,1.012483857461206949e+00,3.919253878519695089e-01
8.950689077377319336e+00,-5.921563407132548508e-03,1.917368085568748604e-01,5.666470023908881659e-01,-1.764425455527438089e+02,1.012450822552031893e+00,3.928111772158203729e-01
8.969406127929687500e+00,-6.112327480607535404e-03,1.917372813271440712e-01,5.666480897653856097e-01,-1.764424192072566200e+02,1.012492661746127398e+00,3.914497130042786655e-01
8.985845327377319336e+00,-6.181403319864262058e-03,1.917368085654018728e-01,5.666493238111516284e-01,-1.764423948423913941e+02,1.034429641312595960e+00,3.928137883869699531e-01
9.003784418106079102e+00,-5.852487099564551883e-03,1.917372813187143699e-01,5.666457948435171810e-01,-1.764425693932590491e+02,9.905138394043997430e-01,3.914471686919026583e-01
9.019572734832763672e+00,-5.921563407132548508e-03,1.917368085568748604e-01,5.666470023908881659e-01,-1.764425455527438089e+02,1.012450822552031893e+00,3.928111772158203729e-01
9.038836002349853516e+00,-5.921459795207128021e-03,1.917418516418360197e-01,5.666471935265446902e-01,-1.764418837325104903e+02,1.012437948103690255e+00,3.928195837945004376e-01
9.060350418090820312e+00,-6.348992800267050027e-03,1.917389620097588732e-01,5.666497572116702131e-01,-1.764419604927875014e+02,1.056399647781680384e+00,3.932922440943229514e-01
9.079754590988159180e+00,-6.181403319864262058e-03,1.917368085654018728e-01,5.666493238111516284e-01,-1.764423948423913941e+02,1.034429641312595960e+00,3.928137883869699531e-01
9.096614360809326172e+00,-5.852650862135445539e-03,1.914774452322942910e-01,5.666375076222531781e-01,-1.764645472111183722e+02,9.906639846714301312e-01,3.915014079699741245e-01
9.112734794616699219e+00,-6.112327480607535404e-03,1.917372813271440712e-01,5.666480897653856097e-01,-1.764424192072566200e+02,1.012492661746127398e+00,3.914497130042786655e-01
9.132203102111816406e+00,-6.112327480607535404e-03,1.917372813271440712e-01,5.666480897653856097e-01,-1.764424192072566200e+02,1.012492661746127398e+00,3.914497130042786655e-01
9.153222560882568359e+00,-6.112327480607535404e-03,1.917372813271440712e-01,5.666480897653856097e-01,-1.764424192072566200e+02,1.012492661746127398e+00,3.914497130042786655e-01
9.165408134460449219e+00,-6.181403319864262058e-03,1.917368085654018728e-01,5.666493238111516284e-01,-1.764423948423913941e+02,1.034429641312595960e+00,3.928137883869699531e-01
9.186057806015014648e+00,-6.112327480607535404e-03,1.917372813271440712e-01,5.666480897653856097e-01,-1.764424192072566200e+02,1.012492661746127398e+00,3.914497130042786655e-01
9.204599380493164062e+00,-6.109516945078746764e-03,1.917392443427023974e-01,5.666481595952906902e-01,-1.764421968064640964e+02,1.012958913914726367e+00,3.694803795511125144e-01
9.220407485961914062e+00,-6.349387043009068268e-03,1.918078880042937417e-01,5.666540556024229902e-01,-1.764199784899669226e+02,1.056361074813541912e+00,3.939107830026405965e-01
9.237675189971923828e+00,-6.112327480607535404e-03,1.917372813271440712e-01,5.666480897653856097e-01,-1.764424192072566200e+02,1.012492661746127398e+00,3.914497130042786655e-01
9.256942749023437500e+00,-6.181403319864262058e-03,1.917368085654018728e-01,5.666493238111516284e-01,-1.764423948423913941e+02,1.034429641312595960e+00,3.928137883869699531e-01
9.277251243591308594e+00,-5.852487099564551883e-03,1.917372813187143699e-01,5.666457948435171810e-01,-1.764425693932590491e+02,9.905138394043997430e-01,3.914471686919026583e-01
9.296396255493164062e+00,-6.181403319864262058e-03,1.917368085654018728e-01,5.666493238111516284e-01,-1.764423948423913941e+02,1.034429641312595960e+00,3.928137883869699531e-01
9.317004203796386719e+00,-6.181403319864262058e-03,1.917368085654018728e-01,5.666493238111516284e-01,-1.764423948423913941e+02,1.034429641312595960e+00,3.928137883869699531e-01
9.335895776748657227e+00,-5.921563407132548508e-03,1.917368085568748604e-01,5.666470023908881659e-01,-1.764425455527438089e+02,1.012450822552031893e+00,3.928111772158203729e-01
9.355417013168334961e+00,-6.181403319864262058e-03,1.917368085654018728e-01,5.666493238111516284e-01,-1.764423948423913941e+02,1.034429641312595960e+00,3.928137883869699531e-01
9.375956296920776367e+00,-5.921563407132548508e-03,1.917368085568748604e-01,5.666470023908881659e-01,-1.764425455527438089e+02,1.012450822552031893e+00,3.928111772158203729e-01
9.394292354583740234e+00,-6.181570258212278762e-03,1.914769724186855537e-01,5.666410368346526116e-01,-1.764643727862029152e+02,1.034580307980574654e+00,3.928596123206092861e-01
9.416519403457641602e+00,-6.181403319864262058e-03,1.917368085654018728e-01,5.666493238111516284e-01,-1.764423948423913941e+02,1.034429641312595960e+00,3.928137883869699531e-01
9.434565305709838867e+00,-6.112327480607535404e-03,1.917372813271440712e-01,5.666480897653856097e-01,-1.764424192072566200e+02,1.012492661746127398e+00,3.914497130042786655e-01
9.452940225601196289e+00,-6.112722809859064479e-03,1.918062080868299657e-01,5.666523877098150752e-01,-1.764204375910802867e+02,1.012454618329897693e+00,3.920598304659345668e-01
9.477090597152709961e+00,-6.112327480607535404e-03,1.917372813271440712e-01,5.666480897653856097e-01,-1.764424192072566200e+02,1.012492661746127398e+00,3.914497130042786655e-01
9.488018274307250977e+00,-6.349159755246646525e-03,1.914791247344334868e-01,5.666414694094732418e-01,-1.764639385891464087e+02,1.056550496333021893e+00,3.933296391638732015e-01
9.511888265609741211e+00,-6.181403319864262058e-03,1.917368085654018728e-01,5.666493238111516284e-01,-1.764423948423913941e+02,1.034429641312595960e+00,3.928137883869699531e-01
9.526721715927124023e+00,-5.921563407132548508e-03,1.917368085568748604e-01,5.666470023908881659e-01,-1.764425455527438089e+02,1.012450822552031893e+00,3.928111772158203729e-01
9.546365022659301758e+00,-6.181403319864262058e-03,1.917368085654018728e-01,5.666493238111516284e-01,-1.764423948423913941e+02,1.034429641312595960e+00,3.928137883869699531e-01
9.567362070083618164e+00,-5.921563407132548508e-03,1.917368085568748604e-01,5.666470023908881659e-01,-1.764425455527438089e+02,1.012450822552031893e+00,3.928111772158203729e-01
9.585370540618896484e+00,-6.181403319864262058e-03,1.917368085654018728e-01,5.666493238111516284e-01,-1.764423948423913941e+02,1.034429641312595960e+00,3.928137883869699531e-01
9.605990648269653320e+00,-6.178592950487435398e-03,1.917387980672543568e-01,5.666493942031806119e-01,-1.764421724289748852e+02,1.034895888186893265e+00,3.708445402993095219e-01
9.624243736267089844e+00,-6.112327480607535404e-03,1.917372813271440712e-01,5.666480897653856097e-01,-1.764424192072566200e+02,1.012492661746127398e+00,3.914497130042786655e-01
9.644271850585937500e+00,-6.112327480607535404e-03,1.917372813271440712e-01,5.666480897653856097e-01,-1.764424192072566200e+02,1.012492661746127398e+00,3.914497130042786655e-01
9.664827346801757812e+00,-5.921563407132548508e-03,1.917368085568748604e-01,5.666470023908881659e-01,-1.764425455527438089e+02,1.012450822552031893e+00,3.928111772158203729e-01
9.678086996078491211e+00,-6.178592950487435398e-03,1.917387980672543568e-01,5.666493942031806119e-01,-1.764421724289748852e+02,1.034895888186893265e+00,3.708445402993095219e-01
9.700221538543701172e+00,-6.181403319864262058e-03,1.917368085654018728e-01,5.666493238111516284e-01,-1.764423948423913941e+02,1.034429641312595960e+00,3.928137883869699531e-01
9.717308521270751953e+00,-5.921563407132548508e-03,1.917368085568748604e-01,5.666470023908881659e-01,-1.764425455527438089e+02,1.012450822552031893e+00,3.928111772158203729e-01
9.736290216445922852e+00,-6.112327480607535404e-03,1.917372813271440712e-01,5.666480897653856097e-01,-1.764424192072566200e+02,1.012492661746127398e+00,3.914497130042786655e-01
9.755277872085571289e+00,-6.112494422608033204e-03,1.914774452407241867e-01,5.666398026075529781e-01,-1.764643970042994283e+02,1.012642806870994727e+00,3.915039530397559364e-01
9.775013923645019531e+00,-5.852487099564551883e-03,1.917372813187143699e-01,5.666457948435171810e-01,-1.764425693932590491e+02,9.905138394043997430e-01,3.914471686919026583e-01
9.795131444931030273e+00,-6.181403319864262058e-03,1.917368085654018728e-01,5.666493238111516284e-01,-1.764423948423913941e+02,1.034429641312595960e+00,3.928137883869699531e-01
9.812261104583740234e+00,-6.181403319864262058e-03,1.917368085654018728e-01,5.666493238111516284e-01,-1.764423948423913941e+02,1.034429641312595960e+00,3.928137883869699531e-01
9.833375692367553711e+00,-5.918916839033411953e-03,1.914789619605769544e-01,5.666387860580172076e-01,-1.764642927312535221e+02,1.013059254244887741e+00,3.708877235141854745e-01
9.851329088211059570e+00,-5.921727166120523481e-03,1.914769724101583193e-01,5.666387153509593322e-01,-1.764645235141432806e+02,1.012601489340532179e+00,3.928570004390180004e-01
9.865860700607299805e+00,-5.852487099564551883e-03,1.917372813187143699e-01,5.666457948435171810e-01,-1.764425693932590491e+02,9.905138394043997430e-01,3.914471686919026583e-01
9.884256362915039062e+00,-6.181403319864262058e-03,1.917368085654018728e-01,5.666493238111516284e-01,-1.764423948423913941e+02,1.034429641312595960e+00,3.928137883869699531e-01
9.903679132461547852e+00,-6.181403319864262058e-03,1.917368085654018728e-01,5.666493238111516284e-01,-1.764423948423913941e+02,1.034429641312595960e+00,3.928137883869699531e-01
9.920444250106811523e+00,-6.178592950487435398e-03,1.917387980672543568e-01,5.666493942031806119e-01,-1.764421724289748852e+02,1.034895888186893265e+00,3.708445402993095219e-01
9.939605951309204102e+00,-6.112327480607535404e-03,1.917372813271440712e-01,5.666480897653856097e-01,-1.764424192072566200e+02,1.012492661746127398e+00,3.914497130042786655e-01
9.954197168350219727e+00,-6.112327480607535404e-03,1.917372813271440712e-01,5.666480897653856097e-01,-1.764424192072566200e+02,1.012492661746127398e+00,3.914497130042786655e-01
9.967640876770019531e+00,-6.181403319864262058e-03,1.917368085654018728e-01,5.666493238111516284e-01,-1.764423948423913941e+02,1.034429641312595960e+00,3.928137883869699531e-01
9.982074499130249023e+00,-6.181403319864262058e-03,1.917368085654018728e-01,5.666493238111516284e-01,-1.764423948423913941e+02,1.034429641312595960e+00,3.928137883869699531e-01
1.000014543533325195e+01,-6.181570258212278762e-03,1.914769724186855537e-01,5.666410368346526116e-01,-1.764643727862029152e+02,1.034580307980574654e+00,3.928596123206092861e-01
1.001985907554626465e+01,-6.178592950487435398e-03,1.917387980672543568e-01,5.666493942031806119e-01,-1.764421724289748852e+02,1.034895888186893265e+00,3.708445402993095219e-01
1.003943371772766113e+01,-5.921563407132548508e-03,1.917368085568748604e-01,5.666470023908881659e-01,-1.764425455527438089e+02,1.012450822552031893e+00,3.928111772158203729e-01
1.005920338630676270e+01,-6.181403319864262058e-03,1.917368085654018728e-01,5.666493238111516284e-01,-1.764423948423913941e+02,1.034429641312595960e+00,3.928137883869699531e-01
1.007906937599182129e+01,-6.112327480607535404e-03,1.917372813271440712e-01,5.666480897653856097e-01,-1.764424192072566200e+02,1.012492661746127398e+00,3.914497130042786655e-01
1.009843730926513672e+01,-6.178592950487435398e-03,1.917387980672543568e-01,5.666493942031806119e-01,-1.764421724289748852e+02,1.034895888186893265e+00,3.708445402993095219e-01
1.011814594268798828e+01,-6.112327480607535404e-03,1.917372813271440712e-01,5.666480897653856097e-01,-1.764424192072566200e+02,1.012492661746127398e+00,3.914497130042786655e-01
1.013688969612121582e+01,-5.918753064968532845e-03,1.917387980587312579e-01,5.666470738610029922e-01,-1.764423147105571275e+02,1.012917013263699761e+00,3.708420785206669734e-01
1.015592384338378906e+01,-5.921563407132548508e-03,1.917368085568748604e-01,5.666470023908881659e-01,-1.764425455527438089e+02,1.012450822552031893e+00,3.928111772158203729e-01
1.017651104927062988e+01,-6.181403319864262058e-03,1.917368085654018728e-01,5.666493238111516284e-01,-1.764423948423913941e+02,1.034429641312595960e+00,3.928137883869699531e-01
1.019080471992492676e+01,-6.112327480607535404e-03,1.917372813271440712e-01,5.666480897653856097e-01,-1.764424192072566200e+02,1.012492661746127398e+00,3.914497130042786655e-01
1.021082425117492676e+01,-6.181570258212278762e-03,1.914769724186855537e-01,5.666410368346526116e-01,-1.764643727862029152e+02,1.034580307980574654e+00,3.928596123206092861e-01
1.022978830337524414e+01,-6.086506478819550189e-03,1.914811142984131631e-01,5.666391532755896687e-01,-1.764638671410725976e+02,1.035029608610548824e+00,3.713575421474186178e-01
1.024875807762145996e+01,-6.112327480607535404e-03,1.917372813271440712e-01,5.666480897653856097e-01,-1.764424192072566200e+02,1.012492661746127398e+00,3.914497130042786655e-01
1.026998281478881836e+01,-6.178961806851268265e-03,1.918077242163883644e-01,5.666536923683195281e-01,-1.764201906583342634e+02,1.034857317507585028e+00,3.714630751133875530e-01
1.028813290596008301e+01,-6.181403319864262058e-03,1.917368085654018728e-01,5.666493238111516284e-01,-1.764423948423913941e+02,1.034429641312595960e+00,3.928137883869699531e-01
1.030352711677551270e+01,-5.921563407132548508e-03,1.917368085568748604e-01,5.666470023908881659e-01,-1.764425455527438089e+02,1.012450822552031893e+00,3.928111772158203729e-01
1.032154202461242676e+01,-5.918753064968532845e-03,1.917387980587312579e-01,5.666470738610029922e-01,-1.764423147105571275e+02,1.012917013263699761e+00,3.708420785206669734e-01
1.034147572517395020e+01,-6.109683902244263110e-03,1.914794083046323647e-01,5.666398716845657546e-01,-1.764641746626048473e+02,1.013100633205398449e+00,3.695344413381463355e-01
1.036019563674926758e+01,-6.112327480607535404e-03,1.917372813271440712e-01,5.666480897653856097e-01,-1.764424192072566200e+02,1.012492661746127398e+00,3.914497130042786655e-01
1.037935352325439453e+01,-5.852487099564551883e-03,1.917372813187143699e-01,5.666457948435171810e-01,-1.764425693932590491e+02,9.905138394043997430e-01,3.914471686919026583e-01
1.040011000633239746e+01,-5.852487099564551883e-03,1.917372813187143699e-01,5.666457948435171810e-01,-1.764425693932590491e+02,9.905138394043997430e-01,3.914471686919026583e-01
1.041889595985412598e+01,-6.109516945078746764e-03,1.917392443427023974e-01,5.666481595952906902e-01,-1.764421968064640964e+02,1.012958913914726367e+00,3.694803795511125144e-01
1.043865704536437988e+01,-6.112327480607535404e-03,1.917372813271440712e-01,5.666480897653856097e-01,-1.764424192072566200e+02,1.012492661746127398e+00,3.914497130042786655e-01
1.045749640464782715e+01,-6.181798644867864470e-03,1.918057345844500217e-01,5.666536217093983696e-01,-1.764204130767822392e+02,1.034391073033980479e+00,3.934323232598932463e-01
1.047502207756042480e+01,-6.112327480607535404e-03,1.917372813271440712e-01,5.666480897653856097e-01,-1.764424192072566200e+02,1.012492661746127398e+00,3.914497130042786655e-01
1.049601745605468750e+01,-6.112494422608033204e-03,1.914774452407241867e-01,5.666398026075529781e-01,-1.764643970042994283e+02,1.012642806870994727e+00,3.915039530397559364e-01
1.051462841033935547e+01,-6.181403319864262058e-03,1.917368085654018728e-01,5.666493238111516284e-01,-1.764423948423913941e+02,1.034429641312595960e+00,3.928137883869699531e-01
1.053428602218627930e+01,-6.181570258212278762e-03,1.914769724186855537e-01,5.666410368346526116e-01,-1.764643727862029152e+02,1.034580307980574654e+00,3.928596123206092861e-01
1.055362582206726074e+01,-6.181403319864262058e-03,1.917368085654018728e-01,5.666493238111516284e-01,-1.764423948423913941e+02,1.034429641312595960e+00,3.928137883869699531e-01
1.057261776924133301e+01,-6.109789477500073354e-03,1.914743651671336200e-01,5.666396825468835718e-01,-1.764648364830870264e+02,1.013113489872563999e+00,3.695262297742204494e-01
1.059266781806945801e+01,-5.852487099564551883e-03,1.917372813187143699e-01,5.666457948435171810e-01,-1.764425693932590491e+02,9.905138394043997430e-01,3.914471686919026583e-01
1.060890698432922363e+01,-5.921563407132548508e-03,1.917368085568748604e-01,5.666470023908881659e-01,-1.764425455527438089e+02,1.012450822552031893e+00,3.928111772158203729e-01
1.062416887283325195e+01,-5.921563407132548508e-03,1.917368085568748604e-01,5.666470023908881659e-01,-1.764425455527438089e+02,1.012450822552031893e+00,3.928111772158203729e-01
1.064177703857421875e+01,-6.089316816767645704e-03,1.914791247256700801e-01,5.666390836364464390e-01,-1.764640894984524095e+02,1.034571678929940175e+00,3.933269661852887289e-01
1.066119909286499023e+01,-5.921563407132548508e-03,1.917368085568748604e-01,5.666470023908881659e-01,-1.764425455527438089e+02,1.012450822552031893e+00,3.928111772158203729e-01
1.068063044548034668e+01,-5.918916839033411953e-03,1.914789619605769544e-01,5.666387860580172076e-01,-1.764642927312535221e+02,1.013059254244887741e+00,3.708877235141854745e-01
1.070026397705078125e+01,-5.852487099564551883e-03,1.917372813187143699e-01,5.666457948435171810e-01,-1.764425693932590491e+02,9.905138394043997430e-01,3.914471686919026583e-01
1.071059799194335938e+01,-6.348992800267050027e-03,1.917389620097588732e-01,5.666497572116702131e-01,-1.764419604927875014e+02,1.056399647781680384e+00,3.932922440943229514e-01
1.073172569274902344e+01,-6.181403319864262058e-03,1.917368085654018728e-01,5.666493238111516284e-01,-1.764423948423913941e+02,1.034429641312595960e+00,3.928137883869699531e-01
1.075125336647033691e+01,-6.181403319864262058e-03,1.917368085654018728e-01,5.666493238111516284e-01,-1.764423948423913941e+02,1.034429641312595960e+00,3.928137883869699531e-01
1.076452469825744629e+01,-6.181403319864262058e-03,1.917368085654018728e-01,5.666493238111516284e-01,-1.764423948423913941e+02,1.034429641312595960e+00,3.928137883869699531e-01
1.078081965446472168e+01,-6.089153041464847975e-03,1.917389620009956885e-01,5.666473715020791113e-01,-1.764421113877391463e+02,1.034420830280127435e+00,3.932895717748801090e-01
1.079425215721130371e+01,-5.852487099564551883e-03,1.917372813187143699e-01,5.666457948435171810e-01,-1.764425693932590491e+02,9.905138394043997430e-01,3.914471686919026583e-01
1.081482553482055664e+01,-5.921563407132548508e-03,1.917368085568748604e-01,5.666470023908881659e-01,-1.764425455527438089e+02,1.012450822552031893e+00,3.928111772158203729e-01
1.083333945274353027e+01,-6.181403319864262058e-03,1.917368085654018728e-01,5.666493238111516284e-01,-1.764423948423913941e+02,1.034429641312595960e+00,3.928137883869699531e-01
1.085049223899841309e+01,-5.852487099564551883e-03,1.917372813187143699e-01,5.666457948435171810e-01,-1.764425693932590491e+02,9.905138394043997430e-01,3.914471686919026583e-01
1.086946034431457520e+01,-5.918753064968532845e-03,1.917387980587312579e-01,5.666470738610029922e-01,-1.764423147105571275e+02,1.012917013263699761e+00,3.708420785206669734e-01
1.088848161697387695e+01,-6.349159755246646525e-03,1.914791247344334868e-01,5.666414694094732418e-01,-1.764639385891464087e+02,1.056550496333021893e+00,3.933296391638732015e-01
1.090745925903320312e+01,-5.921563407132548508e-03,1.917368085568748604e-01,5.666470023908881659e-01,-1.764425455527438089e+02,1.012450822552031893e+00,3.928111772158203729e-01
1.092631053924560547e+01,-6.181403319864262058e-03,1.917368085654018728e-01,5.666493238111516284e-01,-1.764423948423913941e+02,1.034429641312595960e+00,3.928137883869699531e-01
1.094845795631408691e+01,-6.181403319864262058e-03,1.917368085654018728e-01,5.666493238111516284e-01,-1.764423948423913941e+02,1.034429641312595960e+00,3.928137883869699531e-01
1.096481966972351074e+01,-6.181403319864262058e-03,1.917368085654018728e-01,5.666493238111516284e-01,-1.764423948423913941e+02,1.034429641312595960e+00,3.928137883869699531e-01
1.098438072204589844e+01,-6.112327480607535404e-03,1.917372813271440712e-01,5.666480897653856097e-01,-1.764424192072566200e+02,1.012492661746127398e+00,3.914497130042786655e-01
1.099359869956970215e+01,-6.181403319864262058e-03,1.917368085654018728e-01,5.666493238111516284e-01,-1.764423948423913941e+02,1.034429641312595960e+00,3.928137883869699531e-01
1.101576828956604004e+01,-6.181403319864262058e-03,1.917368085654018728e-01,5.666493238111516284e-01,-1.764423948423913941e+02,1.034429641312595960e+00,3.928137883869699531e-01
1.103629970550537109e+01,-6.112327480607535404e-03,1.917372813271440712e-01,5.666480897653856097e-01,-1.764424192072566200e+02,1.012492661746127398e+00,3.914497130042786655e-01
1.105501365661621094e+01,-5.921563407132548508e-03,1.917368085568748604e-01,5.666470023908881659e-01,-1.764425455527438089e+02,1.012450822552031893e+00,3.928111772158203729e-01
1.107675647735595703e+01,-6.112327480607535404e-03,1.917372813271440712e-01,5.666480897653856097e-01,-1.764424192072566200e+02,1.012492661746127398e+00,3.914497130042786655e-01
1.109380769729614258e+01,-6.277106897238442576e-03,1.917413983832408630e-01,5.666485654401114402e-01,-1.764417714084974875e+02,1.034929095420334511e+00,3.699585125517805273e-01
1.111324191093444824e+01,-6.112494422608033204e-03,1.914774452407241867e-01,5.666398026075529781e-01,-1.764643970042994283e+02,1.012642806870994727e+00,3.915039530397559364e-01
1.113364529609680176e+01,-6.112327480607535404e-03,1.917372813271440712e-01,5.666480897653856097e-01,-1.764424192072566200e+02,1.012492661746127398e+00,3.914497130042786655e-01
1.115221619606018066e+01,-6.181403319864262058e-03,1.917368085654018728e-01,5.666493238111516284e-01,-1.764423948423913941e+02,1.034429641312595960e+00,3.928137883869699531e-01
1.117146158218383789e+01,-6.181403319864262058e-03,1.917368085654018728e-01,5.666493238111516284e-01,-1.764423948423913941e+02,1.034429641312595960e+00,3.928137883869699531e-01
1.119066429138183594e+01,-5.921563407132548508e-03,1.917368085568748604e-01,5.666470023908881659e-01,-1.764425455527438089e+02,1.012450822552031893e+00,3.928111772158203729e-01
1.121005153656005859e+01,-6.181403319864262058e-03,1.917368085654018728e-01,5.666493238111516284e-01,-1.764423948423913941e+02,1.034429641312595960e+00,3.928137883869699531e-01
1.122473645210266113e+01,-6.112327480607535404e-03,1.917372813271440712e-01,5.666480897653856097e-01,-1.764424192072566200e+02,1.012492661746127398e+00,3.914497130042786655e-01
1.124373245239257812e+01,-6.112327480607535404e-03,1.917372813271440712e-01,5.666480897653856097e-01,-1.764424192072566200e+02,1.012492661746127398e+00,3.914497130042786655e-01
1.125835037231445312e+01,-6.279917443220624576e-03,1.917394353449444477e-01,5.666484966783109645e-01,-1.764419853838260508e+02,1.034462678548753622e+00,3.919279930396806222e-01
1.127793526649475098e+01,-6.089153041464847975e-03,1.917389620009956885e-01,5.666473715020791113e-01,-1.764421113877391463e+02,1.034420830280127435e+00,3.932895717748801090e-01
1.129685592651367188e+01,-6.349159755246646525e-03,1.914791247344334868e-01,5.666414694094732418e-01,-1.764639385891464087e+02,1.056550496333021893e+00,3.933296391638732015e-01
1.131579852104187012e+01,-6.112327480607535404e-03,1.917372813271440712e-01,5.666480897653856097e-01,-1.764424192072566200e+02,1.012492661746127398e+00,3.914497130042786655e-01
1.133731460571289062e+01,-6.112327480607535404e-03,1.917372813271440712e-01,5.666480897653856097e-01,-1.764424192072566200e+02,1.012492661746127398e+00,3.914497130042786655e-01
1.135641717910766602e+01,-6.020077205946166785e-03,1.917394353362785742e-01,5.666461374669319317e-01,-1.764421357543334068e+02,1.012483857461206949e+00,3.919253878519695089e-01
1.137623190879821777e+01,-6.181403319864262058e-03,1.917368085654018728e-01,5.666493238111516284e-01,-1.764423948423913941e+02,1.034429641312595960e+00,3.928137883869699531e-01
1.139559650421142578e+01,-5.852487099564551883e-03,1.917372813187143699e-01,5.666457948435171810e-01,-1.764425693932590491e+02,9.905138394043997430e-01,3.914471686919026583e-01
1.140780544281005859e+01,-6.181403319864262058e-03,1.917368085654018728e-01,5.666493238111516284e-01,-1.764423948423913941e+02,1.034429641312595960e+00,3.928137883869699531e-01
1.142878818511962891e+01,-5.852487099564551883e-03,1.917372813187143699e-01,5.666457948435171810e-01,-1.764425693932590491e+02,9.905138394043997430e-01,3.914471686919026583e-01
1.144644665718078613e+01,-6.181403319864262058e-03,1.917368085654018728e-01,5.666493238111516284e-01,-1.764423948423913941e+02,1.034429641312595960e+00,3.928137883869699531e-01
1.146588540077209473e+01,-5.921727166120523481e-03,1.914769724101583193e-01,5.666387153509593322e-01,-1.764645235141432806e+02,1.012601489340532179e+00,3.928570004390180004e-01
1.148658823966979980e+01,-6.181403319864262058e-03,1.917368085654018728e-01,5.666493238111516284e-01,-1.764423948423913941e+02,1.034429641312595960e+00,3.928137883869699531e-01
1.149971628189086914e+01,-6.112327480607535404e-03,1.917372813271440712e-01,5.666480897653856097e-01,-1.764424192072566200e+02,1.012492661746127398e+00,3.914497130042786655e-01
1.151994681358337402e+01,-5.921563407132548508e-03,1.917368085568748604e-01,5.666470023908881659e-01,-1.764425455527438089e+02,1.012450822552031893e+00,3.928111772158203729e-01
1.153868508338928223e+01,-5.921563407132548508e-03,1.917368085568748604e-01,5.666470023908881659e-01,-1.764425455527438089e+02,1.012450822552031893e+00,3.928111772158203729e-01
1.155964636802673340e+01,-5.921727166120523481e-03,1.914769724101583193e-01,5.666387153509593322e-01,-1.764645235141432806e+02,1.012601489340532179e+00,3.928570004390180004e-01
1.157203006744384766e+01,-6.112494422608033204e-03,1.914774452407241867e-01,5.666398026075529781e-01,-1.764643970042994283e+02,1.012642806870994727e+00,3.915039530397559364e-01
1.159170866012573242e+01,-6.181403319864262058e-03,1.917368085654018728e-01,5.666493238111516284e-01,-1.764423948423913941e+02,1.034429641312595960e+00,3.928137883869699531e-01
1.161120033264160156e+01,-6.181570258212278762e-03,1.914769724186855537e-01,5.666410368346526116e-01,-1.764643727862029152e+02,1.034580307980574654e+00,3.928596123206092861e-01
1.163042283058166504e+01,-5.852487099564551883e-03,1.917372813187143699e-01,5.666457948435171810e-01,-1.764425693932590491e+02,9.905138394043997430e-01,3.914471686919026583e-01
1.165007424354553223e+01,-6.112327480607535404e-03,1.917372813271440712e-01,5.666480897653856097e-01,-1.764424192072566200e+02,1.012492661746127398e+00,3.914497130042786655e-01
1.166640520095825195e+01,-5.918753064968532845e-03,1.917387980587312579e-01,5.666470738610029922e-01,-1.764423147105571275e+02,1.012917013263699761e+00,3.708420785206669734e-01
1.168317484855651855e+01,-6.112327480607535404e-03,1.917372813271440712e-01,5.666480897653856097e-01,-1.764424192072566200e+02,1.012492661746127398e+00,3.914497130042786655e-01
1.169573879241943359e+01,-6.112327480607535404e-03,1.917372813271440712e-01,5.666480897653856097e-01,-1.764424192072566200e+02,1.012492661746127398e+00,3.914497130042786655e-01
1.171611738204956055e+01,-6.181570258212278762e-03,1.914769724186855537e-01,5.666410368346526116e-01,-1.764643727862029152e+02,1.034580307980574654e+00,3.928596123206092861e-01
1.173233413696289062e+01,-5.921563407132548508e-03,1.917368085568748604e-01,5.666470023908881659e-01,-1.764425455527438089e+02,1.012450822552031893e+00,3.928111772158203729e-01
1.175215101242065430e+01,-6.112327480607535404e-03,1.917372813271440712e-01,5.666480897653856097e-01,-1.764424192072566200e+02,1.012492661746127398e+00,3.914497130042786655e-01
1.177095365524291992e+01,-6.112327480607535404e-03,1.917372813271440712e-01,5.666480897653856097e-01,-1.764424192072566200e+02,1.012492661746127398e+00,3.914497130042786655e-01
1.179093074798583984e+01,-6.181403319864262058e-03,1.917368085654018728e-01,5.666493238111516284e-01,-1.764423948423913941e+02,1.034429641312595960e+00,3.928137883869699531e-01
1.181136417388916016e+01,-5.852487099564551883e-03,1.917372813187143699e-01,5.666457948435171810e-01,-1.764425693932590491e+02,9.905138394043997430e-01,3.914471686919026583e-01
1.183074212074279785e+01,-5.921563407132548508e-03,1.917368085568748604e-01,5.666470023908881659e-01,-1.764425455527438089e+02,1.012450822552031893e+00,3.928111772158203729e-01
1.185004091262817383e+01,-6.181403319864262058e-03,1.917368085654018728e-01,5.666493238111516284e-01,-1.764423948423913941e+02,1.034429641312595960e+00,3.928137883869699531e-01
1.186894702911376953e+01,-5.852650862135445539e-03,1.914774452322942910e-01,5.666375076222531781e-01,-1.764645472111183722e+02,9.906639846714301312e-01,3.915014079699741245e-01
1.188846635818481445e+01,-6.181403319864262058e-03,1.917368085654018728e-01,5.666493238111516284e-01,-1.764423948423913941e+02,1.034429641312595960e+00,3.928137883869699531e-01
1.190795397758483887e+01,-6.348992800267050027e-03,1.917389620097588732e-01,5.666497572116702131e-01,-1.764419604927875014e+02,1.056399647781680384e+00,3.932922440943229514e-01
1.192724037170410156e+01,-6.178592950487435398e-03,1.917387980672543568e-01,5.666493942031806119e-01,-1.764421724289748852e+02,1.034895888186893265e+00,3.708445402993095219e-01
1.194681167602539062e+01,-6.112327480607535404e-03,1.917372813271440712e-01,5.666480897653856097e-01,-1.764424192072566200e+02,1.012492661746127398e+00,3.914497130042786655e-01
1.196853613853454590e+01,-6.181403319864262058e-03,1.917368085654018728e-01,5.666493238111516284e-01,-1.764423948423913941e+02,1.034429641312595960e+00,3.928137883869699531e-01
1.198737549781799316e+01,-5.921563407132548508e-03,1.917368085568748604e-01,5.666470023908881659e-01,-1.764425455527438089e+02,1.012450822552031893e+00,3.928111772158203729e-01
1.200161695480346680e+01,-6.181403319864262058e-03,1.917368085654018728e-01,5.666493238111516284e-01,-1.764423948423913941e+02,1.034429641312595960e+00,3.928137883869699531e-01
1.202121877670288086e+01,-6.020077205946166785e-03,1.917394353362785742e-01,5.666461374669319317e-01,-1.764421357543334068e+02,1.012483857461206949e+00,3.919253878519695089e-01
1.204105544090270996e+01,-6.181403319864262058e-03,1.917368085654018728e-01,5.666493238111516284e-01,-1.764423948423913941e+02,1.034429641312595960e+00,3.928137883869699531e-01
1.205968880653381348e+01,-6.181403319864262058e-03,1.917368085654018728e-01,5.666493238111516284e-01,-1.764423948423913941e+02,1.034429641312595960e+00,3.928137883869699531e-01
1.207873487472534180e+01,-6.181403319864262058e-03,1.917368085654018728e-01,5.666493238111516284e-01,-1.764423948423913941e+02,1.034429641312595960e+00,3.928137883869699531e-01
1.209826159477233887e+01,-5.921563407132548508e-03,1.917368085568748604e-01,5.666470023908881659e-01,-1.764425455527438089e+02,1.012450822552031893e+00,3.928111772158203729e-01
1.211748385429382324e+01,-5.921563407132548508e-03,1.917368085568748604e-01,5.666470023908881659e-01,-1.764425455527438089e+02,1.012450822552031893e+00,3.928111772158203729e-01
1.213705778121948242e+01,-6.020077205946166785e-03,1.917394353362785742e-01,5.666461374669319317e-01,-1.764421357543334068e+02,1.012483857461206949e+00,3.919253878519695089e-01
1.215201687812805176e+01,-6.112327480607535404e-03,1.917372813271440712e-01,5.666480897653856097e-01,-1.764424192072566200e+02,1.012492661746127398e+00,3.914497130042786655e-01
1.217248582839965820e+01,-6.112327480607535404e-03,1.917372813271440712e-01,5.666480897653856097e-01,-1.764424192072566200e+02,1.012492661746127398e+00,3.914497130042786655e-01
1.218880629539489746e+01,-6.181403319864262058e-03,1.917368085654018728e-01,5.666493238111516284e-01,-1.764423948423913941e+02,1.034429641312595960e+00,3.928137883869699531e-01
1.220758843421936035e+01,-6.181403319864262058e-03,1.917368085654018728e-01,5.666493238111516284e-01,-1.764423948423913941e+02,1.034429641312595960e+00,3.928137883869699531e-01
1.223034405708312988e+01,-5.921563407132548508e-03,1.917368085568748604e-01,5.666470023908881659e-01,-1.764425455527438089e+02,1.012450822552031893e+00,3.928111772158203729e-01
1.224217343330383301e+01,-5.921563407132548508e-03,1.917368085568748604e-01,5.666470023908881659e-01,-1.764425455527438089e+02,1.012450822552031893e+00,3.928111772158203729e-01
1.226128506660461426e+01,-6.112494422608033204e-03,1.914774452407241867e-01,5.666398026075529781e-01,-1.764643970042994283e+02,1.012642806870994727e+00,3.915039530397559364e-01
1.227921986579895020e+01,-6.181570258212278762e-03,1.914769724186855537e-01,5.666410368346526116e-01,-1.764643727862029152e+02,1.034580307980574654e+00,3.928596123206092861e-01
1.229877758026123047e+01,-6.112327480607535404e-03,1.917372813271440712e-01,5.666480897653856097e-01,-1.764424192072566200e+02,1.012492661746127398e+00,3.914497130042786655e-01
1.231912374496459961e+01,-6.181570258212278762e-03,1.914769724186855537e-01,5.666410368346526116e-01,-1.764643727862029152e+02,1.034580307980574654e+00,3.928596123206092861e-01
1.233711123466491699e+01,-6.181570258212278762e-03,1.914769724186855537e-01,5.666410368346526116e-01,-1.764643727862029152e+02,1.034580307980574654e+00,3.928596123206092861e-01
1.235281467437744141e+01,-6.109516945078746764e-03,1.917392443427023974e-01,5.666481595952906902e-01,-1.764421968064640964e+02,1.012958913914726367e+00,3.694803795511125144e-01
1.237199306488037109e+01,-5.921563407132548508e-03,1.917368085568748604e-01,5.666470023908881659e-01,-1.764425455527438089e+02,1.012450822552031893e+00,3.928111772158203729e-01
1.239182376861572266e+01,-6.112327480607535404e-03,1.917372813271440712e-01,5.666480897653856097e-01,-1.764424192072566200e+02,1.012492661746127398e+00,3.914497130042786655e-01
1.241159796714782715e+01,-6.181403319864262058e-03,1.917368085654018728e-01,5.666493238111516284e-01,-1.764423948423913941e+02,1.034429641312595960e+00,3.928137883869699531e-01
1.243065047264099121e+01,-6.178592950487435398e-03,1.917387980672543568e-01,5.666493942031806119e-01,-1.764421724289748852e+02,1.034895888186893265e+00,3.708445402993095219e-01
1.244627785682678223e+01,-6.112327480607535404e-03,1.917372813271440712e-01,5.666480897653856097e-01,-1.764424192072566200e+02,1.012492661746127398e+00,3.914497130042786655e-01
1.246560239791870117e+01,-6.181403319864262058e-03,1.917368085654018728e-01,5.666493238111516284e-01,-1.764423948423913941e+02,1.034429641312595960e+00,3.928137883869699531e-01
1.248526382446289062e+01,-6.112494422608033204e-03,1.914774452407241867e-01,5.666398026075529781e-01,-1.764643970042994283e+02,1.012642806870994727e+00,3.915039530397559364e-01
1.250475263595581055e+01,-5.921727166120523481e-03,1.914769724101583193e-01,5.666387153509593322e-01,-1.764645235141432806e+02,1.012601489340532179e+00,3.928570004390180004e-01
1.252645897865295410e+01,-6.112327480607535404e-03,1.917372813271440712e-01,5.666480897653856097e-01,-1.764424192072566200e+02,1.012492661746127398e+00,3.914497130042786655e-01
1.253792834281921387e+01,-6.181403319864262058e-03,1.917368085654018728e-01,5.666493238111516284e-01,-1.764423948423913941e+02,1.034429641312595960e+00,3.928137883869699531e-01
1.255733299255371094e+01,-6.181570258212278762e-03,1.914769724186855537e-01,5.666410368346526116e-01,-1.764643727862029152e+02,1.034580307980574654e+00,3.928596123206092861e-01
1.257871007919311523e+01,-6.181570258212278762e-03,1.914769724186855537e-01,5.666410368346526116e-01,-1.764643727862029152e+02,1.034580307980574654e+00,3.928596123206092861e-01
1.259563970565795898e+01,-6.112327480607535404e-03,1.917372813271440712e-01,5.666480897653856097e-01,-1.764424192072566200e+02,1.012492661746127398e+00,3.914497130042786655e-01
1.261486387252807617e+01,-6.181403319864262058e-03,1.917368085654018728e-01,5.666493238111516284e-01,-1.764423948423913941e+02,1.034429641312595960e+00,3.928137883869699531e-01
1.263444113731384277e+01,-6.181570258212278762e-03,1.914769724186855537e-01,5.666410368346526116e-01,-1.764643727862029152e+02,1.034580307980574654e+00,3.928596123206092861e-01
1.265351319313049316e+01,-6.280084401857094489e-03,1.914795981197528196e-01,5.666402086945623306e-01,-1.764639633301923141e+02,1.034613005489659843e+00,3.919738043217360635e-01
1.267355823516845703e+01,-6.112327480607535404e-03,1.917372813271440712e-01,5.666480897653856097e-01,-1.764424192072566200e+02,1.012492661746127398e+00,3.914497130042786655e-01
1.269317960739135742e+01,-6.181403319864262058e-03,1.917368085654018728e-01,5.666493238111516284e-01,-1.764423948423913941e+02,1.034429641312595960e+00,3.928137883869699531e-01
1.270772147178649902e+01,-6.181403319864262058e-03,1.917368085654018728e-01,5.666493238111516284e-01,-1.764423948423913941e+02,1.034429641312595960e+00,3.928137883869699531e-01
1.272783541679382324e+01,-5.921563407132548508e-03,1.917368085568748604e-01,5.666470023908881659e-01,-1.764425455527438089e+02,1.012450822552031893e+00,3.928111772158203729e-01
1.274723100662231445e+01,-6.181570258212278762e-03,1.914769724186855537e-01,5.666410368346526116e-01,-1.764643727862029152e+02,1.034580307980574654e+00,3.928596123206092861e-01
1.276142048835754395e+01,-5.921727166120523481e-03,1.914769724101583193e-01,5.666387153509593322e-01,-1.764645235141432806e+02,1.012601489340532179e+00,3.928570004390180004e-01
1.277805018424987793e+01,-6.178592950487435398e-03,1.917387980672543568e-01,5.666493942031806119e-01,-1.764421724289748852e+02,1.034895888186893265e+00,3.708445402993095219e-01
1.279869604110717773e+01,-6.181403319864262058e-03,1.917368085654018728e-01,5.666493238111516284e-01,-1.764423948423913941e+02,1.034429641312595960e+00,3.928137883869699531e-01
1.281729006767272949e+01,-6.112494422608033204e-03,1.914774452407241867e-01,5.666398026075529781e-01,-1.764643970042994283e+02,1.012642806870994727e+00,3.915039530397559364e-01
1.283667707443237305e+01,-6.112327480607535404e-03,1.917372813271440712e-01,5.666480897653856097e-01,-1.764424192072566200e+02,1.012492661746127398e+00,3.914497130042786655e-01
1.285503149032592773e+01,-6.181403319864262058e-03,1.917368085654018728e-01,5.666493238111516284e-01,-1.764423948423913941e+02,1.034429641312595960e+00,3.928137883869699531e-01
1.287402987480163574e+01,-6.109516945078746764e-03,1.917392443427023974e-01,5.666481595952906902e-01,-1.764421968064640964e+02,1.012958913914726367e+00,3.694803795511125144e-01
1.289407062530517578e+01,-6.181403319864262058e-03,1.917368085654018728e-01,5.666493238111516284e-01,-1.764423948423913941e+02,1.034429641312595960e+00,3.928137883869699531e-01
1.291309928894042969e+01,-6.112327480607535404e-03,1.917372813271440712e-01,5.666480897653856097e-01,-1.764424192072566200e+02,1.012492661746127398e+00,3.914497130042786655e-01
1.293381071090698242e+01,-6.181403319864262058e-03,1.917368085654018728e-01,5.666493238111516284e-01,-1.764423948423913941e+02,1.034429641312595960e+00,3.928137883869699531e-01
1.295330452919006348e+01,-6.279917443220624576e-03,1.917394353449444477e-01,5.666484966783109645e-01,-1.764419853838260508e+02,1.034462678548753622e+00,3.919279930396806222e-01
1.297253584861755371e+01,-6.112327480607535404e-03,1.917372813271440712e-01,5.666480897653856097e-01,-1.764424192072566200e+02,1.012492661746127398e+00,3.914497130042786655e-01
1.299579644203186035e+01,-6.181403319864262058e-03,1.917368085654018728e-01,5.666493238111516284e-01,-1.764423948423913941e+02,1.034429641312595960e+00,3.928137883869699531e-01
1.301122736930847168e+01,-6.112327480607535404e-03,1.917372813271440712e-01,5.666480897653856097e-01,-1.764424192072566200e+02,1.012492661746127398e+00,3.914497130042786655e-01
1.303098583221435547e+01,-6.181403319864262058e-03,1.917368085654018728e-01,5.666493238111516284e-01,-1.764423948423913941e+02,1.034429641312595960e+00,3.928137883869699531e-01
1.305032896995544434e+01,-5.852487099564551883e-03,1.917372813187143699e-01,5.666457948435171810e-01,-1.764425693932590491e+02,9.905138394043997430e-01,3.914471686919026583e-01
1.306988501548767090e+01,-6.112327480607535404e-03,1.917372813271440712e-01,5.666480897653856097e-01,-1.764424192072566200e+02,1.012492661746127398e+00,3.914497130042786655e-01
1.309289145469665527e+01,-5.852487099564551883e-03,1.917372813187143699e-01,5.666457948435171810e-01,-1.764425693932590491e+02,9.905138394043997430e-01,3.914471686919026583e-01
1.310983967781066895e+01,-5.852487099564551883e-03,1.917372813187143699e-01,5.666457948435171810e-01,-1.764425693932590491e+02,9.905138394043997430e-01,3.914471686919026583e-01
1.312943100929260254e+01,-6.181403319864262058e-03,1.917368085654018728e-01,5.666493238111516284e-01,-1.764423948423913941e+02,1.034429641312595960e+00,3.928137883869699531e-01
1.314864969253540039e+01,-6.112494422608033204e-03,1.914774452407241867e-01,5.666398026075529781e-01,-1.764643970042994283e+02,1.012642806870994727e+00,3.915039530397559364e-01
1.316237545013427734e+01,-5.921727166120523481e-03,1.914769724101583193e-01,5.666387153509593322e-01,-1.764645235141432806e+02,1.012601489340532179e+00,3.928570004390180004e-01
1.318011116981506348e+01,-5.921563407132548508e-03,1.917368085568748604e-01,5.666470023908881659e-01,-1.764425455527438089e+02,1.012450822552031893e+00,3.928111772158203729e-01
1.320048403739929199e+01,-6.109516945078746764e-03,1.917392443427023974e-01,5.666481595952906902e-01,-1.764421968064640964e+02,1.012958913914726367e+00,3.694803795511125144e-01
1.322180438041687012e+01,-6.181403319864262058e-03,1.917368085654018728e-01,5.666493238111516284e-01,-1.764423948423913941e+02,1.034429641312595960e+00,3.928137883869699531e-01
1.323917746543884277e+01,-6.112327480607535404e-03,1.917372813271440712e-01,5.666480897653856097e-01,-1.764424192072566200e+02,1.012492661746127398e+00,3.914497130042786655e-01
1.325989723205566406e+01,-6.348992800267050027e-03,1.917389620097588732e-01,5.666497572116702131e-01,-1.764419604927875014e+02,1.056399647781680384e+00,3.932922440943229514e-01
1.327869558334350586e+01,-6.181570258212278762e-03,1.914769724186855537e-01,5.666410368346526116e-01,-1.764643727862029152e+02,1.034580307980574654e+00,3.928596123206092861e-01
1.329756999015808105e+01,-6.181403319864262058e-03,1.917368085654018728e-01,5.666493238111516284e-01,-1.764423948423913941e+02,1.034429641312595960e+00,3.928137883869699531e-01
1.331853485107421875e+01,-6.109516945078746764e-03,1.917392443427023974e-01,5.666481595952906902e-01,-1.764421968064640964e+02,1.012958913914726367e+00,3.694803795511125144e-01
1.333646488189697266e+01,-6.089316816767645704e-03,1.914791247256700801e-01,5.666390836364464390e-01,-1.764640894984524095e+02,1.034571678929940175e+00,3.933269661852887289e-01
1.335571384429931641e+01,-6.112327480607535404e-03,1.917372813271440712e-01,5.666480897653856097e-01,-1.764424192072566200e+02,1.012492661746127398e+00,3.914497130042786655e-01
1.337604022026062012e+01,-6.181403319864262058e-03,1.917368085654018728e-01,5.666493238111516284e-01,-1.764423948423913941e+02,1.034429641312595960e+00,3.928137883869699531e-01
1.339534640312194824e+01,-6.112327480607535404e-03,1.917372813271440712e-01,5.666480897653856097e-01,-1.764424192072566200e+02,1.012492661746127398e+00,3.914497130042786655e-01
1.341488194465637207e+01,-6.112327480607535404e-03,1.917372813271440712e-01,5.666480897653856097e-01,-1.764424192072566200e+02,1.012492661746127398e+00,3.914497130042786655e-01
1.343410396575927734e+01,-5.921727166120523481e-03,1.914769724101583193e-01,5.666387153509593322e-01,-1.764645235141432806e+02,1.012601489340532179e+00,3.928570004390180004e-01
1.344998192787170410e+01,-6.181403319864262058e-03,1.917368085654018728e-01,5.666493238111516284e-01,-1.764423948423913941e+02,1.034429641312595960e+00,3.928137883869699531e-01
1.346162939071655273e+01,-5.852487099564551883e-03,1.917372813187143699e-01,5.666457948435171810e-01,-1.764425693932590491e+02,9.905138394043997430e-01,3.914471686919026583e-01
1.348115015029907227e+01,-6.181403319864262058e-03,1.917368085654018728e-01,5.666493238111516284e-01,-1.764423948423913941e+02,1.034429641312595960e+00,3.928137883869699531e-01
1.349525117874145508e+01,-6.181403319864262058e-03,1.917368085654018728e-01,5.666493238111516284e-01,-1.764423948423913941e+02,1.034429641312595960e+00,3.928137883869699531e-01
1.351505064964294434e+01,-6.178592950487435398e-03,1.917387980672543568e-01,5.666493942031806119e-01,-1.764421724289748852e+02,1.034895888186893265e+00,3.708445402993095219e-01
1.353455901145935059e+01,-5.921563407132548508e-03,1.917368085568748604e-01,5.666470023908881659e-01,-1.764425455527438089e+02,1.012450822552031893e+00,3.928111772158203729e-01
1.355293464660644531e+01,-5.921563407132548508e-03,1.917368085568748604e-01,5.666470023908881659e-01,-1.764425455527438089e+02,1.012450822552031893e+00,3.928111772158203729e-01
1.357243084907531738e+01,-6.181403319864262058e-03,1.917368085654018728e-01,5.666493238111516284e-01,-1.764423948423913941e+02,1.034429641312595960e+00,3.928137883869699531e-01
1.359153842926025391e+01,-5.921563407132548508e-03,1.917368085568748604e-01,5.666470023908881659e-01,-1.764425455527438089e+02,1.012450822552031893e+00,3.928111772158203729e-01
1.361240267753601074e+01,-6.181403319864262058e-03,1.917368085654018728e-01,5.666493238111516284e-01,-1.764423948423913941e+02,1.034429641312595960e+00,3.928137883869699531e-01
1.363152217864990234e+01,-6.181403319864262058e-03,1.917368085654018728e-01,5.666493238111516284e-01,-1.764423948423913941e+02,1.034429641312595960e+00,3.928137883869699531e-01
1.365165638923645020e+01,-6.181403319864262058e-03,1.917368085654018728e-01,5.666493238111516284e-01,-1.764423948423913941e+02,1.034429641312595960e+00,3.928137883869699531e-01
1.367126822471618652e+01,-6.181403319864262058e-03,1.917368085654018728e-01,5.666493238111516284e-01,-1.764423948423913941e+02,1.034429641312595960e+00,3.928137883869699531e-01
1.368508434295654297e+01,-6.112327480607535404e-03,1.917372813271440712e-01,5.666480897653856097e-01,-1.764424192072566200e+02,1.012492661746127398e+00,3.914497130042786655e-01
1.370257544517517090e+01,-6.181403319864262058e-03,1.917368085654018728e-01,5.666493238111516284e-01,-1.764423948423913941e+02,1.034429641312595960e+00,3.928137883869699531e-01
1.372166013717651367e+01,-5.921563407132548508e-03,1.917368085568748604e-01,5.666470023908881659e-01,-1.764425455527438089e+02,1.012450822552031893e+00,3.928111772158203729e-01
1.373618054389953613e+01,-6.181403319864262058e-03,1.917368085654018728e-01,5.666493238111516284e-01,-1.764423948423913941e+02,1.034429641312595960e+00,3.928137883869699531e-01
1.375262928009033203e+01,-6.112890284343809946e-03,1.915463736406921580e-01,5.666440741159134431e-01,-1.764424153862655942e+02,1.012604997452867028e+00,3.921140850799654798e-01
1.377178406715393066e+01,-6.181403319864262058e-03,1.917368085654018728e-01,5.666493238111516284e-01,-1.764423948423913941e+02,1.034429641312595960e+00,3.928137883869699531e-01
1.379237055778503418e+01,-5.921563407132548508e-03,1.917368085568748604e-01,5.666470023908881659e-01,-1.764425455527438089e+02,1.012450822552031893e+00,3.928111772158203729e-01
1.381078267097473145e+01,-6.181403319864262058e-03,1.917368085654018728e-01,5.666493238111516284e-01,-1.764423948423913941e+02,1.034429641312595960e+00,3.928137883869699531e-01
1.383089709281921387e+01,-6.277106897238442576e-03,1.917413983832408630e-01,5.666485654401114402e-01,-1.764417714084974875e+02,1.034929095420334511e+00,3.699585125517805273e-01
1.385006093978881836e+01,-5.921563407132548508e-03,1.917368085568748604e-01,5.666470023908881659e-01,-1.764425455527438089e+02,1.012450822552031893e+00,3.928111772158203729e-01
1.386992096900939941e+01,-6.178592950487435398e-03,1.917387980672543568e-01,5.666493942031806119e-01,-1.764421724289748852e+02,1.034895888186893265e+00,3.708445402993095219e-01
1.389007043838500977e+01,-6.178592950487435398e-03,1.917387980672543568e-01,5.666493942031806119e-01,-1.764421724289748852e+02,1.034895888186893265e+00,3.708445402993095219e-01
1.390826320648193359e+01,-6.181403319864262058e-03,1.917368085654018728e-01,5.666493238111516284e-01,-1.764423948423913941e+02,1.034429641312595960e+00,3.928137883869699531e-01
1.392804217338562012e+01,-5.921960380928493160e-03,1.918057345759224264e-01,5.666513001371673575e-01,-1.764205640244415747e+02,1.012412255901421254e+00,3.934297079516885787e-01
1.394732141494750977e+01,-6.178592950487435398e-03,1.917387980672543568e-01,5.666493942031806119e-01,-1.764421724289748852e+02,1.034895888186893265e+00,3.708445402993095219e-01
1.396837019920349121e+01,-5.921563407132548508e-03,1.917368085568748604e-01,5.666470023908881659e-01,-1.764425455527438089e+02,1.012450822552031893e+00,3.928111772158203729e-01
1.398754954338073730e+01,-6.181570258212278762e-03,1.914769724186855537e-01,5.666410368346526116e-01,-1.764643727862029152e+02,1.034580307980574654e+00,3.928596123206092861e-01
1.400547575950622559e+01,-6.181403319864262058e-03,1.917368085654018728e-01,5.666493238111516284e-01,-1.764423948423913941e+02,1.034429641312595960e+00,3.928137883869699531e-01
1.401967549324035645e+01,-6.279917443220624576e-03,1.917394353449444477e-01,5.666484966783109645e-01,-1.764419853838260508e+02,1.034462678548753622e+00,3.919279930396806222e-01
1.403845334053039551e+01,-6.181403319864262058e-03,1.917368085654018728e-01,5.666493238111516284e-01,-1.764423948423913941e+02,1.034429641312595960e+00,3.928137883869699531e-01
1.405775308609008789e+01,-6.181570258212278762e-03,1.914769724186855537e-01,5.666410368346526116e-01,-1.764643727862029152e+02,1.034580307980574654e+00,3.928596123206092861e-01
1.407704401016235352e+01,-5.921563407132548508e-03,1.917368085568748604e-01,5.666470023908881659e-01,-1.764425455527438089e+02,1.012450822552031893e+00,3.928111772158203729e-01
1.409642410278320312e+01,-6.181403319864262058e-03,1.917368085654018728e-01,5.666493238111516284e-01,-1.764423948423913941e+02,1.034429641312595960e+00,3.928137883869699531e-01
1.411253857612609863e+01,-6.181403319864262058e-03,1.917368085654018728e-01,5.666493238111516284e-01,-1.764423948423913941e+02,1.034429641312595960e+00,3.928137883869699531e-01
1.412741804122924805e+01,-5.921563407132548508e-03,1.917368085568748604e-01,5.666470023908881659e-01,-1.764425455527438089e+02,1.012450822552031893e+00,3.928111772158203729e-01
1.414806652069091797e+01,-5.852487099564551883e-03,1.917372813187143699e-01,5.666457948435171810e-01,-1.764425693932590491e+02,9.905138394043997430e-01,3.914471686919026583e-01
1.416849184036254883e+01,-5.921563407132548508e-03,1.917368085568748604e-01,5.666470023908881659e-01,-1.764425455527438089e+02,1.012450822552031893e+00,3.928111772158203729e-01
1.418378925323486328e+01,-5.921563407132548508e-03,1.917368085568748604e-01,5.666470023908881659e-01,-1.764425455527438089e+02,1.012450822552031893e+00,3.928111772158203729e-01
1.420301437377929688e+01,-6.109516945078746764e-03,1.917392443427023974e-01,5.666481595952906902e-01,-1.764421968064640964e+02,1.012958913914726367e+00,3.694803795511125144e-01
1.422389483451843262e+01,-6.178592950487435398e-03,1.917387980672543568e-01,5.666493942031806119e-01,-1.764421724289748852e+02,1.034895888186893265e+00,3.708445402993095219e-01
1.424785327911376953e+01,-6.181403319864262058e-03,1.917368085654018728e-01,5.666493238111516284e-01,-1.764423948423913941e+02,1.034429641312595960e+00,3.928137883869699531e-01
1.426169276237487793e+01,-6.178592950487435398e-03,1.917387980672543568e-01,5.666493942031806119e-01,-1.764421724289748852e+02,1.034895888186893265e+00,3.708445402993095219e-01
1.428325510025024414e+01,-6.181403319864262058e-03,1.917368085654018728e-01,5.666493238111516284e-01,-1.764423948423913941e+02,1.034429641312595960e+00,3.928137883869699531e-01
1.430381608009338379e+01,-6.181403319864262058e-03,1.917368085654018728e-01,5.666493238111516284e-01,-1.764423948423913941e+02,1.034429641312595960e+00,3.928137883869699531e-01
1.432010960578918457e+01,-6.181403319864262058e-03,1.917368085654018728e-01,5.666493238111516284e-01,-1.764423948423913941e+02,1.034429641312595960e+00,3.928137883869699531e-01
1.434684586524963379e+01,-6.181403319864262058e-03,1.917368085654018728e-01,5.666493238111516284e-01,-1.764423948423913941e+02,1.034429641312595960e+00,3.928137883869699531e-01
1.435954618453979492e+01,-6.181403319864262058e-03,1.917368085654018728e-01,5.666493238111516284e-01,-1.764423948423913941e+02,1.034429641312595960e+00,3.928137883869699531e-01
1.437957143783569336e+01,-6.178592950487435398e-03,1.917387980672543568e-01,5.666493942031806119e-01,-1.764421724289748852e+02,1.034895888186893265e+00,3.708445402993095219e-01
1.440116977691650391e+01,-5.852487099564551883e-03,1.917372813187143699e-01,5.666457948435171810e-01,-1.764425693932590491e+02,9.905138394043997430e-01,3.914471686919026583e-01
1.442154073715209961e+01,-6.181403319864262058e-03,1.917368085654018728e-01,5.666493238111516284e-01,-1.764423948423913941e+02,1.034429641312595960e+00,3.928137883869699531e-01
1.444146013259887695e+01,-6.181403319864262058e-03,1.917368085654018728e-01,5.666493238111516284e-01,-1.764423948423913941e+02,1.034429641312595960e+00,3.928137883869699531e-01
1.445799326896667480e+01,-6.181570258212278762e-03,1.914769724186855537e-01,5.666410368346526116e-01,-1.764643727862029152e+02,1.034580307980574654e+00,3.928596123206092861e-01
1.447775602340698242e+01,-6.181403319864262058e-03,1.917368085654018728e-01,5.666493238111516284e-01,-1.764423948423913941e+02,1.034429641312595960e+00,3.928137883869699531e-01
1.449727749824523926e+01,-6.181403319864262058e-03,1.917368085654018728e-01,5.666493238111516284e-01,-1.764423948423913941e+02,1.034429641312595960e+00,3.928137883869699531e-01
1.451722979545593262e+01,-6.280084401857094489e-03,1.914795981197528196e-01,5.666402086945623306e-01,-1.764639633301923141e+02,1.034613005489659843e+00,3.919738043217360635e-01
1.453895330429077148e+01,-6.181570258212278762e-03,1.914769724186855537e-01,5.666410368346526116e-01,-1.764643727862029152e+02,1.034580307980574654e+00,3.928596123206092861e-01
1.455624079704284668e+01,-6.181403319864262058e-03,1.917368085654018728e-01,5.666493238111516284e-01,-1.764423948423913941e+02,1.034429641312595960e+00,3.928137883869699531e-01
1.457577300071716309e+01,-6.109516945078746764e-03,1.917392443427023974e-01,5.666481595952906902e-01,-1.764421968064640964e+02,1.012958913914726367e+00,3.694803795511125144e-01
1.459589338302612305e+01,-6.181403319864262058e-03,1.917368085654018728e-01,5.666493238111516284e-01,-1.764423948423913941e+02,1.034429641312595960e+00,3.928137883869699531e-01
1.461475515365600586e+01,-5.849676591032911682e-03,1.917392443342766373e-01,5.666458657515718311e-01,-1.764423385637181525e+02,9.909800356107862918e-01,3.694779814084659941e-01
1.463505315780639648e+01,-6.178592950487435398e-03,1.917387980672543568e-01,5.666493942031806119e-01,-1.764421724289748852e+02,1.034895888186893265e+00,3.708445402993095219e-01
1.465374302864074707e+01,-5.921563407132548508e-03,1.917368085568748604e-01,5.666470023908881659e-01,-1.764425455527438089e+02,1.012450822552031893e+00,3.928111772158203729e-01
1.467372274398803711e+01,-6.109683902244263110e-03,1.914794083046323647e-01,5.666398716845657546e-01,-1.764641746626048473e+02,1.013100633205398449e+00,3.695344413381463355e-01
1.469352579116821289e+01,-5.852487099564551883e-03,1.917372813187143699e-01,5.666457948435171810e-01,-1.764425693932590491e+02,9.905138394043997430e-01,3.914471686919026583e-01
1.471299862861633301e+01,-6.112494422608033204e-03,1.914774452407241867e-01,5.666398026075529781e-01,-1.764643970042994283e+02,1.012642806870994727e+00,3.915039530397559364e-01
1.473312425613403320e+01,-6.112494422608033204e-03,1.914774452407241867e-01,5.666398026075529781e-01,-1.764643970042994283e+02,1.012642806870994727e+00,3.915039530397559364e-01
1.475275516510009766e+01,-6.115033577187277761e-03,1.917403603295320114e-01,5.666482110083679302e-01,-1.764419799726445603e+02,1.012013382434598929e+00,4.134271928082370873e-01
1.476985836029052734e+01,-6.181403319864262058e-03,1.917368085654018728e-01,5.666493238111516284e-01,-1.764423948423913941e+02,1.034429641312595960e+00,3.928137883869699531e-01
1.479051566123962402e+01,-6.178592950487435398e-03,1.917387980672543568e-01,5.666493942031806119e-01,-1.764421724289748852e+02,1.034895888186893265e+00,3.708445402993095219e-01
1.480768132209777832e+01,-6.178592950487435398e-03,1.917387980672543568e-01,5.666493942031806119e-01,-1.764421724289748852e+02,1.034895888186893265e+00,3.708445402993095219e-01
1.482734727859497070e+01,-5.918753064968532845e-03,1.917387980587312579e-01,5.666470738610029922e-01,-1.764423147105571275e+02,1.012917013263699761e+00,3.708420785206669734e-01
1.484715366363525391e+01,-6.178759904205083885e-03,1.914789619691002476e-01,5.666411064636309725e-01,-1.764641504321524224e+02,1.035038129054742351e+00,3.708901859590930661e-01
1.486636590957641602e+01,-6.181403319864262058e-03,1.917368085654018728e-01,5.666493238111516284e-01,-1.764423948423913941e+02,1.034429641312595960e+00,3.928137883869699531e-01
1.488326215744018555e+01,-6.178592950487435398e-03,1.917387980672543568e-01,5.666493942031806119e-01,-1.764421724289748852e+02,1.034895888186893265e+00,3.708445402993095219e-01
1.490049934387207031e+01,-5.849676591032911682e-03,1.917392443342766373e-01,5.666458657515718311e-01,-1.764423385637181525e+02,9.909800356107862918e-01,3.694779814084659941e-01
1.491982150077819824e+01,-6.112327480607535404e-03,1.917372813271440712e-01,5.666480897653856097e-01,-1.764424192072566200e+02,1.012492661746127398e+00,3.914497130042786655e-01
1.494091320037841797e+01,-6.109516945078746764e-03,1.917392443427023974e-01,5.666481595952906902e-01,-1.764421968064640964e+02,1.012958913914726367e+00,3.694803795511125144e-01
1.496108508110046387e+01,-6.112327480607535404e-03,1.917372813271440712e-01,5.666480897653856097e-01,-1.764424192072566200e+02,1.012492661746127398e+00,3.914497130042786655e-01
1.497441029548645020e+01,-6.109516945078746764e-03,1.917392443427023974e-01,5.666481595952906902e-01,-1.764421968064640964e+02,1.012958913914726367e+00,3.694803795511125144e-01
1.498784327507019043e+01,-6.112327480607535404e-03,1.917372813271440712e-01,5.666480897653856097e-01,-1.764424192072566200e+02,1.012492661746127398e+00,3.914497130042786655e-01
1.500234389305114746e+01,-5.852487099564551883e-03,1.917372813187143699e-01,5.666457948435171810e-01,-1.764425693932590491e+02,9.905138394043997430e-01,3.914471686919026583e-01
1.502153134346008301e+01,-6.178592950487435398e-03,1.917387980672543568e-01,5.666493942031806119e-01,-1.764421724289748852e+02,1.034895888186893265e+00,3.708445402993095219e-01
1.503539562225341797e+01,-6.181403319864262058e-03,1.917368085654018728e-01,5.666493238111516284e-01,-1.764423948423913941e+02,1.034429641312595960e+00,3.928137883869699531e-01
1.505390119552612305e+01,-6.178592950487435398e-03,1.917387980672543568e-01,5.666493942031806119e-01,-1.764421724289748852e+02,1.034895888186893265e+00,3.708445402993095219e-01
1.507427859306335449e+01,-5.921727166120523481e-03,1.914769724101583193e-01,5.666387153509593322e-01,-1.764645235141432806e+02,1.012601489340532179e+00,3.928570004390180004e-01
1.508878397941589355e+01,-6.109683902244263110e-03,1.914794083046323647e-01,5.666398716845657546e-01,-1.764641746626048473e+02,1.013100633205398449e+00,3.695344413381463355e-01
1.510904741287231445e+01,-6.181403319864262058e-03,1.917368085654018728e-01,5.666493238111516284e-01,-1.764423948423913941e+02,1.034429641312595960e+00,3.928137883869699531e-01
1.512290120124816895e+01,-6.109683902244263110e-03,1.914794083046323647e-01,5.666398716845657546e-01,-1.764641746626048473e+02,1.013100633205398449e+00,3.695344413381463355e-01
1.513914322853088379e+01,-6.178592950487435398e-03,1.917387980672543568e-01,5.666493942031806119e-01,-1.764421724289748852e+02,1.034895888186893265e+00,3.708445402993095219e-01
1.516181826591491699e+01,-6.109516945078746764e-03,1.917392443427023974e-01,5.666481595952906902e-01,-1.764421968064640964e+02,1.012958913914726367e+00,3.694803795511125144e-01
1.517529773712158203e+01,-6.181403319864262058e-03,1.917368085654018728e-01,5.666493238111516284e-01,-1.764423948423913941e+02,1.034429641312595960e+00,3.928137883869699531e-01
1.519367742538452148e+01,-6.181403319864262058e-03,1.917368085654018728e-01,5.666493238111516284e-01,-1.764423948423913941e+02,1.034429641312595960e+00,3.928137883869699531e-01
1.521458911895751953e+01,-6.181570258212278762e-03,1.914769724186855537e-01,5.666410368346526116e-01,-1.764643727862029152e+02,1.034580307980574654e+00,3.928596123206092861e-01
1.523730707168579102e+01,-6.109516945078746764e-03,1.917392443427023974e-01,5.666481595952906902e-01,-1.764421968064640964e+02,1.012958913914726367e+00,3.694803795511125144e-01
1.525362229347229004e+01,-6.109516945078746764e-03,1.917392443427023974e-01,5.666481595952906902e-01,-1.764421968064640964e+02,1.012958913914726367e+00,3.694803795511125144e-01
1.527559924125671387e+01,-6.112327480607535404e-03,1.917372813271440712e-01,5.666480897653856097e-01,-1.764424192072566200e+02,1.012492661746127398e+00,3.914497130042786655e-01
1.529282188415527344e+01,-6.020077205946166785e-03,1.917394353362785742e-01,5.666461374669319317e-01,-1.764421357543334068e+02,1.012483857461206949e+00,3.919253878519695089e-01
1.531222367286682129e+01,-6.181403319864262058e-03,1.917368085654018728e-01,5.666493238111516284e-01,-1.764423948423913941e+02,1.034429641312595960e+00,3.928137883869699531e-01
1.533750748634338379e+01,-6.178592950487435398e-03,1.917387980672543568e-01,5.666493942031806119e-01,-1.764421724289748852e+02,1.034895888186893265e+00,3.708445402993095219e-01
1.535369348526000977e+01,-6.109516945078746764e-03,1.917392443427023974e-01,5.666481595952906902e-01,-1.764421968064640964e+02,1.012958913914726367e+00,3.694803795511125144e-01
1.537353134155273438e+01,-5.852487099564551883e-03,1.917372813187143699e-01,5.666457948435171810e-01,-1.764425693932590491e+02,9.905138394043997430e-01,3.914471686919026583e-01
1.539301919937133789e+01,-5.921563407132548508e-03,1.917368085568748604e-01,5.666470023908881659e-01,-1.764425455527438089e+02,1.012450822552031893e+00,3.928111772158203729e-01
1.541185879707336426e+01,-6.178592950487435398e-03,1.917387980672543568e-01,5.666493942031806119e-01,-1.764421724289748852e+02,1.034895888186893265e+00,3.708445402993095219e-01
1.543129467964172363e+01,-5.852487099564551883e-03,1.917372813187143699e-01,5.666457948435171810e-01,-1.764425693932590491e+02,9.905138394043997430e-01,3.914471686919026583e-01
1.545130944252014160e+01,-6.181403319864262058e-03,1.917368085654018728e-01,5.666493238111516284e-01,-1.764423948423913941e+02,1.034429641312595960e+00,3.928137883869699531e-01
1.547032737731933594e+01,-6.178592950487435398e-03,1.917387980672543568e-01,5.666493942031806119e-01,-1.764421724289748852e+02,1.034895888186893265e+00,3.708445402993095219e-01
1.549031949043273926e+01,-6.181570258212278762e-03,1.914769724186855537e-01,5.666410368346526116e-01,-1.764643727862029152e+02,1.034580307980574654e+00,3.928596123206092861e-01
1.550997185707092285e+01,-5.921727166120523481e-03,1.914769724101583193e-01,5.666387153509593322e-01,-1.764645235141432806e+02,1.012601489340532179e+00,3.928570004390180004e-01
1.552697467803955078e+01,-6.181403319864262058e-03,1.917368085654018728e-01,5.666493238111516284e-01,-1.764423948423913941e+02,1.034429641312595960e+00,3.928137883869699531e-01
1.554105544090270996e+01,-6.112327480607535404e-03,1.917372813271440712e-01,5.666480897653856097e-01,-1.764424192072566200e+02,1.012492661746127398e+00,3.914497130042786655e-01
1.556127452850341797e+01,-6.346182420438735601e-03,1.917409515343453108e-01,5.666498265357893249e-01,-1.764417465048557574e+02,1.056866059558909887e+00,3.713228457504160751e-01
1.558128190040588379e+01,-6.178592950487435398e-03,1.917387980672543568e-01,5.666493942031806119e-01,-1.764421724289748852e+02,1.034895888186893265e+00,3.708445402993095219e-01
1.560291218757629395e+01,-6.086342688439662710e-03,1.917409515255860675e-01,5.666474419042879518e-01,-1.764418889709227756e+02,1.034887185823988087e+00,3.713203260551419804e-01
1.562625718116760254e+01,-6.181403319864262058e-03,1.917368085654018728e-01,5.666493238111516284e-01,-1.764423948423913941e+02,1.034429641312595960e+00,3.928137883869699531e-01
1.564446663856506348e+01,-6.112327480607535404e-03,1.917372813271440712e-01,5.666480897653856097e-01,-1.764424192072566200e+02,1.012492661746127398e+00,3.914497130042786655e-01
1.566776847839355469e+01,-6.112327480607535404e-03,1.917372813271440712e-01,5.666480897653856097e-01,-1.764424192072566200e+02,1.012492661746127398e+00,3.914497130042786655e-01
1.568319106101989746e+01,-6.181403319864262058e-03,1.917368085654018728e-01,5.666493238111516284e-01,-1.764423948423913941e+02,1.034429641312595960e+00,3.928137883869699531e-01
1.570226907730102539e+01,-6.109516945078746764e-03,1.917392443427023974e-01,5.666481595952906902e-01,-1.764421968064640964e+02,1.012958913914726367e+00,3.694803795511125144e-01
1.572666597366333008e+01,-5.921727166120523481e-03,1.914769724101583193e-01,5.666387153509593322e-01,-1.764645235141432806e+02,1.012601489340532179e+00,3.928570004390180004e-01
1.574616599082946777e+01,-6.112327480607535404e-03,1.917372813271440712e-01,5.666480897653856097e-01,-1.764424192072566200e+02,1.012492661746127398e+00,3.914497130042786655e-01
1.576645207405090332e+01,-5.921563407132548508e-03,1.917368085568748604e-01,5.666470023908881659e-01,-1.764425455527438089e+02,1.012450822552031893e+00,3.928111772158203729e-01
1.579085588455200195e+01,-6.181570258212278762e-03,1.914769724186855537e-01,5.666410368346526116e-01,-1.764643727862029152e+02,1.034580307980574654e+00,3.928596123206092861e-01
1.580429267883300781e+01,-6.112327480607535404e-03,1.917372813271440712e-01,5.666480897653856097e-01,-1.764424192072566200e+02,1.012492661746127398e+00,3.914497130042786655e-01
1.582908201217651367e+01,-6.181798644867864470e-03,1.918057345844500217e-01,5.666536217093983696e-01,-1.764204130767822392e+02,1.034391073033980479e+00,3.934323232598932463e-01
1.585070586204528809e+01,-6.112494422608033204e-03,1.914774452407241867e-01,5.666398026075529781e-01,-1.764643970042994283e+02,1.012642806870994727e+00,3.915039530397559364e-01
1.587003254890441895e+01,-6.178592950487435398e-03,1.917387980672543568e-01,5.666493942031806119e-01,-1.764421724289748852e+02,1.034895888186893265e+00,3.708445402993095219e-01
1.589551925659179688e+01,-6.178592950487435398e-03,1.917387980672543568e-01,5.666493942031806119e-01,-1.764421724289748852e+02,1.034895888186893265e+00,3.708445402993095219e-01
1.591492033004760742e+01,-6.109885805406089707e-03,1.918081712324755661e-01,5.666524578066152174e-01,-1.764202151853246789e+02,1.012920868130592122e+00,3.700904969528328592e-01
1.593296742439270020e+01,-6.178592950487435398e-03,1.917387980672543568e-01,5.666493942031806119e-01,-1.764421724289748852e+02,1.034895888186893265e+00,3.708445402993095219e-01
1.595857048034667969e+01,-5.849676591032911682e-03,1.917392443342766373e-01,5.666458657515718311e-01,-1.764423385637181525e+02,9.909800356107862918e-01,3.694779814084659941e-01
1.597299289703369141e+01,-6.181403319864262058e-03,1.917368085654018728e-01,5.666493238111516284e-01,-1.764423948423913941e+02,1.034429641312595960e+00,3.928137883869699531e-01
1.599597024917602539e+01,-6.112327480607535404e-03,1.917372813271440712e-01,5.666480897653856097e-01,-1.764424192072566200e+02,1.012492661746127398e+00,3.914497130042786655e-01
1.602189540863037109e+01,-6.178592950487435398e-03,1.917387980672543568e-01,5.666493942031806119e-01,-1.764421724289748852e+02,1.034895888186893265e+00,3.708445402993095219e-01
1.604433727264404297e+01,-6.109516945078746764e-03,1.917392443427023974e-01,5.666481595952906902e-01,-1.764421968064640964e+02,1.012958913914726367e+00,3.694803795511125144e-01
1.606415247917175293e+01,-5.921563407132548508e-03,1.917368085568748604e-01,5.666470023908881659e-01,-1.764425455527438089e+02,1.012450822552031893e+00,3.928111772158203729e-01
1.608669161796569824e+01,-6.181403319864262058e-03,1.917368085654018728e-01,5.666493238111516284e-01,-1.764423948423913941e+02,1.034429641312595960e+00,3.928137883869699531e-01
1.611156678199768066e+01,-6.112327480607535404e-03,1.917372813271440712e-01,5.666480897653856097e-01,-1.764424192072566200e+02,1.012492661746127398e+00,3.914497130042786655e-01
1.612909054756164551e+01,-5.852487099564551883e-03,1.917372813187143699e-01,5.666457948435171810e-01,-1.764425693932590491e+02,9.905138394043997430e-01,3.914471686919026583e-01
1.615036892890930176e+01,-6.181403319864262058e-03,1.917368085654018728e-01,5.666493238111516284e-01,-1.764423948423913941e+02,1.034429641312595960e+00,3.928137883869699531e-01
1.616835594177246094e+01,-6.112327480607535404e-03,1.917372813271440712e-01,5.666480897653856097e-01,-1.764424192072566200e+02,1.012492661746127398e+00,3.914497130042786655e-01
1.619250297546386719e+01,-6.112327480607535404e-03,1.917372813271440712e-01,5.666480897653856097e-01,-1.764424192072566200e+02,1.012492661746127398e+00,3.914497130042786655e-01
1.620806813240051270e+01,-6.109516945078746764e-03,1.917392443427023974e-01,5.666481595952906902e-01,-1.764421968064640964e+02,1.012958913914726367e+00,3.694803795511125144e-01
1.623052906990051270e+01,-6.181403319864262058e-03,1.917368085654018728e-01,5.666493238111516284e-01,-1.764423948423913941e+02,1.034429641312595960e+00,3.928137883869699531e-01
1.625309801101684570e+01,-6.181403319864262058e-03,1.917368085654018728e-01,5.666493238111516284e-01,-1.764423948423913941e+02,1.034429641312595960e+00,3.928137883869699531e-01
1.626826262474060059e+01,-6.109516945078746764e-03,1.917392443427023974e-01,5.666481595952906902e-01,-1.764421968064640964e+02,1.012958913914726367e+00,3.694803795511125144e-01
1.628688883781433105e+01,-6.112494422608033204e-03,1.914774452407241867e-01,5.666398026075529781e-01,-1.764643970042994283e+02,1.012642806870994727e+00,3.915039530397559364e-01
1.630614972114562988e+01,-6.112327480607535404e-03,1.917372813271440712e-01,5.666480897653856097e-01,-1.764424192072566200e+02,1.012492661746127398e+00,3.914497130042786655e-01
1.632118487358093262e+01,-6.181403319864262058e-03,1.917368085654018728e-01,5.666493238111516284e-01,-1.764423948423913941e+02,1.034429641312595960e+00,3.928137883869699531e-01
1.634762525558471680e+01,-6.109516945078746764e-03,1.917392443427023974e-01,5.666481595952906902e-01,-1.764421968064640964e+02,1.012958913914726367e+00,3.694803795511125144e-01
1.636120772361755371e+01,-6.181403319864262058e-03,1.917368085654018728e-01,5.666493238111516284e-01,-1.764423948423913941e+02,1.034429641312595960e+00,3.928137883869699531e-01
1.638563847541809082e+01,-6.112494422608033204e-03,1.914774452407241867e-01,5.666398026075529781e-01,-1.764643970042994283e+02,1.012642806870994727e+00,3.915039530397559364e-01
1.640172481536865234e+01,-6.109516945078746764e-03,1.917392443427023974e-01,5.666481595952906902e-01,-1.764421968064640964e+02,1.012958913914726367e+00,3.694803795511125144e-01
1.642727017402648926e+01,-6.181403319864262058e-03,1.917368085654018728e-01,5.666493238111516284e-01,-1.764423948423913941e+02,1.034429641312595960e+00,3.928137883869699531e-01
1.644187736511230469e+01,-6.112327480607535404e-03,1.917372813271440712e-01,5.666480897653856097e-01,-1.764424192072566200e+02,1.012492661746127398e+00,3.914497130042786655e-01
1.646053361892700195e+01,-5.852650862135445539e-03,1.914774452322942910e-01,5.666375076222531781e-01,-1.764645472111183722e+02,9.906639846714301312e-01,3.915014079699741245e-01
1.648002028465270996e+01,-6.181403319864262058e-03,1.917368085654018728e-01,5.666493238111516284e-01,-1.764423948423913941e+02,1.034429641312595960e+00,3.928137883869699531e-01
1.649968957901000977e+01,-5.852487099564551883e-03,1.917372813187143699e-01,5.666457948435171810e-01,-1.764425693932590491e+02,9.905138394043997430e-01,3.914471686919026583e-01
1.651954770088195801e+01,-6.112494422608033204e-03,1.914774452407241867e-01,5.666398026075529781e-01,-1.764643970042994283e+02,1.012642806870994727e+00,3.915039530397559364e-01
1.653837943077087402e+01,-6.181403319864262058e-03,1.917368085654018728e-01,5.666493238111516284e-01,-1.764423948423913941e+02,1.034429641312595960e+00,3.928137883869699531e-01
1.656127905845642090e+01,-6.181403319864262058e-03,1.917368085654018728e-01,5.666493238111516284e-01,-1.764423948423913941e+02,1.034429641312595960e+00,3.928137883869699531e-01
1.658294439315795898e+01,-6.112327480607535404e-03,1.917372813271440712e-01,5.666480897653856097e-01,-1.764424192072566200e+02,1.012492661746127398e+00,3.914497130042786655e-01
1.659550333023071289e+01,-6.109516945078746764e-03,1.917392443427023974e-01,5.666481595952906902e-01,-1.764421968064640964e+02,1.012958913914726367e+00,3.694803795511125144e-01
1.660933256149291992e+01,-6.109516945078746764e-03,1.917392443427023974e-01,5.666481595952906902e-01,-1.764421968064640964e+02,1.012958913914726367e+00,3.694803795511125144e-01
1.662436008453369141e+01,-6.181403319864262058e-03,1.917368085654018728e-01,5.666493238111516284e-01,-1.764423948423913941e+02,1.034429641312595960e+00,3.928137883869699531e-01
1.664721131324768066e+01,-6.109683902244263110e-03,1.914794083046323647e-01,5.666398716845657546e-01,-1.764641746626048473e+02,1.013100633205398449e+00,3.695344413381463355e-01
1.666300773620605469e+01,-6.112494422608033204e-03,1.914774452407241867e-01,5.666398026075529781e-01,-1.764643970042994283e+02,1.012642806870994727e+00,3.915039530397559364e-01
1.668525195121765137e+01,-6.181570258212278762e-03,1.914769724186855537e-01,5.666410368346526116e-01,-1.764643727862029152e+02,1.034580307980574654e+00,3.928596123206092861e-01
1.670013809204101562e+01,-6.112327480607535404e-03,1.917372813271440712e-01,5.666480897653856097e-01,-1.764424192072566200e+02,1.012492661746127398e+00,3.914497130042786655e-01
1.671877861022949219e+01,-6.112327480607535404e-03,1.917372813271440712e-01,5.666480897653856097e-01,-1.764424192072566200e+02,1.012492661746127398e+00,3.914497130042786655e-01
1.673962593078613281e+01,-5.918916839033411953e-03,1.914789619605769544e-01,5.666387860580172076e-01,-1.764642927312535221e+02,1.013059254244887741e+00,3.708877235141854745e-01
1.675833988189697266e+01,-6.178592950487435398e-03,1.917387980672543568e-01,5.666493942031806119e-01,-1.764421724289748852e+02,1.034895888186893265e+00,3.708445402993095219e-01
1.678075909614562988e+01,-6.181403319864262058e-03,1.917368085654018728e-01,5.666493238111516284e-01,-1.764423948423913941e+02,1.034429641312595960e+00,3.928137883869699531e-01
1.679424428939819336e+01,-6.181403319864262058e-03,1.917368085654018728e-01,5.666493238111516284e-01,-1.764423948423913941e+02,1.034429641312595960e+00,3.928137883869699531e-01
1.681446146965026855e+01,-6.181570258212278762e-03,1.914769724186855537e-01,5.666410368346526116e-01,-1.764643727862029152e+02,1.034580307980574654e+00,3.928596123206092861e-01
1.683405280113220215e+01,-6.112223795151952924e-03,1.917423244220892720e-01,5.666482808767937529e-01,-1.764417573880189423e+02,1.012479803031008041e+00,3.914578661786227709e-01
1.684768438339233398e+01,-6.181403319864262058e-03,1.917368085654018728e-01,5.666493238111516284e-01,-1.764423948423913941e+02,1.034429641312595960e+00,3.928137883869699531e-01
1.686788249015808105e+01,-6.181403319864262058e-03,1.917368085654018728e-01,5.666493238111516284e-01,-1.764423948423913941e+02,1.034429641312595960e+00,3.928137883869699531e-01
1.688519668579101562e+01,-6.181403319864262058e-03,1.917368085654018728e-01,5.666493238111516284e-01,-1.764423948423913941e+02,1.034429641312595960e+00,3.928137883869699531e-01
1.690590810775756836e+01,-6.112327480607535404e-03,1.917372813271440712e-01,5.666480897653856097e-01,-1.764424192072566200e+02,1.012492661746127398e+00,3.914497130042786655e-01
1.693157672882080078e+01,-6.112327480607535404e-03,1.917372813271440712e-01,5.666480897653856097e-01,-1.764424192072566200e+02,1.012492661746127398e+00,3.914497130042786655e-01
1.694625377655029297e+01,-6.181403319864262058e-03,1.917368085654018728e-01,5.666493238111516284e-01,-1.764423948423913941e+02,1.034429641312595960e+00,3.928137883869699531e-01
1.696811079978942871e+01,-5.921563407132548508e-03,1.917368085568748604e-01,5.666470023908881659e-01,-1.764425455527438089e+02,1.012450822552031893e+00,3.928111772158203729e-01
1.698921132087707520e+01,-6.181570258212278762e-03,1.914769724186855537e-01,5.666410368346526116e-01,-1.764643727862029152e+02,1.034580307980574654e+00,3.928596123206092861e-01
1.701196169853210449e+01,-6.112327480607535404e-03,1.917372813271440712e-01,5.666480897653856097e-01,-1.764424192072566200e+02,1.012492661746127398e+00,3.914497130042786655e-01
1.703207635879516602e+01,-6.181403319864262058e-03,1.917368085654018728e-01,5.666493238111516284e-01,-1.764423948423913941e+02,1.034429641312595960e+00,3.928137883869699531e-01
1.705448317527770996e+01,-6.181403319864262058e-03,1.917368085654018728e-01,5.666493238111516284e-01,-1.764423948423913941e+02,1.034429641312595960e+00,3.928137883869699531e-01
1.707109355926513672e+01,-6.181403319864262058e-03,1.917368085654018728e-01,5.666493238111516284e-01,-1.764423948423913941e+02,1.034429641312595960e+00,3.928137883869699531e-01
1.709054970741271973e+01,-6.181403319864262058e-03,1.917368085654018728e-01,5.666493238111516284e-01,-1.764423948423913941e+02,1.034429641312595960e+00,3.928137883869699531e-01
1.711022067070007324e+01,-6.112327480607535404e-03,1.917372813271440712e-01,5.666480897653856097e-01,-1.764424192072566200e+02,1.012492661746127398e+00,3.914497130042786655e-01
1.713103175163269043e+01,-6.181403319864262058e-03,1.917368085654018728e-01,5.666493238111516284e-01,-1.764423948423913941e+02,1.034429641312595960e+00,3.928137883869699531e-01
1.715253329277038574e+01,-6.181403319864262058e-03,1.917368085654018728e-01,5.666493238111516284e-01,-1.764423948423913941e+02,1.034429641312595960e+00,3.928137883869699531e-01
1.717072224617004395e+01,-6.181403319864262058e-03,1.917368085654018728e-01,5.666493238111516284e-01,-1.764423948423913941e+02,1.034429641312595960e+00,3.928137883869699531e-01
1.719102978706359863e+01,-6.178592950487435398e-03,1.917387980672543568e-01,5.666493942031806119e-01,-1.764421724289748852e+02,1.034895888186893265e+00,3.708445402993095219e-01
1.721027088165283203e+01,-6.178592950487435398e-03,1.917387980672543568e-01,5.666493942031806119e-01,-1.764421724289748852e+02,1.034895888186893265e+00,3.708445402993095219e-01
1.722911477088928223e+01,-6.181403319864262058e-03,1.917368085654018728e-01,5.666493238111516284e-01,-1.764423948423913941e+02,1.034429641312595960e+00,3.928137883869699531e-01
1.725029540061950684e+01,-5.849676591032911682e-03,1.917392443342766373e-01,5.666458657515718311e-01,-1.764423385637181525e+02,9.909800356107862918e-01,3.694779814084659941e-01
1.726857829093933105e+01,-6.112327480607535404e-03,1.917372813271440712e-01,5.666480897653856097e-01,-1.764424192072566200e+02,1.012492661746127398e+00,3.914497130042786655e-01
1.728752255439758301e+01,-6.112327480607535404e-03,1.917372813271440712e-01,5.666480897653856097e-01,-1.764424192072566200e+02,1.012492661746127398e+00,3.914497130042786655e-01
1.730105233192443848e+01,-6.109683902244263110e-03,1.914794083046323647e-01,5.666398716845657546e-01,-1.764641746626048473e+02,1.013100633205398449e+00,3.695344413381463355e-01
1.732250070571899414e+01,-6.112327480607535404e-03,1.917372813271440712e-01,5.666480897653856097e-01,-1.764424192072566200e+02,1.012492661746127398e+00,3.914497130042786655e-01
1.733999729156494141e+01,-6.112494422608033204e-03,1.914774452407241867e-01,5.666398026075529781e-01,-1.764643970042994283e+02,1.012642806870994727e+00,3.915039530397559364e-01
1.736006641387939453e+01,-6.178592950487435398e-03,1.917387980672543568e-01,5.666493942031806119e-01,-1.764421724289748852e+02,1.034895888186893265e+00,3.708445402993095219e-01
1.737417793273925781e+01,-6.109516945078746764e-03,1.917392443427023974e-01,5.666481595952906902e-01,-1.764421968064640964e+02,1.012958913914726367e+00,3.694803795511125144e-01
1.739309811592102051e+01,-6.181403319864262058e-03,1.917368085654018728e-01,5.666493238111516284e-01,-1.764423948423913941e+02,1.034429641312595960e+00,3.928137883869699531e-01
1.741247200965881348e+01,-6.181403319864262058e-03,1.917368085654018728e-01,5.666493238111516284e-01,-1.764423948423913941e+02,1.034429641312595960e+00,3.928137883869699531e-01
1.743177676200866699e+01,-6.181570258212278762e-03,1.914769724186855537e-01,5.666410368346526116e-01,-1.764643727862029152e+02,1.034580307980574654e+00,3.928596123206092861e-01
1.744621872901916504e+01,-5.852487099564551883e-03,1.917372813187143699e-01,5.666457948435171810e-01,-1.764425693932590491e+02,9.905138394043997430e-01,3.914471686919026583e-01
1.746018218994140625e+01,-6.109516945078746764e-03,1.917392443427023974e-01,5.666481595952906902e-01,-1.764421968064640964e+02,1.012958913914726367e+00,3.694803795511125144e-01
1.748015928268432617e+01,-6.181403319864262058e-03,1.917368085654018728e-01,5.666493238111516284e-01,-1.764423948423913941e+02,1.034429641312595960e+00,3.928137883869699531e-01
1.750048422813415527e+01,-6.181403319864262058e-03,1.917368085654018728e-01,5.666493238111516284e-01,-1.764423948423913941e+02,1.034429641312595960e+00,3.928137883869699531e-01
1.751537704467773438e+01,-6.178592950487435398e-03,1.917387980672543568e-01,5.666493942031806119e-01,-1.764421724289748852e+02,1.034895888186893265e+00,3.708445402993095219e-01
1.753643250465393066e+01,-6.181403319864262058e-03,1.917368085654018728e-01,5.666493238111516284e-01,-1.764423948423913941e+02,1.034429641312595960e+00,3.928137883869699531e-01
1.755472540855407715e+01,-6.181403319864262058e-03,1.917368085654018728e-01,5.666493238111516284e-01,-1.764423948423913941e+02,1.034429641312595960e+00,3.928137883869699531e-01
1.757170414924621582e+01,-6.112327480607535404e-03,1.917372813271440712e-01,5.666480897653856097e-01,-1.764424192072566200e+02,1.012492661746127398e+00,3.914497130042786655e-01
1.759141039848327637e+01,-5.921563407132548508e-03,1.917368085568748604e-01,5.666470023908881659e-01,-1.764425455527438089e+02,1.012450822552031893e+00,3.928111772158203729e-01
1.761218261718750000e+01,-6.112327480607535404e-03,1.917372813271440712e-01,5.666480897653856097e-01,-1.764424192072566200e+02,1.012492661746127398e+00,3.914497130042786655e-01
1.763262033462524414e+01,-6.181403319864262058e-03,1.917368085654018728e-01,5.666493238111516284e-01,-1.764423948423913941e+02,1.034429641312595960e+00,3.928137883869699531e-01
1.765125536918640137e+01,-5.852650862135445539e-03,1.914774452322942910e-01,5.666375076222531781e-01,-1.764645472111183722e+02,9.906639846714301312e-01,3.915014079699741245e-01
1.767269015312194824e+01,-6.181403319864262058e-03,1.917368085654018728e-01,5.666493238111516284e-01,-1.764423948423913941e+02,1.034429641312595960e+00,3.928137883869699531e-01
1.768784546852111816e+01,-6.181403319864262058e-03,1.917368085654018728e-01,5.666493238111516284e-01,-1.764423948423913941e+02,1.034429641312595960e+00,3.928137883869699531e-01
1.770956993103027344e+01,-6.181570258212278762e-03,1.914769724186855537e-01,5.666410368346526116e-01,-1.764643727862029152e+02,1.034580307980574654e+00,3.928596123206092861e-01
1.772727632522583008e+01,-6.346182420438735601e-03,1.917409515343453108e-01,5.666498265357893249e-01,-1.764417465048557574e+02,1.056866059558909887e+00,3.713228457504160751e-01
1.774557042121887207e+01,-6.181403319864262058e-03,1.917368085654018728e-01,5.666493238111516284e-01,-1.764423948423913941e+02,1.034429641312595960e+00,3.928137883869699531e-01
1.776601862907409668e+01,-6.181403319864262058e-03,1.917368085654018728e-01,5.666493238111516284e-01,-1.764423948423913941e+02,1.034429641312595960e+00,3.928137883869699531e-01
1.778441858291625977e+01,-5.852487099564551883e-03,1.917372813187143699e-01,5.666457948435171810e-01,-1.764425693932590491e+02,9.905138394043997430e-01,3.914471686919026583e-01
1.780357527732849121e+01,-6.181403319864262058e-03,1.917368085654018728e-01,5.666493238111516284e-01,-1.764423948423913941e+02,1.034429641312595960e+00,3.928137883869699531e-01
1.782519292831420898e+01,-6.017266686551375927e-03,1.917413983745789585e-01,5.666462073068858629e-01,-1.764419133501445174e+02,1.012950218299871086e+00,3.699560567653905618e-01
1.784275960922241211e+01,-6.181403319864262058e-03,1.917368085654018728e-01,5.666493238111516284e-01,-1.764423948423913941e+02,1.034429641312595960e+00,3.928137883869699531e-01
1.786251115798950195e+01,-6.112327480607535404e-03,1.917372813271440712e-01,5.666480897653856097e-01,-1.764424192072566200e+02,1.012492661746127398e+00,3.914497130042786655e-01
1.787582635879516602e+01,-6.112494422608033204e-03,1.914774452407241867e-01,5.666398026075529781e-01,-1.764643970042994283e+02,1.012642806870994727e+00,3.915039530397559364e-01
1.789401745796203613e+01,-6.181403319864262058e-03,1.917368085654018728e-01,5.666493238111516284e-01,-1.764423948423913941e+02,1.034429641312595960e+00,3.928137883869699531e-01
1.791266012191772461e+01,-5.921563407132548508e-03,1.917368085568748604e-01,5.666470023908881659e-01,-1.764425455527438089e+02,1.012450822552031893e+00,3.928111772158203729e-01
1.793199682235717773e+01,-6.181403319864262058e-03,1.917368085654018728e-01,5.666493238111516284e-01,-1.764423948423913941e+02,1.034429641312595960e+00,3.928137883869699531e-01
1.794967031478881836e+01,-6.020077205946166785e-03,1.917394353362785742e-01,5.666461374669319317e-01,-1.764421357543334068e+02,1.012483857461206949e+00,3.919253878519695089e-01
1.796869778633117676e+01,-6.181403319864262058e-03,1.917368085654018728e-01,5.666493238111516284e-01,-1.764423948423913941e+02,1.034429641312595960e+00,3.928137883869699531e-01
1.799024510383605957e+01,-6.112494422608033204e-03,1.914774452407241867e-01,5.666398026075529781e-01,-1.764643970042994283e+02,1.012642806870994727e+00,3.915039530397559364e-01
1.800939965248107910e+01,-6.181403319864262058e-03,1.917368085654018728e-01,5.666493238111516284e-01,-1.764423948423913941e+02,1.034429641312595960e+00,3.928137883869699531e-01
1.802892804145812988e+01,-6.181403319864262058e-03,1.917368085654018728e-01,5.666493238111516284e-01,-1.764423948423913941e+02,1.034429641312595960e+00,3.928137883869699531e-01
1.804968738555908203e+01,-6.181403319864262058e-03,1.917368085654018728e-01,5.666493238111516284e-01,-1.764423948423913941e+02,1.034429641312595960e+00,3.928137883869699531e-01
1.807081246376037598e+01,-6.112494422608033204e-03,1.914774452407241867e-01,5.666398026075529781e-01,-1.764643970042994283e+02,1.012642806870994727e+00,3.915039530397559364e-01
1.809085249900817871e+01,-5.921563407132548508e-03,1.917368085568748604e-01,5.666470023908881659e-01,-1.764425455527438089e+02,1.012450822552031893e+00,3.928111772158203729e-01
1.811548471450805664e+01,-6.181403319864262058e-03,1.917368085654018728e-01,5.666493238111516284e-01,-1.764423948423913941e+02,1.034429641312595960e+00,3.928137883869699531e-01
1.813242506980895996e+01,-6.112327480607535404e-03,1.917372813271440712e-01,5.666480897653856097e-01,-1.764424192072566200e+02,1.012492661746127398e+00,3.914497130042786655e-01
1.815604305267333984e+01,-5.921563407132548508e-03,1.917368085568748604e-01,5.666470023908881659e-01,-1.764425455527438089e+02,1.012450822552031893e+00,3.928111772158203729e-01
1.817403817176818848e+01,-6.112327480607535404e-03,1.917372813271440712e-01,5.666480897653856097e-01,-1.764424192072566200e+02,1.012492661746127398e+00,3.914497130042786655e-01
1.820016551017761230e+01,-5.921563407132548508e-03,1.917368085568748604e-01,5.666470023908881659e-01,-1.764425455527438089e+02,1.012450822552031893e+00,3.928111772158203729e-01
1.821654844284057617e+01,-6.184109240340168040e-03,1.917398610715815299e-01,5.666494444762946170e-01,-1.764419556161888920e+02,1.033950351545066537e+00,4.147914361831497310e-01
1.823846220970153809e+01,-6.181403319864262058e-03,1.917368085654018728e-01,5.666493238111516284e-01,-1.764423948423913941e+02,1.034429641312595960e+00,3.928137883869699531e-01
1.826343894004821777e+01,-6.181403319864262058e-03,1.917368085654018728e-01,5.666493238111516284e-01,-1.764423948423913941e+02,1.034429641312595960e+00,3.928137883869699531e-01
1.828379368782043457e+01,-6.181403319864262058e-03,1.917368085654018728e-01,5.666493238111516284e-01,-1.764423948423913941e+02,1.034429641312595960e+00,3.928137883869699531e-01
1.830396103858947754e+01,-6.178592950487435398e-03,1.917387980672543568e-01,5.666493942031806119e-01,-1.764421724289748852e+02,1.034895888186893265e+00,3.708445402993095219e-01
1.832650566101074219e+01,-6.181403319864262058e-03,1.917368085654018728e-01,5.666493238111516284e-01,-1.764423948423913941e+02,1.034429641312595960e+00,3.928137883869699531e-01
1.834709835052490234e+01,-6.112327480607535404e-03,1.917372813271440712e-01,5.666480897653856097e-01,-1.764424192072566200e+02,1.012492661746127398e+00,3.914497130042786655e-01
1.836498832702636719e+01,-6.181403319864262058e-03,1.917368085654018728e-01,5.666493238111516284e-01,-1.764423948423913941e+02,1.034429641312595960e+00,3.928137883869699531e-01
1.838786411285400391e+01,-6.112494422608033204e-03,1.914774452407241867e-01,5.666398026075529781e-01,-1.764643970042994283e+02,1.012642806870994727e+00,3.915039530397559364e-01
1.840322542190551758e+01,-6.112327480607535404e-03,1.917372813271440712e-01,5.666480897653856097e-01,-1.764424192072566200e+02,1.012492661746127398e+00,3.914497130042786655e-01
1.842719125747680664e+01,-5.921563407132548508e-03,1.917368085568748604e-01,5.666470023908881659e-01,-1.764425455527438089e+02,1.012450822552031893e+00,3.928111772158203729e-01
1.844729232788085938e+01,-6.178592950487435398e-03,1.917387980672543568e-01,5.666493942031806119e-01,-1.764421724289748852e+02,1.034895888186893265e+00,3.708445402993095219e-01
1.846859407424926758e+01,-5.921563407132548508e-03,1.917368085568748604e-01,5.666470023908881659e-01,-1.764425455527438089e+02,1.012450822552031893e+00,3.928111772158203729e-01
1.849460482597351074e+01,-6.181403319864262058e-03,1.917368085654018728e-01,5.666493238111516284e-01,-1.764423948423913941e+02,1.034429641312595960e+00,3.928137883869699531e-01
1.851477622985839844e+01,-6.181403319864262058e-03,1.917368085654018728e-01,5.666493238111516284e-01,-1.764423948423913941e+02,1.034429641312595960e+00,3.928137883869699531e-01
1.854222083091735840e+01,-6.112327480607535404e-03,1.917372813271440712e-01,5.666480897653856097e-01,-1.764424192072566200e+02,1.012492661746127398e+00,3.914497130042786655e-01
1.855779838562011719e+01,-6.181570258212278762e-03,1.914769724186855537e-01,5.666410368346526116e-01,-1.764643727862029152e+02,1.034580307980574654e+00,3.928596123206092861e-01
1.858333849906921387e+01,-6.279917443220624576e-03,1.917394353449444477e-01,5.666484966783109645e-01,-1.764419853838260508e+02,1.034462678548753622e+00,3.919279930396806222e-01
1.859902596473693848e+01,-5.921563407132548508e-03,1.917368085568748604e-01,5.666470023908881659e-01,-1.764425455527438089e+02,1.012450822552031893e+00,3.928111772158203729e-01
1.862889742851257324e+01,-6.279917443220624576e-03,1.917394353449444477e-01,5.666484966783109645e-01,-1.764419853838260508e+02,1.034462678548753622e+00,3.919279930396806222e-01
1.864955830574035645e+01,-6.280084401857094489e-03,1.914795981197528196e-01,5.666402086945623306e-01,-1.764639633301923141e+02,1.034613005489659843e+00,3.919738043217360635e-01
1.867324972152709961e+01,-6.181403319864262058e-03,1.917368085654018728e-01,5.666493238111516284e-01,-1.764423948423913941e+02,1.034429641312595960e+00,3.928137883869699531e-01
1.869510650634765625e+01,-6.181403319864262058e-03,1.917368085654018728e-01,5.666493238111516284e-01,-1.764423948423913941e+02,1.034429641312595960e+00,3.928137883869699531e-01
1.871094107627868652e+01,-5.921563407132548508e-03,1.917368085568748604e-01,5.666470023908881659e-01,-1.764425455527438089e+02,1.012450822552031893e+00,3.928111772158203729e-01
1.873605728149414062e+01,-6.181403319864262058e-03,1.917368085654018728e-01,5.666493238111516284e-01,-1.764423948423913941e+02,1.034429641312595960e+00,3.928137883869699531e-01
1.875488400459289551e+01,-6.112327480607535404e-03,1.917372813271440712e-01,5.666480897653856097e-01,-1.764424192072566200e+02,1.012492661746127398e+00,3.914497130042786655e-01
1.877458214759826660e+01,-6.112327480607535404e-03,1.917372813271440712e-01,5.666480897653856097e-01,-1.764424192072566200e+02,1.012492661746127398e+00,3.914497130042786655e-01
1.879834079742431641e+01,-5.852487099564551883e-03,1.917372813187143699e-01,5.666457948435171810e-01,-1.764425693932590491e+02,9.905138394043997430e-01,3.914471686919026583e-01
1.881601190567016602e+01,-6.109516945078746764e-03,1.917392443427023974e-01,5.666481595952906902e-01,-1.764421968064640964e+02,1.012958913914726367e+00,3.694803795511125144e-01
1.883564853668212891e+01,-5.921563407132548508e-03,1.917368085568748604e-01,5.666470023908881659e-01,-1.764425455527438089e+02,1.012450822552031893e+00,3.928111772158203729e-01
1.885404491424560547e+01,-6.178592950487435398e-03,1.917387980672543568e-01,5.666493942031806119e-01,-1.764421724289748852e+02,1.034895888186893265e+00,3.708445402993095219e-01
1.887290883064270020e+01,-6.109516945078746764e-03,1.917392443427023974e-01,5.666481595952906902e-01,-1.764421968064640964e+02,1.012958913914726367e+00,3.694803795511125144e-01
1.889237880706787109e+01,-6.112327480607535404e-03,1.917372813271440712e-01,5.666480897653856097e-01,-1.764424192072566200e+02,1.012492661746127398e+00,3.914497130042786655e-01
1.891585087776184082e+01,-6.351699537743497014e-03,1.917419502512662244e-01,5.666498765003641358e-01,-1.764415212675161513e+02,1.055920354346305157e+00,4.152700602661295592e-01
1.892690277099609375e+01,-6.178961806851268265e-03,1.918077242163883644e-01,5.666536923683195281e-01,-1.764201906583342634e+02,1.034857317507585028e+00,3.714630751133875530e-01
1.895075011253356934e+01,-6.109683902244263110e-03,1.914794083046323647e-01,5.666398716845657546e-01,-1.764641746626048473e+02,1.013100633205398449e+00,3.695344413381463355e-01
1.896530771255493164e+01,-6.086342688439662710e-03,1.917409515255860675e-01,5.666474419042879518e-01,-1.764418889709227756e+02,1.034887185823988087e+00,3.713203260551419804e-01
1.898268651962280273e+01,-6.181403319864262058e-03,1.917368085654018728e-01,5.666493238111516284e-01,-1.764423948423913941e+02,1.034429641312595960e+00,3.928137883869699531e-01
1.900034952163696289e+01,-6.279917443220624576e-03,1.917394353449444477e-01,5.666484966783109645e-01,-1.764419853838260508e+02,1.034462678548753622e+00,3.919279930396806222e-01
1.902287244796752930e+01,-5.852487099564551883e-03,1.917372813187143699e-01,5.666457948435171810e-01,-1.764425693932590491e+02,9.905138394043997430e-01,3.914471686919026583e-01
1.903758001327514648e+01,-6.181403319864262058e-03,1.917368085654018728e-01,5.666493238111516284e-01,-1.764423948423913941e+02,1.034429641312595960e+00,3.928137883869699531e-01
1.906083297729492188e+01,-6.181570258212278762e-03,1.914769724186855537e-01,5.666410368346526116e-01,-1.764643727862029152e+02,1.034580307980574654e+00,3.928596123206092861e-01
1.907936453819274902e+01,-6.181403319864262058e-03,1.917368085654018728e-01,5.666493238111516284e-01,-1.764423948423913941e+02,1.034429641312595960e+00,3.928137883869699531e-01
1.910053133964538574e+01,-6.181403319864262058e-03,1.917368085654018728e-01,5.666493238111516284e-01,-1.764423948423913941e+02,1.034429641312595960e+00,3.928137883869699531e-01
1.911953687667846680e+01,-6.178592950487435398e-03,1.917387980672543568e-01,5.666493942031806119e-01,-1.764421724289748852e+02,1.034895888186893265e+00,3.708445402993095219e-01
1.914735960960388184e+01,-6.181403319864262058e-03,1.917368085654018728e-01,5.666493238111516284e-01,-1.764423948423913941e+02,1.034429641312595960e+00,3.928137883869699531e-01
1.916069936752319336e+01,-6.178759904205083885e-03,1.914789619691002476e-01,5.666411064636309725e-01,-1.764641504321524224e+02,1.035038129054742351e+00,3.708901859590930661e-01
1.918026828765869141e+01,-5.921563407132548508e-03,1.917368085568748604e-01,5.666470023908881659e-01,-1.764425455527438089e+02,1.012450822552031893e+00,3.928111772158203729e-01
1.920013117790222168e+01,-6.181403319864262058e-03,1.917368085654018728e-01,5.666493238111516284e-01,-1.764423948423913941e+02,1.034429641312595960e+00,3.928137883869699531e-01
1.922411012649536133e+01,-6.181403319864262058e-03,1.917368085654018728e-01,5.666493238111516284e-01,-1.764423948423913941e+02,1.034429641312595960e+00,3.928137883869699531e-01
1.923992800712585449e+01,-5.921563407132548508e-03,1.917368085568748604e-01,5.666470023908881659e-01,-1.764425455527438089e+02,1.012450822552031893e+00,3.928111772158203729e-01
1.926008892059326172e+01,-6.112327480607535404e-03,1.917372813271440712e-01,5.666480897653856097e-01,-1.764424192072566200e+02,1.012492661746127398e+00,3.914497130042786655e-01
1.928069448471069336e+01,-6.181403319864262058e-03,1.917368085654018728e-01,5.666493238111516284e-01,-1.764423948423913941e+02,1.034429641312595960e+00,3.928137883869699531e-01
1.929992198944091797e+01,-6.181403319864262058e-03,1.917368085654018728e-01,5.666493238111516284e-01,-1.764423948423913941e+02,1.034429641312595960e+00,3.928137883869699531e-01
1.932046580314636230e+01,-6.181403319864262058e-03,1.917368085654018728e-01,5.666493238111516284e-01,-1.764423948423913941e+02,1.034429641312595960e+00,3.928137883869699531e-01
1.933936953544616699e+01,-6.181570258212278762e-03,1.914769724186855537e-01,5.666410368346526116e-01,-1.764643727862029152e+02,1.034580307980574654e+00,3.928596123206092861e-01
1.936152005195617676e+01,-6.348992800267050027e-03,1.917389620097588732e-01,5.666497572116702131e-01,-1.764419604927875014e+02,1.056399647781680384e+00,3.932922440943229514e-01
1.938281941413879395e+01,-6.181403319864262058e-03,1.917368085654018728e-01,5.666493238111516284e-01,-1.764423948423913941e+02,1.034429641312595960e+00,3.928137883869699531e-01
1.940492272377014160e+01,-5.921563407132548508e-03,1.917368085568748604e-01,5.666470023908881659e-01,-1.764425455527438089e+02,1.012450822552031893e+00,3.928111772158203729e-01
1.942271161079406738e+01,-6.112327480607535404e-03,1.917372813271440712e-01,5.666480897653856097e-01,-1.764424192072566200e+02,1.012492661746127398e+00,3.914497130042786655e-01
1.944370341300964355e+01,-6.112494422608033204e-03,1.914774452407241867e-01,5.666398026075529781e-01,-1.764643970042994283e+02,1.012642806870994727e+00,3.915039530397559364e-01
1.946585774421691895e+01,-5.921563407132548508e-03,1.917368085568748604e-01,5.666470023908881659e-01,-1.764425455527438089e+02,1.012450822552031893e+00,3.928111772158203729e-01
1.948688888549804688e+01,-6.181403319864262058e-03,1.917368085654018728e-01,5.666493238111516284e-01,-1.764423948423913941e+02,1.034429641312595960e+00,3.928137883869699531e-01
1.950052571296691895e+01,-6.112327480607535404e-03,1.917372813271440712e-01,5.666480897653856097e-01,-1.764424192072566200e+02,1.012492661746127398e+00,3.914497130042786655e-01
1.952066135406494141e+01,-6.181403319864262058e-03,1.917368085654018728e-01,5.666493238111516284e-01,-1.764423948423913941e+02,1.034429641312595960e+00,3.928137883869699531e-01
1.954294514656066895e+01,-6.181403319864262058e-03,1.917368085654018728e-01,5.666493238111516284e-01,-1.764423948423913941e+02,1.034429641312595960e+00,3.928137883869699531e-01
1.956224036216735840e+01,-6.348992800267050027e-03,1.917389620097588732e-01,5.666497572116702131e-01,-1.764419604927875014e+02,1.056399647781680384e+00,3.932922440943229514e-01
1.958760046958923340e+01,-6.181403319864262058e-03,1.917368085654018728e-01,5.666493238111516284e-01,-1.764423948423913941e+02,1.034429641312595960e+00,3.928137883869699531e-01
1.960546398162841797e+01,-6.181403319864262058e-03,1.917368085654018728e-01,5.666493238111516284e-01,-1.764423948423913941e+02,1.034429641312595960e+00,3.928137883869699531e-01
1.963180994987487793e+01,-6.178592950487435398e-03,1.917387980672543568e-01,5.666493942031806119e-01,-1.764421724289748852e+02,1.034895888186893265e+00,3.708445402993095219e-01
1.964691066741943359e+01,-6.181403319864262058e-03,1.917368085654018728e-01,5.666493238111516284e-01,-1.764423948423913941e+02,1.034429641312595960e+00,3.928137883869699531e-01
1.966694235801696777e+01,-6.181403319864262058e-03,1.917368085654018728e-01,5.666493238111516284e-01,-1.764423948423913941e+02,1.034429641312595960e+00,3.928137883869699531e-01
1.968797779083251953e+01,-6.109516945078746764e-03,1.917392443427023974e-01,5.666481595952906902e-01,-1.764421968064640964e+02,1.012958913914726367e+00,3.694803795511125144e-01
1.970426273345947266e+01,-6.181403319864262058e-03,1.917368085654018728e-01,5.666493238111516284e-01,-1.764423948423913941e+02,1.034429641312595960e+00,3.928137883869699531e-01
1.972839951515197754e+01,-5.921563407132548508e-03,1.917368085568748604e-01,5.666470023908881659e-01,-1.764425455527438089e+02,1.012450822552031893e+00,3.928111772158203729e-01
1.974168109893798828e+01,-6.181570258212278762e-03,1.914769724186855537e-01,5.666410368346526116e-01,-1.764643727862029152e+02,1.034580307980574654e+00,3.928596123206092861e-01
1.976861572265625000e+01,-6.181403319864262058e-03,1.917368085654018728e-01,5.666493238111516284e-01,-1.764423948423913941e+02,1.034429641312595960e+00,3.928137883869699531e-01
1.978380870819091797e+01,-6.181403319864262058e-03,1.917368085654018728e-01,5.666493238111516284e-01,-1.764423948423913941e+02,1.034429641312595960e+00,3.928137883869699531e-01
1.980827307701110840e+01,-6.181403319864262058e-03,1.917368085654018728e-01,5.666493238111516284e-01,-1.764423948423913941e+02,1.034429641312595960e+00,3.928137883869699531e-01
1.983466124534606934e+01,-6.112327480607535404e-03,1.917372813271440712e-01,5.666480897653856097e-01,-1.764424192072566200e+02,1.012492661746127398e+00,3.914497130042786655e-01
1.985172724723815918e+01,-5.852487099564551883e-03,1.917372813187143699e-01,5.666457948435171810e-01,-1.764425693932590491e+02,9.905138394043997430e-01,3.914471686919026583e-01
1.987004423141479492e+01,-6.112494422608033204e-03,1.914774452407241867e-01,5.666398026075529781e-01,-1.764643970042994283e+02,1.012642806870994727e+00,3.915039530397559364e-01
1.989091897010803223e+01,-5.921563407132548508e-03,1.917368085568748604e-01,5.666470023908881659e-01,-1.764425455527438089e+02,1.012450822552031893e+00,3.928111772158203729e-01
1.991041755676269531e+01,-6.181403319864262058e-03,1.917368085654018728e-01,5.666493238111516284e-01,-1.764423948423913941e+02,1.034429641312595960e+00,3.928137883869699531e-01
1.992587089538574219e+01,-5.852487099564551883e-03,1.917372813187143699e-01,5.666457948435171810e-01,-1.764425693932590491e+02,9.905138394043997430e-01,3.914471686919026583e-01
1.994711589813232422e+01,-6.109516945078746764e-03,1.917392443427023974e-01,5.666481595952906902e-01,-1.764421968064640964e+02,1.012958913914726367e+00,3.694803795511125144e-01
1.996878027915954590e+01,-6.181403319864262058e-03,1.917368085654018728e-01,5.666493238111516284e-01,-1.764423948423913941e+02,1.034429641312595960e+00,3.928137883869699531e-01
1.998569655418395996e+01,-6.112327480607535404e-03,1.917372813271440712e-01,5.666480897653856097e-01,-1.764424192072566200e+02,1.012492661746127398e+00,3.914497130042786655e-01
2.000592732429504395e+01,-6.279917443220624576e-03,1.917394353449444477e-01,5.666484966783109645e-01,-1.764419853838260508e+02,1.034462678548753622e+00,3.919279930396806222e-01
2.002592825889587402e+01,-6.348992800267050027e-03,1.917389620097588732e-01,5.666497572116702131e-01,-1.764419604927875014e+02,1.056399647781680384e+00,3.932922440943229514e-01
2.004912853240966797e+01,-5.918753064968532845e-03,1.917387980587312579e-01,5.666470738610029922e-01,-1.764423147105571275e+02,1.012917013263699761e+00,3.708420785206669734e-01
2.006707334518432617e+01,-5.921563407132548508e-03,1.917368085568748604e-01,5.666470023908881659e-01,-1.764425455527438089e+02,1.012450822552031893e+00,3.928111772158203729e-01
2.008548188209533691e+01,-6.112494422608033204e-03,1.914774452407241867e-01,5.666398026075529781e-01,-1.764643970042994283e+02,1.012642806870994727e+00,3.915039530397559364e-01
2.010582590103149414e+01,-6.348992800267050027e-03,1.917389620097588732e-01,5.666497572116702131e-01,-1.764419604927875014e+02,1.056399647781680384e+00,3.932922440943229514e-01
2.012954187393188477e+01,-6.181403319864262058e-03,1.917368085654018728e-01,5.666493238111516284e-01,-1.764423948423913941e+02,1.034429641312595960e+00,3.928137883869699531e-01
2.015095210075378418e+01,-6.181403319864262058e-03,1.917368085654018728e-01,5.666493238111516284e-01,-1.764423948423913941e+02,1.034429641312595960e+00,3.928137883869699531e-01
2.016833877563476562e+01,-6.348992800267050027e-03,1.917389620097588732e-01,5.666497572116702131e-01,-1.764419604927875014e+02,1.056399647781680384e+00,3.932922440943229514e-01
2.018652057647705078e+01,-6.112327480607535404e-03,1.917372813271440712e-01,5.666480897653856097e-01,-1.764424192072566200e+02,1.012492661746127398e+00,3.914497130042786655e-01
2.020629978179931641e+01,-5.921563407132548508e-03,1.917368085568748604e-01,5.666470023908881659e-01,-1.764425455527438089e+02,1.012450822552031893e+00,3.928111772158203729e-01
2.022713065147399902e+01,-6.178592950487435398e-03,1.917387980672543568e-01,5.666493942031806119e-01,-1.764421724289748852e+02,1.034895888186893265e+00,3.708445402993095219e-01
2.024353075027465820e+01,-6.112327480607535404e-03,1.917372813271440712e-01,5.666480897653856097e-01,-1.764424192072566200e+02,1.012492661746127398e+00,3.914497130042786655e-01
2.026011705398559570e+01,-6.178592950487435398e-03,1.917387980672543568e-01,5.666493942031806119e-01,-1.764421724289748852e+02,1.034895888186893265e+00,3.708445402993095219e-01
2.027941894531250000e+01,-5.921563407132548508e-03,1.917368085568748604e-01,5.666470023908881659e-01,-1.764425455527438089e+02,1.012450822552031893e+00,3.928111772158203729e-01
2.030204343795776367e+01,-5.852487099564551883e-03,1.917372813187143699e-01,5.666457948435171810e-01,-1.764425693932590491e+02,9.905138394043997430e-01,3.914471686919026583e-01
2.031943154335021973e+01,-6.181570258212278762e-03,1.914769724186855537e-01,5.666410368346526116e-01,-1.764643727862029152e+02,1.034580307980574654e+00,3.928596123206092861e-01
2.034230446815490723e+01,-6.181570258212278762e-03,1.914769724186855537e-01,5.666410368346526116e-01,-1.764643727862029152e+02,1.034580307980574654e+00,3.928596123206092861e-01
2.036530542373657227e+01,-6.112327480607535404e-03,1.917372813271440712e-01,5.666480897653856097e-01,-1.764424192072566200e+02,1.012492661746127398e+00,3.914497130042786655e-01
2.038373136520385742e+01,-6.181403319864262058e-03,1.917368085654018728e-01,5.666493238111516284e-01,-1.764423948423913941e+02,1.034429641312595960e+00,3.928137883869699531e-01
2.040050268173217773e+01,-6.181403319864262058e-03,1.917368085654018728e-01,5.666493238111516284e-01,-1.764423948423913941e+02,1.034429641312595960e+00,3.928137883869699531e-01
2.042018866539001465e+01,-6.181403319864262058e-03,1.917368085654018728e-01,5.666493238111516284e-01,-1.764423948423913941e+02,1.034429641312595960e+00,3.928137883869699531e-01
2.044579601287841797e+01,-6.181403319864262058e-03,1.917368085654018728e-01,5.666493238111516284e-01,-1.764423948423913941e+02,1.034429641312595960e+00,3.928137883869699531e-01
2.046354818344116211e+01,-6.181403319864262058e-03,1.917368085654018728e-01,5.666493238111516284e-01,-1.764423948423913941e+02,1.034429641312595960e+00,3.928137883869699531e-01
2.048310136795043945e+01,-6.181403319864262058e-03,1.917368085654018728e-01,5.666493238111516284e-01,-1.764423948423913941e+02,1.034429641312595960e+00,3.928137883869699531e-01
2.050411200523376465e+01,-6.178592950487435398e-03,1.917387980672543568e-01,5.666493942031806119e-01,-1.764421724289748852e+02,1.034895888186893265e+00,3.708445402993095219e-01
2.052558994293212891e+01,-6.112327480607535404e-03,1.917372813271440712e-01,5.666480897653856097e-01,-1.764424192072566200e+02,1.012492661746127398e+00,3.914497130042786655e-01
2.054233932495117188e+01,-6.348992800267050027e-03,1.917389620097588732e-01,5.666497572116702131e-01,-1.764419604927875014e+02,1.056399647781680384e+00,3.932922440943229514e-01
2.056325006484985352e+01,-6.181570258212278762e-03,1.914769724186855537e-01,5.666410368346526116e-01,-1.764643727862029152e+02,1.034580307980574654e+00,3.928596123206092861e-01
2.058458018302917480e+01,-6.178592950487435398e-03,1.917387980672543568e-01,5.666493942031806119e-01,-1.764421724289748852e+02,1.034895888186893265e+00,3.708445402993095219e-01
2.060348987579345703e+01,-6.181570258212278762e-03,1.914769724186855537e-01,5.666410368346526116e-01,-1.764643727862029152e+02,1.034580307980574654e+00,3.928596123206092861e-01
2.062452244758605957e+01,-6.181403319864262058e-03,1.917368085654018728e-01,5.666493238111516284e-01,-1.764423948423913941e+02,1.034429641312595960e+00,3.928137883869699531e-01
2.064860820770263672e+01,-6.181403319864262058e-03,1.917368085654018728e-01,5.666493238111516284e-01,-1.764423948423913941e+02,1.034429641312595960e+00,3.928137883869699531e-01
2.066887831687927246e+01,-6.112327480607535404e-03,1.917372813271440712e-01,5.666480897653856097e-01,-1.764424192072566200e+02,1.012492661746127398e+00,3.914497130042786655e-01
2.068869686126708984e+01,-6.178759904205083885e-03,1.914789619691002476e-01,5.666411064636309725e-01,-1.764641504321524224e+02,1.035038129054742351e+00,3.708901859590930661e-01
2.070908617973327637e+01,-6.181798644867864470e-03,1.918057345844500217e-01,5.666536217093983696e-01,-1.764204130767822392e+02,1.034391073033980479e+00,3.934323232598932463e-01
2.073502588272094727e+01,-6.178592950487435398e-03,1.917387980672543568e-01,5.666493942031806119e-01,-1.764421724289748852e+02,1.034895888186893265e+00,3.708445402993095219e-01
2.075964522361755371e+01,-6.112327480607535404e-03,1.917372813271440712e-01,5.666480897653856097e-01,-1.764424192072566200e+02,1.012492661746127398e+00,3.914497130042786655e-01
2.078244328498840332e+01,-6.348992800267050027e-03,1.917389620097588732e-01,5.666497572116702131e-01,-1.764419604927875014e+02,1.056399647781680384e+00,3.932922440943229514e-01
2.079273915290832520e+01,-6.181403319864262058e-03,1.917368085654018728e-01,5.666493238111516284e-01,-1.764423948423913941e+02,1.034429641312595960e+00,3.928137883869699531e-01
2.081487441062927246e+01,-6.181570258212278762e-03,1.914769724186855537e-01,5.666410368346526116e-01,-1.764643727862029152e+02,1.034580307980574654e+00,3.928596123206092861e-01
2.083085966110229492e+01,-5.852487099564551883e-03,1.917372813187143699e-01,5.666457948435171810e-01,-1.764425693932590491e+02,9.905138394043997430e-01,3.914471686919026583e-01
2.085124611854553223e+01,-5.852487099564551883e-03,1.917372813187143699e-01,5.666457948435171810e-01,-1.764425693932590491e+02,9.905138394043997430e-01,3.914471686919026583e-01
2.086856675148010254e+01,-6.181403319864262058e-03,1.917368085654018728e-01,5.666493238111516284e-01,-1.764423948423913941e+02,1.034429641312595960e+00,3.928137883869699531e-01
2.088431715965270996e+01,-6.181403319864262058e-03,1.917368085654018728e-01,5.666493238111516284e-01,-1.764423948423913941e+02,1.034429641312595960e+00,3.928137883869699531e-01
2.090180873870849609e+01,-6.181403319864262058e-03,1.917368085654018728e-01,5.666493238111516284e-01,-1.764423948423913941e+02,1.034429641312595960e+00,3.928137883869699531e-01
2.092026019096374512e+01,-5.849676591032911682e-03,1.917392443342766373e-01,5.666458657515718311e-01,-1.764423385637181525e+02,9.909800356107862918e-01,3.694779814084659941e-01
2.094160771369934082e+01,-6.181403319864262058e-03,1.917368085654018728e-01,5.666493238111516284e-01,-1.764423948423913941e+02,1.034429641312595960e+00,3.928137883869699531e-01
2.096082282066345215e+01,-5.921727166120523481e-03,1.914769724101583193e-01,5.666387153509593322e-01,-1.764645235141432806e+02,1.012601489340532179e+00,3.928570004390180004e-01
2.098023819923400879e+01,-6.181403319864262058e-03,1.917368085654018728e-01,5.666493238111516284e-01,-1.764423948423913941e+02,1.034429641312595960e+00,3.928137883869699531e-01
2.100441169738769531e+01,-6.181403319864262058e-03,1.917368085654018728e-01,5.666493238111516284e-01,-1.764423948423913941e+02,1.034429641312595960e+00,3.928137883869699531e-01
2.102159094810485840e+01,-6.112327480607535404e-03,1.917372813271440712e-01,5.666480897653856097e-01,-1.764424192072566200e+02,1.012492661746127398e+00,3.914497130042786655e-01
2.104422140121459961e+01,-5.852487099564551883e-03,1.917372813187143699e-01,5.666457948435171810e-01,-1.764425693932590491e+02,9.905138394043997430e-01,3.914471686919026583e-01
2.106264305114746094e+01,-6.112327480607535404e-03,1.917372813271440712e-01,5.666480897653856097e-01,-1.764424192072566200e+02,1.012492661746127398e+00,3.914497130042786655e-01
2.108306312561035156e+01,-6.181403319864262058e-03,1.917368085654018728e-01,5.666493238111516284e-01,-1.764423948423913941e+02,1.034429641312595960e+00,3.928137883869699531e-01
2.110298156738281250e+01,-6.181403319864262058e-03,1.917368085654018728e-01,5.666493238111516284e-01,-1.764423948423913941e+02,1.034429641312595960e+00,3.928137883869699531e-01
2.112492704391479492e+01,-5.918753064968532845e-03,1.917387980587312579e-01,5.666470738610029922e-01,-1.764423147105571275e+02,1.012917013263699761e+00,3.708420785206669734e-01
2.114787387847900391e+01,-6.181403319864262058e-03,1.917368085654018728e-01,5.666493238111516284e-01,-1.764423948423913941e+02,1.034429641312595960e+00,3.928137883869699531e-01
2.117251658439636230e+01,-6.181403319864262058e-03,1.917368085654018728e-01,5.666493238111516284e-01,-1.764423948423913941e+02,1.034429641312595960e+00,3.928137883869699531e-01
2.118669271469116211e+01,-6.181403319864262058e-03,1.917368085654018728e-01,5.666493238111516284e-01,-1.764423948423913941e+02,1.034429641312595960e+00,3.928137883869699531e-01
2.120712876319885254e+01,-6.181403319864262058e-03,1.917368085654018728e-01,5.666493238111516284e-01,-1.764423948423913941e+02,1.034429641312595960e+00,3.928137883869699531e-01
2.123409199714660645e+01,-6.181403319864262058e-03,1.917368085654018728e-01,5.666493238111516284e-01,-1.764423948423913941e+02,1.034429641312595960e+00,3.928137883869699531e-01
2.125681591033935547e+01,-6.112327480607535404e-03,1.917372813271440712e-01,5.666480897653856097e-01,-1.764424192072566200e+02,1.012492661746127398e+00,3.914497130042786655e-01
2.127152848243713379e+01,-6.178592950487435398e-03,1.917387980672543568e-01,5.666493942031806119e-01,-1.764421724289748852e+02,1.034895888186893265e+00,3.708445402993095219e-01
2.129083156585693359e+01,-6.181403319864262058e-03,1.917368085654018728e-01,5.666493238111516284e-01,-1.764423948423913941e+02,1.034429641312595960e+00,3.928137883869699531e-01
2.131282734870910645e+01,-6.181403319864262058e-03,1.917368085654018728e-01,5.666493238111516284e-01,-1.764423948423913941e+02,1.034429641312595960e+00,3.928137883869699531e-01
2.132889223098754883e+01,-6.181403319864262058e-03,1.917368085654018728e-01,5.666493238111516284e-01,-1.764423948423913941e+02,1.034429641312595960e+00,3.928137883869699531e-01
2.135210537910461426e+01,-6.178961806851268265e-03,1.918077242163883644e-01,5.666536923683195281e-01,-1.764201906583342634e+02,1.034857317507585028e+00,3.714630751133875530e-01
2.137469387054443359e+01,-6.112327480607535404e-03,1.917372813271440712e-01,5.666480897653856097e-01,-1.764424192072566200e+02,1.012492661746127398e+00,3.914497130042786655e-01
2.139622712135314941e+01,-5.921563407132548508e-03,1.917368085568748604e-01,5.666470023908881659e-01,-1.764425455527438089e+02,1.012450822552031893e+00,3.928111772158203729e-01
2.142280101776123047e+01,-6.181403319864262058e-03,1.917368085654018728e-01,5.666493238111516284e-01,-1.764423948423913941e+02,1.034429641312595960e+00,3.928137883869699531e-01
2.143577790260314941e+01,-6.112327480607535404e-03,1.917372813271440712e-01,5.666480897653856097e-01,-1.764424192072566200e+02,1.012492661746127398e+00,3.914497130042786655e-01
2.145470714569091797e+01,-6.346182420438735601e-03,1.917409515343453108e-01,5.666498265357893249e-01,-1.764417465048557574e+02,1.056866059558909887e+00,3.713228457504160751e-01
2.147592186927795410e+01,-6.181403319864262058e-03,1.917368085654018728e-01,5.666493238111516284e-01,-1.764423948423913941e+02,1.034429641312595960e+00,3.928137883869699531e-01
2.149712514877319336e+01,-5.918753064968532845e-03,1.917387980587312579e-01,5.666470738610029922e-01,-1.764423147105571275e+02,1.012917013263699761e+00,3.708420785206669734e-01
2.151544952392578125e+01,-5.921563407132548508e-03,1.917368085568748604e-01,5.666470023908881659e-01,-1.764425455527438089e+02,1.012450822552031893e+00,3.928111772158203729e-01
2.153799223899841309e+01,-6.112327480607535404e-03,1.917372813271440712e-01,5.666480897653856097e-01,-1.764424192072566200e+02,1.012492661746127398e+00,3.914497130042786655e-01
2.155662226676940918e+01,-6.181403319864262058e-03,1.917368085654018728e-01,5.666493238111516284e-01,-1.764423948423913941e+02,1.034429641312595960e+00,3.928137883869699531e-01
2.157921504974365234e+01,-6.181403319864262058e-03,1.917368085654018728e-01,5.666493238111516284e-01,-1.764423948423913941e+02,1.034429641312595960e+00,3.928137883869699531e-01
2.160305953025817871e+01,-6.178592950487435398e-03,1.917387980672543568e-01,5.666493942031806119e-01,-1.764421724289748852e+02,1.034895888186893265e+00,3.708445402993095219e-01
2.162194395065307617e+01,-6.178592950487435398e-03,1.917387980672543568e-01,5.666493942031806119e-01,-1.764421724289748852e+02,1.034895888186893265e+00,3.708445402993095219e-01
2.164497208595275879e+01,-6.109516945078746764e-03,1.917392443427023974e-01,5.666481595952906902e-01,-1.764421968064640964e+02,1.012958913914726367e+00,3.694803795511125144e-01
2.166671729087829590e+01,-6.181403319864262058e-03,1.917368085654018728e-01,5.666493238111516284e-01,-1.764423948423913941e+02,1.034429641312595960e+00,3.928137883869699531e-01
2.168297290802001953e+01,-6.089153041464847975e-03,1.917389620009956885e-01,5.666473715020791113e-01,-1.764421113877391463e+02,1.034420830280127435e+00,3.932895717748801090e-01
2.170094227790832520e+01,-5.919123570229037692e-03,1.918077242078647660e-01,5.666513718843279035e-01,-1.764203331772241654e+02,1.012878444121418253e+00,3.714606091900796714e-01
2.171755409240722656e+01,-6.346182420438735601e-03,1.917409515343453108e-01,5.666498265357893249e-01,-1.764417465048557574e+02,1.056866059558909887e+00,3.713228457504160751e-01
2.173796725273132324e+01,-5.921563407132548508e-03,1.917368085568748604e-01,5.666470023908881659e-01,-1.764425455527438089e+02,1.012450822552031893e+00,3.928111772158203729e-01
2.175773549079895020e+01,-6.181403319864262058e-03,1.917368085654018728e-01,5.666493238111516284e-01,-1.764423948423913941e+02,1.034429641312595960e+00,3.928137883869699531e-01
2.178481435775756836e+01,-6.178592950487435398e-03,1.917387980672543568e-01,5.666493942031806119e-01,-1.764421724289748852e+02,1.034895888186893265e+00,3.708445402993095219e-01
2.180287027359008789e+01,-6.181403319864262058e-03,1.917368085654018728e-01,5.666493238111516284e-01,-1.764423948423913941e+02,1.034429641312595960e+00,3.928137883869699531e-01
2.182720565795898438e+01,-6.178592950487435398e-03,1.917387980672543568e-01,5.666493942031806119e-01,-1.764421724289748852e+02,1.034895888186893265e+00,3.708445402993095219e-01
2.185715603828430176e+01,-6.181403319864262058e-03,1.917368085654018728e-01,5.666493238111516284e-01,-1.764423948423913941e+02,1.034429641312595960e+00,3.928137883869699531e-01
2.187585783004760742e+01,-6.181403319864262058e-03,1.917368085654018728e-01,5.666493238111516284e-01,-1.764423948423913941e+02,1.034429641312595960e+00,3.928137883869699531e-01
2.189392542839050293e+01,-6.181403319864262058e-03,1.917368085654018728e-01,5.666493238111516284e-01,-1.764423948423913941e+02,1.034429641312595960e+00,3.928137883869699531e-01
2.191544675827026367e+01,-6.181403319864262058e-03,1.917368085654018728e-01,5.666493238111516284e-01,-1.764423948423913941e+02,1.034429641312595960e+00,3.928137883869699531e-01
2.193570780754089355e+01,-5.921727166120523481e-03,1.914769724101583193e-01,5.666387153509593322e-01,-1.764645235141432806e+02,1.012601489340532179e+00,3.928570004390180004e-01
2.195289993286132812e+01,-6.181570258212278762e-03,1.914769724186855537e-01,5.666410368346526116e-01,-1.764643727862029152e+02,1.034580307980574654e+00,3.928596123206092861e-01
2.197462892532348633e+01,-6.181403319864262058e-03,1.917368085654018728e-01,5.666493238111516284e-01,-1.764423948423913941e+02,1.034429641312595960e+00,3.928137883869699531e-01
2.199105882644653320e+01,-5.921727166120523481e-03,1.914769724101583193e-01,5.666387153509593322e-01,-1.764645235141432806e+02,1.012601489340532179e+00,3.928570004390180004e-01
2.201273560523986816e+01,-6.112722809859064479e-03,1.918062080868299657e-01,5.666523877098150752e-01,-1.764204375910802867e+02,1.012454618329897693e+00,3.920598304659345668e-01
2.203197121620178223e+01,-6.178592950487435398e-03,1.917387980672543568e-01,5.666493942031806119e-01,-1.764421724289748852e+02,1.034895888186893265e+00,3.708445402993095219e-01
2.205085802078247070e+01,-6.089153041464847975e-03,1.917389620009956885e-01,5.666473715020791113e-01,-1.764421113877391463e+02,1.034420830280127435e+00,3.932895717748801090e-01
2.207076144218444824e+01,-6.178592950487435398e-03,1.917387980672543568e-01,5.666493942031806119e-01,-1.764421724289748852e+02,1.034895888186893265e+00,3.708445402993095219e-01
2.209355545043945312e+01,-6.181403319864262058e-03,1.917368085654018728e-01,5.666493238111516284e-01,-1.764423948423913941e+02,1.034429641312595960e+00,3.928137883869699531e-01
2.211117386817932129e+01,-6.348992800267050027e-03,1.917389620097588732e-01,5.666497572116702131e-01,-1.764419604927875014e+02,1.056399647781680384e+00,3.932922440943229514e-01
2.212403512001037598e+01,-6.181403319864262058e-03,1.917368085654018728e-01,5.666493238111516284e-01,-1.764423948423913941e+02,1.034429641312595960e+00,3.928137883869699531e-01
2.214277958869934082e+01,-6.181403319864262058e-03,1.917368085654018728e-01,5.666493238111516284e-01,-1.764423948423913941e+02,1.034429641312595960e+00,3.928137883869699531e-01
2.216350412368774414e+01,-6.181403319864262058e-03,1.917368085654018728e-01,5.666493238111516284e-01,-1.764423948423913941e+02,1.034429641312595960e+00,3.928137883869699531e-01
2.217700505256652832e+01,-6.181403319864262058e-03,1.917368085654018728e-01,5.666493238111516284e-01,-1.764423948423913941e+02,1.034429641312595960e+00,3.928137883869699531e-01
2.219490838050842285e+01,-6.279917443220624576e-03,1.917394353449444477e-01,5.666484966783109645e-01,-1.764419853838260508e+02,1.034462678548753622e+00,3.919279930396806222e-01
2.221225786209106445e+01,-5.918753064968532845e-03,1.917387980587312579e-01,5.666470738610029922e-01,-1.764423147105571275e+02,1.012917013263699761e+00,3.708420785206669734e-01
2.223201441764831543e+01,-5.921563407132548508e-03,1.917368085568748604e-01,5.666470023908881659e-01,-1.764425455527438089e+02,1.012450822552031893e+00,3.928111772158203729e-01
2.225143599510192871e+01,-5.919123570229037692e-03,1.918077242078647660e-01,5.666513718843279035e-01,-1.764203331772241654e+02,1.012878444121418253e+00,3.714606091900796714e-01
2.227095437049865723e+01,-6.181403319864262058e-03,1.917368085654018728e-01,5.666493238111516284e-01,-1.764423948423913941e+02,1.034429641312595960e+00,3.928137883869699531e-01
2.229088926315307617e+01,-5.849676591032911682e-03,1.917392443342766373e-01,5.666458657515718311e-01,-1.764423385637181525e+02,9.909800356107862918e-01,3.694779814084659941e-01
2.231778955459594727e+01,-6.112494422608033204e-03,1.914774452407241867e-01,5.666398026075529781e-01,-1.764643970042994283e+02,1.012642806870994727e+00,3.915039530397559364e-01
2.233318209648132324e+01,-6.109516945078746764e-03,1.917392443427023974e-01,5.666481595952906902e-01,-1.764421968064640964e+02,1.012958913914726367e+00,3.694803795511125144e-01
2.235182571411132812e+01,-6.181403319864262058e-03,1.917368085654018728e-01,5.666493238111516284e-01,-1.764423948423913941e+02,1.034429641312595960e+00,3.928137883869699531e-01
2.236485052108764648e+01,-6.109516945078746764e-03,1.917392443427023974e-01,5.666481595952906902e-01,-1.764421968064640964e+02,1.012958913914726367e+00,3.694803795511125144e-01
2.238200283050537109e+01,-6.181403319864262058e-03,1.917368085654018728e-01,5.666493238111516284e-01,-1.764423948423913941e+02,1.034429641312595960e+00,3.928137883869699531e-01
2.240328645706176758e+01,-6.112327480607535404e-03,1.917372813271440712e-01,5.666480897653856097e-01,-1.764424192072566200e+02,1.012492661746127398e+00,3.914497130042786655e-01
2.242017316818237305e+01,-6.181403319864262058e-03,1.917368085654018728e-01,5.666493238111516284e-01,-1.764423948423913941e+02,1.034429641312595960e+00,3.928137883869699531e-01
2.244070863723754883e+01,-6.112327480607535404e-03,1.917372813271440712e-01,5.666480897653856097e-01,-1.764424192072566200e+02,1.012492661746127398e+00,3.914497130042786655e-01
2.245984268188476562e+01,-6.112327480607535404e-03,1.917372813271440712e-01,5.666480897653856097e-01,-1.764424192072566200e+02,1.012492661746127398e+00,3.914497130042786655e-01
2.247877240180969238e+01,-6.181403319864262058e-03,1.917368085654018728e-01,5.666493238111516284e-01,-1.764423948423913941e+02,1.034429641312595960e+00,3.928137883869699531e-01
2.249833631515502930e+01,-5.921563407132548508e-03,1.917368085568748604e-01,5.666470023908881659e-01,-1.764425455527438089e+02,1.012450822552031893e+00,3.928111772158203729e-01
2.251789188385009766e+01,-6.181403319864262058e-03,1.917368085654018728e-01,5.666493238111516284e-01,-1.764423948423913941e+02,1.034429641312595960e+00,3.928137883869699531e-01
2.253797030448913574e+01,-6.181403319864262058e-03,1.917368085654018728e-01,5.666493238111516284e-01,-1.764423948423913941e+02,1.034429641312595960e+00,3.928137883869699531e-01
2.255710792541503906e+01,-5.921563407132548508e-03,1.917368085568748604e-01,5.666470023908881659e-01,-1.764425455527438089e+02,1.012450822552031893e+00,3.928111772158203729e-01
2.257716751098632812e+01,-6.181403319864262058e-03,1.917368085654018728e-01,5.666493238111516284e-01,-1.764423948423913941e+02,1.034429641312595960e+00,3.928137883869699531e-01
2.259868144989013672e+01,-6.178592950487435398e-03,1.917387980672543568e-01,5.666493942031806119e-01,-1.764421724289748852e+02,1.034895888186893265e+00,3.708445402993095219e-01
2.261661386489868164e+01,-6.181403319864262058e-03,1.917368085654018728e-01,5.666493238111516284e-01,-1.764423948423913941e+02,1.034429641312595960e+00,3.928137883869699531e-01
2.263719868659973145e+01,-6.112327480607535404e-03,1.917372813271440712e-01,5.666480897653856097e-01,-1.764424192072566200e+02,1.012492661746127398e+00,3.914497130042786655e-01
2.265603780746459961e+01,-6.181403319864262058e-03,1.917368085654018728e-01,5.666493238111516284e-01,-1.764423948423913941e+02,1.034429641312595960e+00,3.928137883869699531e-01
2.267650246620178223e+01,-6.178592950487435398e-03,1.917387980672543568e-01,5.666493942031806119e-01,-1.764421724289748852e+02,1.034895888186893265e+00,3.708445402993095219e-01
2.269877099990844727e+01,-6.348992800267050027e-03,1.917389620097588732e-01,5.666497572116702131e-01,-1.764419604927875014e+02,1.056399647781680384e+00,3.932922440943229514e-01
2.271662545204162598e+01,-6.109516945078746764e-03,1.917392443427023974e-01,5.666481595952906902e-01,-1.764421968064640964e+02,1.012958913914726367e+00,3.694803795511125144e-01
2.274045062065124512e+01,-6.279917443220624576e-03,1.917394353449444477e-01,5.666484966783109645e-01,-1.764419853838260508e+02,1.034462678548753622e+00,3.919279930396806222e-01
2.275149035453796387e+01,-6.348992800267050027e-03,1.917389620097588732e-01,5.666497572116702131e-01,-1.764419604927875014e+02,1.056399647781680384e+00,3.932922440943229514e-01
2.277046251296997070e+01,-6.346182420438735601e-03,1.917409515343453108e-01,5.666498265357893249e-01,-1.764417465048557574e+02,1.056866059558909887e+00,3.713228457504160751e-01
2.279618930816650391e+01,-6.280311690198939895e-03,1.918083620801167843e-01,5.666527951152517950e-01,-1.764200035336678241e+02,1.034424630512406074e+00,3.925381143925679162e-01
2.281382918357849121e+01,-6.109516945078746764e-03,1.917392443427023974e-01,5.666481595952906902e-01,-1.764421968064640964e+02,1.012958913914726367e+00,3.694803795511125144e-01
2.283178091049194336e+01,-6.112494422608033204e-03,1.914774452407241867e-01,5.666398026075529781e-01,-1.764643970042994283e+02,1.012642806870994727e+00,3.915039530397559364e-01
2.285750985145568848e+01,-5.849676591032911682e-03,1.917392443342766373e-01,5.666458657515718311e-01,-1.764423385637181525e+02,9.909800356107862918e-01,3.694779814084659941e-01
2.287042117118835449e+01,-6.181403319864262058e-03,1.917368085654018728e-01,5.666493238111516284e-01,-1.764423948423913941e+02,1.034429641312595960e+00,3.928137883869699531e-01
2.289201164245605469e+01,-6.181403319864262058e-03,1.917368085654018728e-01,5.666493238111516284e-01,-1.764423948423913941e+02,1.034429641312595960e+00,3.928137883869699531e-01
2.290457558631896973e+01,-6.112327480607535404e-03,1.917372813271440712e-01,5.666480897653856097e-01,-1.764424192072566200e+02,1.012492661746127398e+00,3.914497130042786655e-01
2.292541623115539551e+01,-6.181403319864262058e-03,1.917368085654018728e-01,5.666493238111516284e-01,-1.764423948423913941e+02,1.034429641312595960e+00,3.928137883869699531e-01
2.293844509124755859e+01,-6.181403319864262058e-03,1.917368085654018728e-01,5.666493238111516284e-01,-1.764423948423913941e+02,1.034429641312595960e+00,3.928137883869699531e-01
2.295794224739074707e+01,-6.178592950487435398e-03,1.917387980672543568e-01,5.666493942031806119e-01,-1.764421724289748852e+02,1.034895888186893265e+00,3.708445402993095219e-01
2.297972273826599121e+01,-6.181403319864262058e-03,1.917368085654018728e-01,5.666493238111516284e-01,-1.764423948423913941e+02,1.034429641312595960e+00,3.928137883869699531e-01
2.299422335624694824e+01,-6.181403319864262058e-03,1.917368085654018728e-01,5.666493238111516284e-01,-1.764423948423913941e+02,1.034429641312595960e+00,3.928137883869699531e-01
2.301415252685546875e+01,-6.112722809859064479e-03,1.918062080868299657e-01,5.666523877098150752e-01,-1.764204375910802867e+02,1.012454618329897693e+00,3.920598304659345668e-01
2.303402996063232422e+01,-5.849676591032911682e-03,1.917392443342766373e-01,5.666458657515718311e-01,-1.764423385637181525e+02,9.909800356107862918e-01,3.694779814084659941e-01
2.305352354049682617e+01,-6.112494422608033204e-03,1.914774452407241867e-01,5.666398026075529781e-01,-1.764643970042994283e+02,1.012642806870994727e+00,3.915039530397559364e-01
2.307404112815856934e+01,-6.109516945078746764e-03,1.917392443427023974e-01,5.666481595952906902e-01,-1.764421968064640964e+02,1.012958913914726367e+00,3.694803795511125144e-01
2.309269547462463379e+01,-6.178759904205083885e-03,1.914789619691002476e-01,5.666411064636309725e-01,-1.764641504321524224e+02,1.035038129054742351e+00,3.708901859590930661e-01
2.311514163017272949e+01,-6.181403319864262058e-03,1.917368085654018728e-01,5.666493238111516284e-01,-1.764423948423913941e+02,1.034429641312595960e+00,3.928137883869699531e-01
2.313325333595275879e+01,-6.178759904205083885e-03,1.914789619691002476e-01,5.666411064636309725e-01,-1.764641504321524224e+02,1.035038129054742351e+00,3.708901859590930661e-01
2.315180182456970215e+01,-6.181403319864262058e-03,1.917368085654018728e-01,5.666493238111516284e-01,-1.764423948423913941e+02,1.034429641312595960e+00,3.928137883869699531e-01
2.317221546173095703e+01,-5.921563407132548508e-03,1.917368085568748604e-01,5.666470023908881659e-01,-1.764425455527438089e+02,1.012450822552031893e+00,3.928111772158203729e-01
2.319270014762878418e+01,-6.181403319864262058e-03,1.917368085654018728e-01,5.666493238111516284e-01,-1.764423948423913941e+02,1.034429641312595960e+00,3.928137883869699531e-01
2.321222543716430664e+01,-6.181403319864262058e-03,1.917368085654018728e-01,5.666493238111516284e-01,-1.764423948423913941e+02,1.034429641312595960e+00,3.928137883869699531e-01
2.323219466209411621e+01,-6.181403319864262058e-03,1.917368085654018728e-01,5.666493238111516284e-01,-1.764423948423913941e+02,1.034429641312595960e+00,3.928137883869699531e-01
2.325397729873657227e+01,-6.181403319864262058e-03,1.917368085654018728e-01,5.666493238111516284e-01,-1.764423948423913941e+02,1.034429641312595960e+00,3.928137883869699531e-01
2.327457785606384277e+01,-6.181403319864262058e-03,1.917368085654018728e-01,5.666493238111516284e-01,-1.764423948423913941e+02,1.034429641312595960e+00,3.928137883869699531e-01
2.328853702545166016e+01,-6.181403319864262058e-03,1.917368085654018728e-01,5.666493238111516284e-01,-1.764423948423913941e+02,1.034429641312595960e+00,3.928137883869699531e-01
2.330659747123718262e+01,-5.921563407132548508e-03,1.917368085568748604e-01,5.666470023908881659e-01,-1.764425455527438089e+02,1.012450822552031893e+00,3.928111772158203729e-01
2.332585072517395020e+01,-5.921563407132548508e-03,1.917368085568748604e-01,5.666470023908881659e-01,-1.764425455527438089e+02,1.012450822552031893e+00,3.928111772158203729e-01
2.334630250930786133e+01,-6.181403319864262058e-03,1.917368085654018728e-01,5.666493238111516284e-01,-1.764423948423913941e+02,1.034429641312595960e+00,3.928137883869699531e-01
2.336615133285522461e+01,-6.181403319864262058e-03,1.917368085654018728e-01,5.666493238111516284e-01,-1.764423948423913941e+02,1.034429641312595960e+00,3.928137883869699531e-01
2.338617682456970215e+01,-6.181403319864262058e-03,1.917368085654018728e-01,5.666493238111516284e-01,-1.764423948423913941e+02,1.034429641312595960e+00,3.928137883869699531e-01
2.340323877334594727e+01,-6.181403319864262058e-03,1.917368085654018728e-01,5.666493238111516284e-01,-1.764423948423913941e+02,1.034429641312595960e+00,3.928137883869699531e-01
2.342377161979675293e+01,-6.178592950487435398e-03,1.917387980672543568e-01,5.666493942031806119e-01,-1.764421724289748852e+02,1.034895888186893265e+00,3.708445402993095219e-01
2.344652295112609863e+01,-6.112327480607535404e-03,1.917372813271440712e-01,5.666480897653856097e-01,-1.764424192072566200e+02,1.012492661746127398e+00,3.914497130042786655e-01
2.346630167961120605e+01,-5.852487099564551883e-03,1.917372813187143699e-01,5.666457948435171810e-01,-1.764425693932590491e+02,9.905138394043997430e-01,3.914471686919026583e-01
2.348634791374206543e+01,-6.178592950487435398e-03,1.917387980672543568e-01,5.666493942031806119e-01,-1.764421724289748852e+02,1.034895888186893265e+00,3.708445402993095219e-01
2.350646495819091797e+01,-6.181403319864262058e-03,1.917368085654018728e-01,5.666493238111516284e-01,-1.764423948423913941e+02,1.034429641312595960e+00,3.928137883869699531e-01
2.352776288986206055e+01,-6.181403319864262058e-03,1.917368085654018728e-01,5.666493238111516284e-01,-1.764423948423913941e+02,1.034429641312595960e+00,3.928137883869699531e-01
2.353882551193237305e+01,-6.181403319864262058e-03,1.917368085654018728e-01,5.666493238111516284e-01,-1.764423948423913941e+02,1.034429641312595960e+00,3.928137883869699531e-01
2.355455875396728516e+01,-5.918753064968532845e-03,1.917387980587312579e-01,5.666470738610029922e-01,-1.764423147105571275e+02,1.012917013263699761e+00,3.708420785206669734e-01
2.356759858131408691e+01,-6.112327480607535404e-03,1.917372813271440712e-01,5.666480897653856097e-01,-1.764424192072566200e+02,1.012492661746127398e+00,3.914497130042786655e-01
2.358503556251525879e+01,-6.109683902244263110e-03,1.914794083046323647e-01,5.666398716845657546e-01,-1.764641746626048473e+02,1.013100633205398449e+00,3.695344413381463355e-01
2.360497546195983887e+01,-6.112327480607535404e-03,1.917372813271440712e-01,5.666480897653856097e-01,-1.764424192072566200e+02,1.012492661746127398e+00,3.914497130042786655e-01
2.362840199470520020e+01,-6.181403319864262058e-03,1.917368085654018728e-01,5.666493238111516284e-01,-1.764423948423913941e+02,1.034429641312595960e+00,3.928137883869699531e-01
2.364188075065612793e+01,-6.112158531314924696e-03,1.919971142147493259e-01,5.666564765785727653e-01,-1.764204414110893993e+02,1.012342537434715695e+00,3.913954153729078955e-01
2.365994977951049805e+01,-6.181403319864262058e-03,1.917368085654018728e-01,5.666493238111516284e-01,-1.764423948423913941e+02,1.034429641312595960e+00,3.928137883869699531e-01
2.368210005760192871e+01,-6.181403319864262058e-03,1.917368085654018728e-01,5.666493238111516284e-01,-1.764423948423913941e+02,1.034429641312595960e+00,3.928137883869699531e-01
2.369463443756103516e+01,-6.181403319864262058e-03,1.917368085654018728e-01,5.666493238111516284e-01,-1.764423948423913941e+02,1.034429641312595960e+00,3.928137883869699531e-01
2.371461486816406250e+01,-6.181570258212278762e-03,1.914769724186855537e-01,5.666410368346526116e-01,-1.764643727862029152e+02,1.034580307980574654e+00,3.928596123206092861e-01
2.373294639587402344e+01,-5.921563407132548508e-03,1.917368085568748604e-01,5.666470023908881659e-01,-1.764425455527438089e+02,1.012450822552031893e+00,3.928111772158203729e-01
2.375651693344116211e+01,-6.181403319864262058e-03,1.917368085654018728e-01,5.666493238111516284e-01,-1.764423948423913941e+02,1.034429641312595960e+00,3.928137883869699531e-01
2.377421832084655762e+01,-6.181403319864262058e-03,1.917368085654018728e-01,5.666493238111516284e-01,-1.764423948423913941e+02,1.034429641312595960e+00,3.928137883869699531e-01
2.379237151145935059e+01,-5.852487099564551883e-03,1.917372813187143699e-01,5.666457948435171810e-01,-1.764425693932590491e+02,9.905138394043997430e-01,3.914471686919026583e-01
2.381510663032531738e+01,-6.112327480607535404e-03,1.917372813271440712e-01,5.666480897653856097e-01,-1.764424192072566200e+02,1.012492661746127398e+00,3.914497130042786655e-01
2.383453416824340820e+01,-6.181403319864262058e-03,1.917368085654018728e-01,5.666493238111516284e-01,-1.764423948423913941e+02,1.034429641312595960e+00,3.928137883869699531e-01
2.385277271270751953e+01,-6.109516945078746764e-03,1.917392443427023974e-01,5.666481595952906902e-01,-1.764421968064640964e+02,1.012958913914726367e+00,3.694803795511125144e-01
2.387217235565185547e+01,-6.109516945078746764e-03,1.917392443427023974e-01,5.666481595952906902e-01,-1.764421968064640964e+02,1.012958913914726367e+00,3.694803795511125144e-01
2.389637637138366699e+01,-6.181403319864262058e-03,1.917368085654018728e-01,5.666493238111516284e-01,-1.764423948423913941e+02,1.034429641312595960e+00,3.928137883869699531e-01
2.391319370269775391e+01,-6.181570258212278762e-03,1.914769724186855537e-01,5.666410368346526116e-01,-1.764643727862029152e+02,1.034580307980574654e+00,3.928596123206092861e-01
2.393159437179565430e+01,-6.181403319864262058e-03,1.917368085654018728e-01,5.666493238111516284e-01,-1.764423948423913941e+02,1.034429641312595960e+00,3.928137883869699531e-01
2.395086812973022461e+01,-6.181403319864262058e-03,1.917368085654018728e-01,5.666493238111516284e-01,-1.764423948423913941e+02,1.034429641312595960e+00,3.928137883869699531e-01
2.397086620330810547e+01,-6.181403319864262058e-03,1.917368085654018728e-01,5.666493238111516284e-01,-1.764423948423913941e+02,1.034429641312595960e+00,3.928137883869699531e-01
2.399001884460449219e+01,-6.181403319864262058e-03,1.917368085654018728e-01,5.666493238111516284e-01,-1.764423948423913941e+02,1.034429641312595960e+00,3.928137883869699531e-01
2.400967717170715332e+01,-6.178592950487435398e-03,1.917387980672543568e-01,5.666493942031806119e-01,-1.764421724289748852e+02,1.034895888186893265e+00,3.708445402993095219e-01
2.403105783462524414e+01,-6.181570258212278762e-03,1.914769724186855537e-01,5.666410368346526116e-01,-1.764643727862029152e+02,1.034580307980574654e+00,3.928596123206092861e-01
2.405302190780639648e+01,-5.921727166120523481e-03,1.914769724101583193e-01,5.666387153509593322e-01,-1.764645235141432806e+02,1.012601489340532179e+00,3.928570004390180004e-01
2.407588601112365723e+01,-6.181403319864262058e-03,1.917368085654018728e-01,5.666493238111516284e-01,-1.764423948423913941e+02,1.034429641312595960e+00,3.928137883869699531e-01
2.408898997306823730e+01,-6.181403319864262058e-03,1.917368085654018728e-01,5.666493238111516284e-01,-1.764423948423913941e+02,1.034429641312595960e+00,3.928137883869699531e-01
2.411700582504272461e+01,-6.181403319864262058e-03,1.917368085654018728e-01,5.666493238111516284e-01,-1.764423948423913941e+02,1.034429641312595960e+00,3.928137883869699531e-01
2.413168644905090332e+01,-5.921563407132548508e-03,1.917368085568748604e-01,5.666470023908881659e-01,-1.764425455527438089e+02,1.012450822552031893e+00,3.928111772158203729e-01
2.414906644821166992e+01,-6.112494422608033204e-03,1.914774452407241867e-01,5.666398026075529781e-01,-1.764643970042994283e+02,1.012642806870994727e+00,3.915039530397559364e-01
2.417017555236816406e+01,-6.181403319864262058e-03,1.917368085654018728e-01,5.666493238111516284e-01,-1.764423948423913941e+02,1.034429641312595960e+00,3.928137883869699531e-01
2.418268275260925293e+01,-6.181403319864262058e-03,1.917368085654018728e-01,5.666493238111516284e-01,-1.764423948423913941e+02,1.034429641312595960e+00,3.928137883869699531e-01
2.420153880119323730e+01,-6.112327480607535404e-03,1.917372813271440712e-01,5.666480897653856097e-01,-1.764424192072566200e+02,1.012492661746127398e+00,3.914497130042786655e-01
2.422241282463073730e+01,-6.181403319864262058e-03,1.917368085654018728e-01,5.666493238111516284e-01,-1.764423948423913941e+02,1.034429641312595960e+00,3.928137883869699531e-01
2.424019670486450195e+01,-5.921563407132548508e-03,1.917368085568748604e-01,5.666470023908881659e-01,-1.764425455527438089e+02,1.012450822552031893e+00,3.928111772158203729e-01
2.426237201690673828e+01,-6.112494422608033204e-03,1.914774452407241867e-01,5.666398026075529781e-01,-1.764643970042994283e+02,1.012642806870994727e+00,3.915039530397559364e-01
2.428482866287231445e+01,-6.181403319864262058e-03,1.917368085654018728e-01,5.666493238111516284e-01,-1.764423948423913941e+02,1.034429641312595960e+00,3.928137883869699531e-01
2.430432248115539551e+01,-6.181403319864262058e-03,1.917368085654018728e-01,5.666493238111516284e-01,-1.764423948423913941e+02,1.034429641312595960e+00,3.928137883869699531e-01
2.433050465583801270e+01,-6.181403319864262058e-03,1.917368085654018728e-01,5.666493238111516284e-01,-1.764423948423913941e+02,1.034429641312595960e+00,3.928137883869699531e-01
2.434845757484436035e+01,-6.178759904205083885e-03,1.914789619691002476e-01,5.666411064636309725e-01,-1.764641504321524224e+02,1.035038129054742351e+00,3.708901859590930661e-01
2.437366151809692383e+01,-6.109516945078746764e-03,1.917392443427023974e-01,5.666481595952906902e-01,-1.764421968064640964e+02,1.012958913914726367e+00,3.694803795511125144e-01
2.439913797378540039e+01,-6.109516945078746764e-03,1.917392443427023974e-01,5.666481595952906902e-01,-1.764421968064640964e+02,1.012958913914726367e+00,3.694803795511125144e-01
2.441320037841796875e+01,-6.181403319864262058e-03,1.917368085654018728e-01,5.666493238111516284e-01,-1.764423948423913941e+02,1.034429641312595960e+00,3.928137883869699531e-01
2.443786334991455078e+01,-6.181403319864262058e-03,1.917368085654018728e-01,5.666493238111516284e-01,-1.764423948423913941e+02,1.034429641312595960e+00,3.928137883869699531e-01
2.445341229438781738e+01,-6.178592950487435398e-03,1.917387980672543568e-01,5.666493942031806119e-01,-1.764421724289748852e+02,1.034895888186893265e+00,3.708445402993095219e-01
2.447116827964782715e+01,-6.109516945078746764e-03,1.917392443427023974e-01,5.666481595952906902e-01,-1.764421968064640964e+02,1.012958913914726367e+00,3.694803795511125144e-01
2.449190473556518555e+01,-6.349159755246646525e-03,1.914791247344334868e-01,5.666414694094732418e-01,-1.764639385891464087e+02,1.056550496333021893e+00,3.933296391638732015e-01
2.451276206970214844e+01,-6.181403319864262058e-03,1.917368085654018728e-01,5.666493238111516284e-01,-1.764423948423913941e+02,1.034429641312595960e+00,3.928137883869699531e-01
2.453042697906494141e+01,-6.181403319864262058e-03,1.917368085654018728e-01,5.666493238111516284e-01,-1.764423948423913941e+02,1.034429641312595960e+00,3.928137883869699531e-01
2.456045484542846680e+01,-6.181403319864262058e-03,1.917368085654018728e-01,5.666493238111516284e-01,-1.764423948423913941e+02,1.034429641312595960e+00,3.928137883869699531e-01
2.457226562500000000e+01,-6.346182420438735601e-03,1.917409515343453108e-01,5.666498265357893249e-01,-1.764417465048557574e+02,1.056866059558909887e+00,3.713228457504160751e-01
2.459345316886901855e+01,-6.181403319864262058e-03,1.917368085654018728e-01,5.666493238111516284e-01,-1.764423948423913941e+02,1.034429641312595960e+00,3.928137883869699531e-01
2.461810731887817383e+01,-6.178592950487435398e-03,1.917387980672543568e-01,5.666493942031806119e-01,-1.764421724289748852e+02,1.034895888186893265e+00,3.708445402993095219e-01
2.463289809226989746e+01,-6.181403319864262058e-03,1.917368085654018728e-01,5.666493238111516284e-01,-1.764423948423913941e+02,1.034429641312595960e+00,3.928137883869699531e-01
2.465118694305419922e+01,-6.181403319864262058e-03,1.917368085654018728e-01,5.666493238111516284e-01,-1.764423948423913941e+02,1.034429641312595960e+00,3.928137883869699531e-01
2.467149806022644043e+01,-6.181403319864262058e-03,1.917368085654018728e-01,5.666493238111516284e-01,-1.764423948423913941e+02,1.034429641312595960e+00,3.928137883869699531e-01
2.468552422523498535e+01,-6.178592950487435398e-03,1.917387980672543568e-01,5.666493942031806119e-01,-1.764421724289748852e+02,1.034895888186893265e+00,3.708445402993095219e-01
2.470082020759582520e+01,-6.181403319864262058e-03,1.917368085654018728e-01,5.666493238111516284e-01,-1.764423948423913941e+02,1.034429641312595960e+00,3.928137883869699531e-01
2.472253680229187012e+01,-6.112494422608033204e-03,1.914774452407241867e-01,5.666398026075529781e-01,-1.764643970042994283e+02,1.012642806870994727e+00,3.915039530397559364e-01
2.474186110496520996e+01,-6.181403319864262058e-03,1.917368085654018728e-01,5.666493238111516284e-01,-1.764423948423913941e+02,1.034429641312595960e+00,3.928137883869699531e-01
2.476000595092773438e+01,-6.181403319864262058e-03,1.917368085654018728e-01,5.666493238111516284e-01,-1.764423948423913941e+02,1.034429641312595960e+00,3.928137883869699531e-01
2.478003835678100586e+01,-6.112327480607535404e-03,1.917372813271440712e-01,5.666480897653856097e-01,-1.764424192072566200e+02,1.012492661746127398e+00,3.914497130042786655e-01
2.480124330520629883e+01,-6.178592950487435398e-03,1.917387980672543568e-01,5.666493942031806119e-01,-1.764421724289748852e+02,1.034895888186893265e+00,3.708445402993095219e-01
2.481879734992980957e+01,-6.178592950487435398e-03,1.917387980672543568e-01,5.666493942031806119e-01,-1.764421724289748852e+02,1.034895888186893265e+00,3.708445402993095219e-01
2.483391785621643066e+01,-6.112327480607535404e-03,1.917372813271440712e-01,5.666480897653856097e-01,-1.764424192072566200e+02,1.012492661746127398e+00,3.914497130042786655e-01
2.485359883308410645e+01,-6.181403319864262058e-03,1.917368085654018728e-01,5.666493238111516284e-01,-1.764423948423913941e+02,1.034429641312595960e+00,3.928137883869699531e-01
2.487271904945373535e+01,-6.181403319864262058e-03,1.917368085654018728e-01,5.666493238111516284e-01,-1.764423948423913941e+02,1.034429641312595960e+00,3.928137883869699531e-01
2.489136528968811035e+01,-5.852487099564551883e-03,1.917372813187143699e-01,5.666457948435171810e-01,-1.764425693932590491e+02,9.905138394043997430e-01,3.914471686919026583e-01
2.491126251220703125e+01,-6.181403319864262058e-03,1.917368085654018728e-01,5.666493238111516284e-01,-1.764423948423913941e+02,1.034429641312595960e+00,3.928137883869699531e-01
2.493954300880432129e+01,-5.921727166120523481e-03,1.914769724101583193e-01,5.666387153509593322e-01,-1.764645235141432806e+02,1.012601489340532179e+00,3.928570004390180004e-01
2.495125603675842285e+01,-6.181403319864262058e-03,1.917368085654018728e-01,5.666493238111516284e-01,-1.764423948423913941e+02,1.034429641312595960e+00,3.928137883869699531e-01
2.496748948097229004e+01,-6.181403319864262058e-03,1.917368085654018728e-01,5.666493238111516284e-01,-1.764423948423913941e+02,1.034429641312595960e+00,3.928137883869699531e-01
2.498583316802978516e+01,-6.061667607165885895e-03,1.917352027601527953e-01,5.666525208124665314e-01,-1.764425515359196481e+02,1.054875673706485273e+00,4.618729603616198998e-01
2.500659108161926270e+01,-5.975587913594329614e-03,1.921613288631029426e-01,5.666812463202853811e-01,-1.764238877311183558e+02,1.116300790123119668e+00,6.448109902495348100e-01
2.502645134925842285e+01,-6.827419177614671604e-03,1.922907642871038159e-01,5.667008121270680210e-01,-1.765587239857709392e+02,1.280126484180191593e+00,1.131672055163766899e+00
2.504533958435058594e+01,-6.646430908366758594e-03,1.921693259908196505e-01,5.666969323061814556e-01,-1.768472167658627541e+02,1.170368503689047879e+00,1.947764319561323898e+00
2.506596875190734863e+01,-7.977685772853841673e-03,1.935159539592696543e-01,5.667948557332662674e-01,-1.770566728321861376e+02,1.157174274268276015e+00,2.886710720974032807e+00
2.507953047752380371e+01,-6.510132025832475987e-03,1.928756291095505004e-01,5.668104526534654131e-01,-1.774828503748426272e+02,1.059824055300234047e+00,3.807780537000291954e+00
2.509849214553833008e+01,-7.875998501758019188e-03,1.931535190629493914e-01,5.669807820170436052e-01,-1.781228699124138188e+02,1.313920923846018329e+00,5.464322519335483186e+00
2.511743903160095215e+01,-8.821056649561551111e-03,1.942722467015096099e-01,5.673066956997911969e-01,-1.787724336767593343e+02,1.604520302986561786e+00,7.147422175917494513e+00
2.513755178451538086e+01,-1.100913925962034197e-02,1.966349360733753715e-01,5.677682346240313649e-01,-1.793197698934385755e+02,2.039416822582218902e+00,8.620575091089962783e+00
2.516530156135559082e+01,-1.327897077936212797e-02,1.996075511616477727e-01,5.683229779635112777e-01,-1.799281543873001965e+02,2.323392135436798789e+00,1.002495989511806762e+01
2.518068861961364746e+01,-1.667441597482631141e-02,2.046872833659817148e-01,5.690083606034159747e-01,-1.799472738648040604e+02,2.760912300744757797e+00,1.119927669273271142e+01
2.520048213005065918e+01,-2.083006909232288859e-02,2.115851587856812654e-01,5.698518323118452189e-01,-1.795992099468343781e+02,3.247776785364138163e+00,1.228300628360274871e+01
2.521645593643188477e+01,-2.496853942281321292e-02,2.188724921645643917e-01,5.708564058262499685e-01,-1.792510614758288057e+02,3.665019763169323319e+00,1.343333604430192274e+01
2.523482775688171387e+01,-2.977088677829482777e-02,2.264599314636128180e-01,5.720702537513253638e-01,-1.788992260539207848e+02,4.113451364655470677e+00,1.466951669862006113e+01
2.525520825386047363e+01,-3.554997647193725713e-02,2.366110164864955456e-01,5.736958343861624510e-01,-1.781098383346828768e+02,4.646131614198131921e+00,1.582023475086278808e+01
2.527349948883056641e+01,-4.178972188594272386e-02,2.467419826383193127e-01,5.756453878366102339e-01,-1.773290328525599477e+02,5.233012271952489414e+00,1.644075121202175538e+01
2.529354238510131836e+01,-4.731225604630670545e-02,2.579823181380647701e-01,5.778467278490025949e-01,-1.762866899157806699e+02,5.621671100789724207e+00,1.677948476654295717e+01
2.531353068351745605e+01,-5.470979606139313861e-02,2.688187498408617371e-01,5.804585304894700482e-01,-1.752443267061330516e+02,6.307548995057211449e+00,1.721285288074933462e+01
2.533652973175048828e+01,-6.104435361725081555e-02,2.803801415347583759e-01,5.832691245619894271e-01,-1.740408629050525064e+02,6.715809083239020261e+00,1.741824491572124600e+01
2.535254859924316406e+01,-6.675250193574661095e-02,2.913446483380850438e-01,5.861260439262291344e-01,-1.730097161479000931e+02,6.923329887852966102e+00,1.730301786729355840e+01
2.537443375587463379e+01,-7.349700018185674477e-02,3.016738131144220958e-01,5.892655656097494088e-01,-1.719611030485697825e+02,7.415965227568555918e+00,1.718065801671071569e+01
2.539263248443603516e+01,-8.142021087644789323e-02,3.102820749920413013e-01,5.927095499460400818e-01,-1.710877243063517312e+02,8.408295697858712003e+00,1.705863578011348380e+01
2.541166448593139648e+01,-8.868969851353072920e-02,3.178092480172562406e-01,5.960940518919012332e-01,-1.702840661881375013e+02,9.349087917394975022e+00,1.694749306699686286e+01
2.543471956253051758e+01,-9.579463104829376296e-02,3.246560632708457295e-01,5.994204823209606792e-01,-1.695375498970195167e+02,1.017371980442559654e+01,1.685290688488184330e+01
2.545423173904418945e+01,-1.036336051475577336e-01,3.297612932093998972e-01,6.027327672892204280e-01,-1.689271306897949501e+02,1.123454349892342563e+01,1.679486668112640757e+01
2.547661399841308594e+01,-1.105260413463583502e-01,3.338434117838938175e-01,6.058262909274731989e-01,-1.684204164989805008e+02,1.211620913483306694e+01,1.669800069814212762e+01
2.549420523643493652e+01,-1.173854014971176252e-01,3.356200692718207534e-01,6.081655642743806212e-01,-1.680785530604666178e+02,1.291020782276650536e+01,1.668779841921019269e+01
2.551705670356750488e+01,-1.268767240711950739e-01,3.373457368736170192e-01,6.117346213921482923e-01,-1.677493324105646195e+02,1.397633493131842819e+01,1.650441081924445541e+01
2.553185987472534180e+01,-1.300156903602974201e-01,3.367370560339456032e-01,6.127081597139616420e-01,-1.677095458288658278e+02,1.477215473222192621e+01,1.663299482827354581e+01
2.555185842514038086e+01,-1.364640795853446775e-01,3.356025226832918817e-01,6.145510817656987257e-01,-1.676692886431069383e+02,1.571960353952676215e+01,1.660720372723197613e+01
2.556770682334899902e+01,-1.429620400229099364e-01,3.329878949425105206e-01,6.162740386538710924e-01,-1.677336940499716036e+02,1.677780428778711297e+01,1.664934321394942174e+01
2.558657884597778320e+01,-1.470314452600389177e-01,3.307172383475092126e-01,6.173973592141057676e-01,-1.678280855038969150e+02,1.753169411059775129e+01,1.666645902490914821e+01
2.561085772514343262e+01,-1.527090498668627616e-01,3.271324816044413608e-01,6.188289152048684905e-01,-1.679901996628938150e+02,1.843828428043662981e+01,1.664514486266910254e+01
2.562594962120056152e+01,-1.577176815001848365e-01,3.232075699113061140e-01,6.201396564742982509e-01,-1.682189951353076651e+02,1.927736982396967491e+01,1.664677695683647585e+01
2.564795613288879395e+01,-1.630971068855514572e-01,3.192848602192957519e-01,6.215888612694522308e-01,-1.684540496791686053e+02,2.023763475871873396e+01,1.668367147227003144e+01
2.566109037399291992e+01,-1.679337480710799690e-01,3.150352588309958124e-01,6.228426637813071487e-01,-1.688153843054013521e+02,2.103864128709889769e+01,1.664388503750039305e+01
2.567961359024047852e+01,-1.709249107553400537e-01,3.124773460160321648e-01,6.238282616471089170e-01,-1.690148464472647163e+02,2.165035737181244002e+01,1.669128398771351485e+01
2.570090389251708984e+01,-1.753437282535697250e-01,3.084903680739435328e-01,6.253166288802567419e-01,-1.691808888343495028e+02,2.263142149332830044e+01,1.679497704340467479e+01
2.571965074539184570e+01,-1.791205129358710291e-01,3.047414382730153082e-01,6.266455438797142730e-01,-1.694049851503856132e+02,2.347099187980452939e+01,1.680266699423431120e+01
2.574016332626342773e+01,-1.814231985204106112e-01,3.014843757013910830e-01,6.274739164750419151e-01,-1.695997705491238889e+02,2.401290780050396378e+01,1.681862370122197348e+01
2.576074767112731934e+01,-1.858360367065965413e-01,2.985214841747146353e-01,6.294254557968854691e-01,-1.697206804781462495e+02,2.503944487299717636e+01,1.687837954809947760e+01
2.578040003776550293e+01,-1.853379847653971735e-01,2.960666194272472684e-01,6.299199730807428788e-01,-1.699645617906638790e+02,2.554669172527630039e+01,1.685586854252847999e+01
2.579880356788635254e+01,-1.852215583251158315e-01,2.941063157267777006e-01,6.307054887286704936e-01,-1.702273553558077879e+02,2.601416310731709203e+01,1.679993425182442124e+01
2.582009124755859375e+01,-1.847144833011078457e-01,2.930681465792869256e-01,6.316220243897513464e-01,-1.703051984719944869e+02,2.644275838418934654e+01,1.678607229853544780e+01
2.584027028083801270e+01,-1.818560942975167571e-01,2.930305812317955394e-01,6.318888279782144402e-01,-1.704386881026270260e+02,2.637689150047182096e+01,1.659171832710460492e+01
2.586190986633300781e+01,-1.779976201832396132e-01,2.936454549861575725e-01,6.316393239370213797e-01,-1.705526549770660267e+02,2.598694619270574790e+01,1.638659624078105992e+01
2.588459897041320801e+01,-1.743395887722498649e-01,2.942787355581753528e-01,6.317488729991034280e-01,-1.706406656439728522e+02,2.581122564343164427e+01,1.621256045730588724e+01
2.589620256423950195e+01,-1.701373783909527482e-01,2.947264404355422474e-01,6.321448998689571663e-01,-1.707294986027344521e+02,2.581619994572626098e+01,1.605522999045127008e+01
2.591594743728637695e+01,-1.662872185601789177e-01,2.953080138414921341e-01,6.324270563267879730e-01,-1.708132921256813859e+02,2.570104344458001577e+01,1.590712649764324915e+01
2.593032169342041016e+01,-1.608399394209915068e-01,2.964550305965481525e-01,6.325399581215918055e-01,-1.709133585956070078e+02,2.533578790545132975e+01,1.563697883032346425e+01
2.594819808006286621e+01,-1.570513733254980115e-01,2.970573029922333741e-01,6.325453770306960211e-01,-1.710075318524826571e+02,2.502869159619641337e+01,1.545304509419076311e+01
2.596927332878112793e+01,-1.511081669689556817e-01,2.979261587816408596e-01,6.326693686514421877e-01,-1.711330388670752143e+02,2.463687675816829170e+01,1.522102325481208851e+01
2.598862957954406738e+01,-1.462277919725405440e-01,2.978897353736860154e-01,6.331363577712794122e-01,-1.712712778989077833e+02,2.457280688909461475e+01,1.502510850532186915e+01
2.600780677795410156e+01,-1.410152559037927689e-01,2.981757842815240811e-01,6.332969537277535199e-01,-1.714154806750771343e+02,2.427852361122108249e+01,1.481720321250007544e+01
2.602951526641845703e+01,-1.353010587829370781e-01,2.980629941251902726e-01,6.333083825127020505e-01,-1.716140107691235812e+02,2.386540651733211860e+01,1.458425499571811379e+01
2.604624629020690918e+01,-1.299723806376322233e-01,2.972738989869919135e-01,6.335681175755401018e-01,-1.718437878519434889e+02,2.370141224327362295e+01,1.439717325600782338e+01
2.606754493713378906e+01,-1.266747572104510999e-01,2.965223455080925330e-01,6.341489716559316481e-01,-1.720185257360335243e+02,2.382375883395626559e+01,1.429469671324707214e+01
2.608668088912963867e+01,-1.219975923934076695e-01,2.958496565741887130e-01,6.347982334423712958e-01,-1.722002178864965174e+02,2.387422374675623971e+01,1.412825294082290561e+01
2.610870957374572754e+01,-1.174803884910842477e-01,2.952152621580165781e-01,6.354575726551119352e-01,-1.723670050606334314e+02,2.384772641379534974e+01,1.399961920247486447e+01
2.612529158592224121e+01,-1.133246923211667367e-01,2.945342670755364822e-01,6.363515579448166815e-01,-1.725416336779487381e+02,2.389351030880529692e+01,1.383505034201133199e+01
2.614582419395446777e+01,-1.088892428442359561e-01,2.943120183681145474e-01,6.372735079446230078e-01,-1.727004500331506165e+02,2.384446073596647508e+01,1.363619236774886900e+01
2.616805386543273926e+01,-1.047499442000647818e-01,2.940312845528392227e-01,6.382097654754050886e-01,-1.728266387835898854e+02,2.373009397228580397e+01,1.345574932004934965e+01
2.618248558044433594e+01,-1.006182930876754755e-01,2.936562716278549590e-01,6.393350244771115465e-01,-1.729669998168845382e+02,2.370981137967445207e+01,1.324979624989918214e+01
2.619796705245971680e+01,-9.831743737105819170e-02,2.936214502173388197e-01,6.401297581581879559e-01,-1.730307039641130302e+02,2.370831098626566913e+01,1.313238648706637868e+01
2.621701383590698242e+01,-9.388139478390380988e-02,2.933421012457786414e-01,6.408920877422924489e-01,-1.731846883978257665e+02,2.343579523456369884e+01,1.294499032871692989e+01
2.623732423782348633e+01,-9.032110541324328556e-02,2.931301296774275200e-01,6.418017987763351417e-01,-1.732963838599188193e+02,2.327661988073453259e+01,1.274819316186766471e+01
2.625200653076171875e+01,-8.729930700115640096e-02,2.925972198511253564e-01,6.429506453812918743e-01,-1.734253691720881818e+02,2.333445487494733328e+01,1.259325563368297018e+01
2.626732897758483887e+01,-8.505773093464703838e-02,2.923677337884162397e-01,6.439732245291863721e-01,-1.734887919974543138e+02,2.342215201591541174e+01,1.249045253563395796e+01
2.628503680229187012e+01,-8.336028058869940360e-02,2.918447457003435219e-01,6.448884335443428872e-01,-1.735770169918870067e+02,2.351447192336783942e+01,1.239017170745102270e+01
2.630451941490173340e+01,-8.060604819182969061e-02,2.913140361543196111e-01,6.463367363297360946e-01,-1.736918375249438782e+02,2.365399843463643847e+01,1.225546561049228877e+01
2.632406163215637207e+01,-7.858759004670548554e-02,2.908143240604162405e-01,6.479982661064208616e-01,-1.737691565770454076e+02,2.395192218399759554e+01,1.211208174151279948e+01
2.635174131393432617e+01,-7.584959558876368246e-02,2.903680821194656314e-01,6.494355896794786753e-01,-1.738693957917182047e+02,2.404992966823014910e+01,1.195960746013225773e+01
2.636326313018798828e+01,-7.262016903925519462e-02,2.901319521383475264e-01,6.508021902044651696e-01,-1.739679269409344045e+02,2.403149379186315571e+01,1.180666776042566646e+01
2.638485550880432129e+01,-7.001789001557606751e-02,2.896262035623212716e-01,6.525325873123397624e-01,-1.740766504431428530e+02,2.420247555168482023e+01,1.161144944803837653e+01
2.640280294418334961e+01,-6.725973322568266910e-02,2.891964745243379431e-01,6.541321032694433768e-01,-1.741541986470833479e+02,2.429908391340862295e+01,1.147085917168939595e+01
2.642394328117370605e+01,-6.383113349141308901e-02,2.886033083162626856e-01,6.552955104265655306e-01,-1.742916896371840778e+02,2.412257073622609482e+01,1.126260474575722981e+01
2.644589257240295410e+01,-6.041564788631223482e-02,2.883651705597294335e-01,6.567768618817179105e-01,-1.743899705580734576e+02,2.403889501735175926e+01,1.109488352583386828e+01
2.646206855773925781e+01,-5.795631371960121431e-02,2.879126349349400149e-01,6.584206471389497661e-01,-1.744846072427663444e+02,2.416152586446331085e+01,1.091249774327980937e+01
2.648651337623596191e+01,-5.199155855923355551e-02,2.875270246400388752e-01,6.599630641425181521e-01,-1.746385407923259834e+02,2.354616346289460083e+01,1.064590266189573597e+01
2.650158524513244629e+01,-5.190309295517732402e-02,2.872521470856301828e-01,6.607954728718502535e-01,-1.746549114103233080e+02,2.381804766960349440e+01,1.062321296637626844e+01
2.652091884613037109e+01,-4.940690647672173197e-02,2.868311393560714073e-01,6.624060556880121409e-01,-1.747374049428789817e+02,2.384735024588535524e+01,1.046371295244916766e+01
2.654080295562744141e+01,-4.718443388686402451e-02,2.865210364441724833e-01,6.642926841586546116e-01,-1.747947226660038496e+02,2.402648912047305885e+01,1.031776571735552750e+01
2.655439996719360352e+01,-4.496302973714398632e-02,2.858109183938847830e-01,6.661056117598352921e-01,-1.748933156652400100e+02,2.419053836915043476e+01,1.017237018051353381e+01
2.657475137710571289e+01,-4.282310771767661173e-02,2.855798859604999906e-01,6.671386634873479604e-01,-1.749762208486735346e+02,2.412418539886764890e+01,1.002538968085543303e+01
2.659367203712463379e+01,-4.072170358007308477e-02,2.851427136311130983e-01,6.689098505306829701e-01,-1.750278712450808598e+02,2.425916332747689097e+01,9.905824796010445965e+00
2.661306047439575195e+01,-3.863712183224675412e-02,2.844268129081808927e-01,6.708495213827327941e-01,-1.751219710968314871e+02,2.442331114293251204e+01,9.753110315246530604e+00
2.663324332237243652e+01,-3.618160984525101154e-02,2.842978992504637814e-01,6.724727473446493464e-01,-1.751819318143479052e+02,2.439734576022081924e+01,9.602824522775518901e+00
2.665546107292175293e+01,-3.319310263693303620e-02,2.841285264637485319e-01,6.737080344171596513e-01,-1.752250493988075277e+02,2.413868316771428013e+01,9.445587142181663509e+00
2.667177128791809082e+01,-3.087286430499768669e-02,2.833883506297744659e-01,6.754731943627255708e-01,-1.753269176621585075e+02,2.419750035000501498e+01,9.269939586979955237e+00
2.669065690040588379e+01,-2.957154841145544222e-02,2.831102936715955698e-01,6.769906408705470557e-01,-1.753841437667967114e+02,2.436589116166262059e+01,9.159849825572152326e+00
2.671042156219482422e+01,-2.713646659129319294e-02,2.828075893739918079e-01,6.786308758560415377e-01,-1.754412013226150293e+02,2.434039851844754665e+01,9.037562488346585710e+00
2.673069214820861816e+01,-2.424473635205547095e-02,2.824975557432780060e-01,6.798571076361529242e-01,-1.755027046569371407e+02,2.404065416158380586e+01,8.865579215685469805e+00
2.675112318992614746e+01,-2.054778212235501555e-02,2.820963997723733852e-01,6.809164137199139599e-01,-1.756222705376677595e+02,2.347982714154199613e+01,8.638427415451069180e+00
2.676848554611206055e+01,-1.706140006203175907e-02,2.819575343450893001e-01,6.819607394467310790e-01,-1.756774342216615139e+02,2.293293829529637762e+01,8.466241247647799284e+00
2.678896236419677734e+01,-1.298664619623774580e-02,2.820947047008693920e-01,6.832173063220310372e-01,-1.757124629768022430e+02,2.233915761864120242e+01,8.271749301603287918e+00
2.680993270874023438e+01,-8.694075492306121977e-03,2.815479905279982265e-01,6.845644440129204922e-01,-1.758285502748900910e+02,2.174111988145407892e+01,8.031688221723054966e+00
2.683098816871643066e+01,-4.626617317044029454e-03,2.814285513122313231e-01,6.861564389143078868e-01,-1.758876494008634381e+02,2.121880482924363776e+01,7.817749285420497962e+00
2.684855437278747559e+01,-2.251804198819540304e-04,2.808711874017031929e-01,6.879495969494454632e-01,-1.759933124320452578e+02,2.063971536615420987e+01,7.580809854114676227e+00
2.686890316009521484e+01,3.824226110031136994e-03,2.806358638831992214e-01,6.897037930791189986e-01,-1.760644960017170604e+02,2.015841429398304996e+01,7.382862464958727777e+00
2.688822507858276367e+01,8.018353487225744758e-03,2.802993092723933821e-01,6.915710239502352863e-01,-1.761241671577310512e+02,1.968549427105665472e+01,7.165932547953310916e+00
2.690530323982238770e+01,1.163492606861316753e-02,2.799235112011041471e-01,6.933337537310161336e-01,-1.761885916568152481e+02,1.925174394677576117e+01,6.971470100623224475e+00
2.692315697669982910e+01,1.543536070263568788e-02,2.796227632567550581e-01,6.945857821748583349e-01,-1.762641087736575116e+02,1.865702783044749324e+01,6.806530537503422629e+00
2.693638110160827637e+01,1.931614808554549256e-02,2.794243358844777370e-01,6.959561500245405874e-01,-1.763050423117458365e+02,1.802481496597099664e+01,6.611038710859757472e+00
2.695859456062316895e+01,2.228642927421704140e-02,2.791589147818764882e-01,6.970088540764725060e-01,-1.763648300030772020e+02,1.753537333024524614e+01,6.479453368331232532e+00
2.697693681716918945e+01,2.572893222673575814e-02,2.786722779075004874e-01,6.983686256029217887e-01,-1.764493553418731722e+02,1.696865407291109662e+01,6.287350681139333375e+00
2.699037647247314453e+01,2.965314408645598060e-02,2.783947585770010780e-01,6.998981913420944112e-01,-1.764878680470805250e+02,1.635419408658653140e+01,6.127790400172337115e+00
2.700961375236511230e+01,3.242175229765353189e-02,2.782120962840644585e-01,7.011077586694616226e-01,-1.765072344059811371e+02,1.589201876458141882e+01,5.976427938155646657e+00
2.702949857711791992e+01,3.679161160604841468e-02,2.778035961435388890e-01,7.030878209731151740e-01,-1.765629741905950709e+02,1.515289589736512887e+01,5.749119418022715422e+00
2.704529142379760742e+01,3.988145381351787533e-02,2.777774404333424041e-01,7.046199623736955076e-01,-1.765707072083866080e+02,1.461754274479741866e+01,5.600624248317251919e+00
2.706473469734191895e+01,4.492198827150025581e-02,2.772879182410286081e-01,7.069489027154528538e-01,-1.766291716440223638e+02,1.377166073520922218e+01,5.350455899113531366e+00
2.708306527137756348e+01,4.947651627508990735e-02,2.767222980099701690e-01,7.090748075691545305e-01,-1.766885258609574691e+02,1.299402990628361998e+01,5.103781105159002074e+00
2.709787273406982422e+01,5.426619827314998340e-02,2.760651362013621934e-01,7.113205117883245610e-01,-1.767579468294574667e+02,1.221219810296240738e+01,4.887616174775218703e+00
2.711701202392578125e+01,5.778089610917268304e-02,2.756627225257351488e-01,7.130618934330928971e-01,-1.768050605686486563e+02,1.162020059546147621e+01,4.699357245932374916e+00
2.713683152198791504e+01,6.276926222330314609e-02,2.753050206445983861e-01,7.154235769007906143e-01,-1.768354758810920373e+02,1.078662488203752368e+01,4.505565823915330448e+00
2.715592360496520996e+01,6.694701480271467164e-02,2.747144902198350169e-01,7.176177087114425923e-01,-1.768727208042218422e+02,1.007009250941306355e+01,4.301562644307751704e+00
2.717960333824157715e+01,7.129305323512569181e-02,2.741541290260681163e-01,7.198088110546433382e-01,-1.769380472800686164e+02,9.346674635181228652e+00,4.100618822993884471e+00
2.719618391990661621e+01,7.572375039960629883e-02,2.736796038984802837e-01,7.223631702991601955e-01,-1.769402473585822975e+02,8.585645095996454756e+00,3.895672743352323053e+00
2.721593761444091797e+01,7.985417289841657829e-02,2.733112616193207334e-01,7.247838023805408536e-01,-1.769484663412319776e+02,7.863556421039411326e+00,3.688918743361733643e+00
2.723809480667114258e+01,8.389218070959542084e-02,2.727229710437188981e-01,7.271355576391425046e-01,-1.769920512768484002e+02,7.139534245617111807e+00,3.503726157498304961e+00
2.725583910942077637e+01,8.748927270040098014e-02,2.720837743315454582e-01,7.293769505079956694e-01,-1.770245953877091267e+02,6.508742025547805454e+00,3.303275339994347526e+00
2.727546000480651855e+01,9.103327121019118284e-02,2.715317607957645207e-01,7.316396072592942224e-01,-1.770501158307480694e+02,5.847839537153345368e+00,3.151310144281808778e+00
2.729653525352478027e+01,9.477770297895934948e-02,2.710430909742736483e-01,7.340680572296839346e-01,-1.770482087279379471e+02,5.171534798574519698e+00,2.957129778312018953e+00
2.731458139419555664e+01,9.812120544393554411e-02,2.704936937178560874e-01,7.364267070349553856e-01,-1.770615909788052136e+02,4.557888788199355723e+00,2.779160932515295723e+00
2.733608102798461914e+01,1.016996855062827637e-01,2.699359145440354824e-01,7.388564645677440090e-01,-1.770741410737702211e+02,3.900299812469909533e+00,2.600272571554330892e+00
2.735417270660400391e+01,1.054762077383047114e-01,2.693291258518423770e-01,7.414877090220979294e-01,-1.770852314457767420e+02,3.200246078433397035e+00,2.410141085357210500e+00
2.737667751312255859e+01,1.096705102278562605e-01,2.686049276491834781e-01,7.444908144874673450e-01,-1.771046663280719429e+02,2.416314065884830331e+00,2.177182384203742327e+00
2.739671993255615234e+01,1.140264375817559017e-01,2.681756106537158124e-01,7.476953163594634022e-01,-1.770725165372365382e+02,1.581285295354576181e+00,1.987203000805388031e+00
2.741252398490905762e+01,1.177810589307275863e-01,2.672505650069799676e-01,7.504615246518397953e-01,-1.771059416285295072e+02,8.870016303201023744e-01,1.789336087052457280e+00
2.743449521064758301e+01,1.204473862031421455e-01,2.670406842718870410e-01,7.525716901874508480e-01,-1.770776571749974835e+02,3.721099536577591738e-01,1.660393745278314181e+00
2.744592428207397461e+01,1.247931560464058121e-01,2.660958723130843473e-01,7.560126016186401454e-01,-1.770865350987721172e+02,-4.713300562750536993e-01,1.411477277390383867e+00
2.746482753753662109e+01,1.274796875834869614e-01,2.655603218220914941e-01,7.582077797559868548e-01,-1.770936581918498973e+02,-1.006324934959659023e+00,1.297156513631366082e+00
2.748410797119140625e+01,1.309311580835494926e-01,2.648540163018218152e-01,7.611939287428428624e-01,-1.770784047136089043e+02,-1.700984386314075669e+00,1.072193350863655414e+00
2.750341701507568359e+01,1.343630759251386309e-01,2.639981215474600518e-01,7.640567276203099611e-01,-1.770986615108142530e+02,-2.400438947058648242e+00,8.779203586468303788e-01
2.752598667144775391e+01,1.380268677638556707e-01,2.632803155536463380e-01,7.672258455635777574e-01,-1.770808261122589613e+02,-3.122771324121884184e+00,7.034582228429261397e-01
2.754273819923400879e+01,1.416029093671590522e-01,2.625230315665856295e-01,7.703936536150516323e-01,-1.770681403507442724e+02,-3.865972199651763308e+00,5.063873573817595508e-01
2.756209444999694824e+01,1.447700501587547706e-01,2.617576843865649927e-01,7.733137870088132582e-01,-1.770751604377800845e+02,-4.525943131337547776e+00,3.362461979142557511e-01
2.758561491966247559e+01,1.481882376116156474e-01,2.610375998104639828e-01,7.765634225095623400e-01,-1.770370757802112678e+02,-5.244692572591639568e+00,1.307727786617908505e-01
2.760120701789855957e+01,1.511052436118726361e-01,2.603082782315246924e-01,7.794551751459282141e-01,-1.770266361181497814e+02,-5.857956714043636381e+00,-6.214565927336853507e-02
2.762101411819458008e+01,1.534782479699432489e-01,2.599002224307017661e-01,7.818285754781357788e-01,-1.769943066847873467e+02,-6.372780135083333519e+00,-1.635681377487054056e-01
2.764046859741210938e+01,1.559564164706658262e-01,2.593938267489734883e-01,7.840251463425450540e-01,-1.769700195942423022e+02,-6.879078573211546477e+00,-3.174099366130397337e-01
2.765969967842102051e+01,1.579534858079134074e-01,2.589548368595237515e-01,7.858313966315331189e-01,-1.769635507279319881e+02,-7.282410019728541073e+00,-4.369084314194299767e-01
2.768035721778869629e+01,1.591591699564881557e-01,2.587110726115109394e-01,7.868990953041844483e-01,-1.769554216957452297e+02,-7.538338238737785524e+00,-4.965778437659890132e-01
2.769867038726806641e+01,1.598249600684968075e-01,2.584389294815996885e-01,7.875218214556547469e-01,-1.769701988228358118e+02,-7.665747754976237616e+00,-5.176732895715175919e-01
2.771548390388488770e+01,1.598136181835553560e-01,2.586171170876360170e-01,7.874623298759322321e-01,-1.769449862221207752e+02,-7.667387280098352242e+00,-5.056343664772576796e-01
2.773319816589355469e+01,1.597129552742765912e-01,2.585120343229312390e-01,7.872824990797248068e-01,-1.769724143511019179e+02,-7.624120128860748302e+00,-5.001614567246192022e-01
2.775191140174865723e+01,1.594254948052342413e-01,2.585850430196152128e-01,7.869821484717636206e-01,-1.769748102667147123e+02,-7.560513121324554220e+00,-4.826282368835960734e-01
2.776681470870971680e+01,1.591542611349153202e-01,2.586374032379199495e-01,7.868224848284768314e-01,-1.769695008890984695e+02,-7.518392382644562666e+00,-4.565338082356630856e-01
2.778953504562377930e+01,1.585245579594058984e-01,2.588428642497185295e-01,7.864299056174146596e-01,-1.769620484227607733e+02,-7.415604558206677410e+00,-4.213190009809070213e-01
2.780914402008056641e+01,1.582265716456487670e-01,2.587830605310685872e-01,7.861016708501967765e-01,-1.769744863918033673e+02,-7.347224366877736834e+00,-4.214546599453495301e-01
2.782733750343322754e+01,1.578066604847180310e-01,2.587555419565694126e-01,7.859701724334722250e-01,-1.769813251001508263e+02,-7.280258735895682065e+00,-4.404636442105590577e-01
2.784823560714721680e+01,1.576309654276481786e-01,2.587835632034004019e-01,7.859111363504840408e-01,-1.769751233332937090e+02,-7.259338580713825984e+00,-4.202233711301124885e-01
2.787156057357788086e+01,1.577088637067124988e-01,2.588875595428073995e-01,7.859473393373120897e-01,-1.769711968657204295e+02,-7.284998797480395361e+00,-4.239494377101142852e-01
2.788956403732299805e+01,1.574552241687544041e-01,2.587835629814066452e-01,7.858507003776410427e-01,-1.769752858307107886e+02,-7.237359623091956351e+00,-4.202029495033134388e-01
2.790740942955017090e+01,1.576994736746094583e-01,2.587550142106688211e-01,7.859184110678821833e-01,-1.769813477921340450e+02,-7.280228888980850854e+00,-4.416089885310968688e-01
2.792579007148742676e+01,1.579711371608462089e-01,2.591380819228237264e-01,7.858725636423192773e-01,-1.768786189959787976e+02,-7.319224494329454878e+00,-4.071596386694893432e-01
2.794628214836120605e+01,1.583124270547336399e-01,2.591083874584488300e-01,7.856586930870288477e-01,-1.767939501709796843e+02,-7.370468905252773872e+00,-3.225252517050415380e-01
2.796677422523498535e+01,1.583368572400557228e-01,2.593114523352587075e-01,7.848825038664770659e-01,-1.765683634514329299e+02,-7.310450985542424895e+00,-2.347360781297761767e-01
2.798499107360839844e+01,1.590557346626763346e-01,2.591867647873604685e-01,7.839006845393811096e-01,-1.763752452826261390e+02,-7.381979867518285943e+00,-4.500534200523997885e-02
2.800807690620422363e+01,1.599397912864118643e-01,2.593657685914754762e-01,7.822504687340438023e-01,-1.759931170602547752e+02,-7.433583339080203523e+00,2.293981836562105081e-01
2.802801084518432617e+01,1.619990939490495163e-01,2.592557684379727667e-01,7.800871858568543260e-01,-1.752732058986425727e+02,-7.660274430430706438e+00,4.563214229355300189e-01
2.804773211479187012e+01,1.632585440838001389e-01,2.587930703725339066e-01,7.773893555643329734e-01,-1.745684755275976272e+02,-7.796705086581409816e+00,5.231312671840196993e-01
2.806724286079406738e+01,1.660080542144683757e-01,2.571311459567072744e-01,7.744512932147966655e-01,-1.740618994760141334e+02,-8.257821783448035191e+00,4.597264125334518670e-01
2.808257269859313965e+01,1.693657784794023735e-01,2.549626968799424409e-01,7.711799142289184061e-01,-1.734959346236011868e+02,-8.846462836273913055e+00,5.590810221942961178e-01
2.810085558891296387e+01,1.716875392959374969e-01,2.513493251664066785e-01,7.685405512516474413e-01,-1.733827627542829930e+02,-9.205187821720111074e+00,7.271642345222107950e-01
2.811829972267150879e+01,1.758345945348590567e-01,2.479048463693919457e-01,7.653043426261264548e-01,-1.729634776730700025e+02,-9.882695130198010602e+00,9.894792479105872784e-01
2.814400577545166016e+01,1.804188579935278869e-01,2.423136195393073011e-01,7.622199880176848685e-01,-1.728648630045836398e+02,-1.053404625321214283e+01,1.213236997639578707e+00
2.815842485427856445e+01,1.849440313838246475e-01,2.354810252566315321e-01,7.596092650865979845e-01,-1.730443960644088577e+02,-1.109223175947685114e+01,1.531866211092215213e+00
2.817940187454223633e+01,1.902978208857799836e-01,2.276876385407851922e-01,7.578082353116121217e-01,-1.734791348739240959e+02,-1.185499860988351273e+01,1.647171383132436606e+00
2.819862341880798340e+01,1.956921595052604212e-01,2.186917307633813312e-01,7.563864396738476659e-01,-1.739870588865802006e+02,-1.257315165161381643e+01,1.694480844625827487e+00
2.821808671951293945e+01,2.011469796392372777e-01,2.087817538692194885e-01,7.557485394902829778e-01,-1.745487798105832269e+02,-1.326321884631416914e+01,1.799195299482589050e+00
2.823823094367980957e+01,2.070421821624039704e-01,1.985195325869667515e-01,7.560888162490543296e-01,-1.751892556231484264e+02,-1.412834352077599043e+01,2.079633147854617281e+00
2.825816917419433594e+01,2.148794014889067461e-01,1.869451358580976053e-01,7.578177070047288355e-01,-1.761202902263057695e+02,-1.547713276573912999e+01,2.147997164564191763e+00
2.827708005905151367e+01,2.216423550725770131e-01,1.762587076016807197e-01,7.598430271560829841e-01,-1.771353551130034987e+02,-1.663038254339539890e+01,2.405945180916453818e+00
2.829694581031799316e+01,2.288333650019870880e-01,1.649981476907150801e-01,7.629271246542004281e-01,-1.781966622614333744e+02,-1.780055772097019329e+01,2.637081117227427107e+00
2.831061816215515137e+01,2.341586559289812186e-01,1.574439682104235572e-01,7.654496592871042893e-01,-1.789183758375420439e+02,-1.874384522597767955e+01,2.729906275785569214e+00
2.833339929580688477e+01,2.422077046714141424e-01,1.471440824224704569e-01,7.695935177538621996e-01,-1.797999773189409325e+02,-2.034030634014476746e+01,2.719091113312692709e+00
2.834766960144042969e+01,2.498596787479933079e-01,1.383444918492597597e-01,7.741224433779487768e-01,1.795263694203201794e+02,-2.187158068536733779e+01,2.533906301025651064e+00
2.836528992652893066e+01,2.544559961180972163e-01,1.332036457456057810e-01,7.770605789919976525e-01,1.791601762700054508e+02,-2.281596837502037189e+01,2.422833921027574444e+00
2.838756442070007324e+01,2.613090259896478917e-01,1.269437448841398142e-01,7.815872634117092543e-01,1.787260793461142612e+02,-2.440461587340267613e+01,2.258706263920799984e+00
2.840555214881896973e+01,2.673959761454209882e-01,1.219549028900894921e-01,7.859128618001477440e-01,1.785197307911255962e+02,-2.587606012359728069e+01,1.886160865488572203e+00
2.841849708557128906e+01,2.722586658525598668e-01,1.185279964382380952e-01,7.897443199728116925e-01,1.784051863828092337e+02,-2.701759143364004601e+01,1.564939792107568062e+00
2.843740439414978027e+01,2.753347915776619415e-01,1.166909515663042823e-01,7.920112663296426936e-01,1.783483093473743111e+02,-2.783018960478425896e+01,1.320478988802594955e+00
2.845768356323242188e+01,2.801412101535578625e-01,1.149621038300610160e-01,7.953323175805850909e-01,1.783620497249988262e+02,-2.917831994941817797e+01,1.061419766126503905e+00
2.847713804244995117e+01,2.841255765769970520e-01,1.134890786438411958e-01,7.982272865778837767e-01,1.783801158989186320e+02,-3.035151397933254813e+01,7.971143828811352305e-01
2.849707293510437012e+01,2.871807245214684223e-01,1.122107990492120649e-01,8.003445943155259590e-01,1.783591761671669929e+02,-3.136225313868829545e+01,6.276757514464753607e-01
2.852256059646606445e+01,2.901118708828959725e-01,1.121390066795239920e-01,8.023214483341176706e-01,1.783902856478428589e+02,-3.239551923181647908e+01,7.379489206155577241e-01
2.853668808937072754e+01,2.913484057237751279e-01,1.124072634744017751e-01,8.032154633820188794e-01,1.784078379037585194e+02,-3.293930116132705166e+01,9.619968610762152927e-01
2.855661320686340332e+01,2.918540903950167520e-01,1.127395845747429931e-01,8.034505994686580443e-01,1.784225973464338892e+02,-3.330551723421125132e+01,1.118649288633811967e+00
2.857605314254760742e+01,2.923488948268326837e-01,1.134449167093168620e-01,8.036030912610684362e-01,1.785034160061188686e+02,-3.376272761119064114e+01,1.364314321193343504e+00
2.859614205360412598e+01,2.924153150310139782e-01,1.139376252038342419e-01,8.036714015478099160e-01,1.785852408733543939e+02,-3.413713099484527191e+01,1.539304823001829137e+00
2.861622238159179688e+01,2.919081047410438390e-01,1.144615902883238528e-01,8.033379746366089424e-01,1.786478816890327437e+02,-3.419947846114295231e+01,1.721896974932147995e+00
2.863566899299621582e+01,2.912992335253439813e-01,1.149621162775849442e-01,8.029123532169593069e-01,1.787002763290811913e+02,-3.408720588115158279e+01,1.862679865237086840e+00
2.865562367439270020e+01,2.908194164848951213e-01,1.152235359358062816e-01,8.025117753508437257e-01,1.787394448986304099e+02,-3.399827602944649385e+01,1.946012517693045396e+00
2.867581987380981445e+01,2.904794935867569539e-01,1.152744905772966899e-01,8.022878530650192630e-01,1.787474744068966004e+02,-3.395401716792268587e+01,1.962888025519783142e+00
2.869500970840454102e+01,2.903111391956872400e-01,1.152235347075009769e-01,8.021773792863411412e-01,1.787421436313976528e+02,-3.393237538266961195e+01,1.944504517303101254e+00
2.871629333496093750e+01,2.901416345398270535e-01,1.152235342985593464e-01,8.020660482709824901e-01,1.787430422457346140e+02,-3.391040934061640399e+01,1.944002960365298405e+00
2.873433256149291992e+01,2.899529271561217536e-01,1.150764397123716087e-01,8.019604434150210404e-01,1.787379112915666610e+02,-3.388844649671774079e+01,1.925461513091754062e+00
2.875285744667053223e+01,2.898024839932629160e-01,1.152235334813609680e-01,8.018435727106780764e-01,1.787448381554463310e+02,-3.386647553038392289e+01,1.943001439669013175e+00
2.877426671981811523e+01,2.897977002856652606e-01,1.153633461103344832e-01,8.018231392441067529e-01,1.787705970143376817e+02,-3.386719752973048969e+01,1.923636673906873540e+00
2.878886747360229492e+01,2.898024839932629160e-01,1.152235334813609680e-01,8.018435727106780764e-01,1.787448381554463310e+02,-3.386647553038392289e+01,1.943001439669013175e+00
2.880994820594787598e+01,2.899720806028132092e-01,1.152235338898406208e-01,8.019547779649784935e-01,1.787439404318490119e+02,-3.388844243875759332e+01,1.943501928178512639e+00
2.883277463912963867e+01,2.897833327211278842e-01,1.150764393039188926e-01,8.018492455078624070e-01,1.787388006853016407e+02,-3.386647935478843152e+01,1.924965667751139975e+00
2.885376524925231934e+01,2.897833327211278842e-01,1.150764393039188926e-01,8.018492455078624070e-01,1.787388006853016407e+02,-3.386647935478843152e+01,1.924965667751139975e+00
2.887446379661560059e+01,2.897833327211278842e-01,1.150764393039188926e-01,8.018492455078624070e-01,1.787388006853016407e+02,-3.386647935478843152e+01,1.924965667751139975e+00
2.888656187057495117e+01,2.896328447361340985e-01,1.152235330731202489e-01,8.017324325244452599e-01,1.787457354171472730e+02,-3.384450861550412526e+01,1.942501494270194584e+00
2.890814471244812012e+01,2.896088912118918168e-01,1.152162510913454507e-01,8.017176261013766458e-01,1.787654398209787132e+02,-3.384522722479636769e+01,1.905110409505127445e+00
2.892478227615356445e+01,2.899071673076388800e-01,1.156367581610794892e-01,8.019129601606840296e-01,1.789701379034357274e+02,-3.391277130774687265e+01,1.772553337042409138e+00
2.894699168205261230e+01,2.898844423208396526e-01,1.155784479042972490e-01,8.018990111472193982e-01,1.789836284327645046e+02,-3.391370402952200891e+01,1.717257706301286158e+00
2.896407747268676758e+01,2.898521243308480044e-01,1.154028931367184624e-01,8.018945026509743945e-01,1.788952171000618989e+02,-3.389712811512467994e+01,1.829242536906314553e+00
2.898320007324218750e+01,2.898748091648628566e-01,1.154611845563652262e-01,8.019083938486826213e-01,1.788817388642910089e+02,-3.389613207131220207e+01,1.884526144605825682e+00
2.900412344932556152e+01,2.898510357999147802e-01,1.154538510810909774e-01,8.018936891401281519e-01,1.789014679420715197e+02,-3.389684287476559632e+01,1.847112909946699189e+00
2.902310919761657715e+01,2.898510357999147802e-01,1.154538510810909774e-01,8.018936891401281519e-01,1.789014679420715197e+02,-3.389684287476559632e+01,1.847112909946699189e+00
2.904479598999023438e+01,2.898510357999147802e-01,1.154538510810909774e-01,8.018936891401281519e-01,1.789014679420715197e+02,-3.389684287476559632e+01,1.847112909946699189e+00
2.906549644470214844e+01,2.898510357999147802e-01,1.154538510810909774e-01,8.018936891401281519e-01,1.789014679420715197e+02,-3.389684287476559632e+01,1.847112909946699189e+00
2.908447265625000000e+01,2.898510357999147802e-01,1.154538510810909774e-01,8.018936891401281519e-01,1.789014679420715197e+02,-3.389684287476559632e+01,1.847112909946699189e+00
2.910555553436279297e+01,2.898521243308480044e-01,1.154028931367184624e-01,8.018945026509743945e-01,1.788952171000618989e+02,-3.389712811512467994e+01,1.829242536906314553e+00
2.912233996391296387e+01,2.898510357999147802e-01,1.154538510810909774e-01,8.018936891401281519e-01,1.789014679420715197e+02,-3.389684287476559632e+01,1.847112909946699189e+00
2.914006757736206055e+01,2.898462722315638951e-01,1.155936407283850026e-01,8.018733416956803639e-01,1.789272373848101267e+02,-3.389752907476815125e+01,1.827730914110881066e+00
2.915990400314331055e+01,2.896814157649765242e-01,1.154538506727818686e-01,8.017825303249828117e-01,1.789023212423727784e+02,-3.387487474377618213e+01,1.846637079950897098e+00
2.917535090446472168e+01,2.896861993820524228e-01,1.153140690523354328e-01,8.018029281474796655e-01,1.788765612326086227e+02,-3.387418154907081913e+01,1.866013567586102040e+00
2.919903182983398438e+01,2.898521243308480044e-01,1.154028931367184624e-01,8.018945026509743945e-01,1.788952171000618989e+02,-3.389712811512467994e+01,1.829242536906314553e+00
2.921643352508544922e+01,2.896825046078331245e-01,1.154028927284078410e-01,8.017833434181917962e-01,1.788960621505287634e+02,-3.387515976429444464e+01,1.828771303034130824e+00
2.923377490043640137e+01,2.898510357999147802e-01,1.154538510810909774e-01,8.018936891401281519e-01,1.789014679420715197e+02,-3.389684287476559632e+01,1.847112909946699189e+00
2.925219130516052246e+01,2.898510357999147802e-01,1.154538510810909774e-01,8.018936891401281519e-01,1.789014679420715197e+02,-3.389684287476559632e+01,1.847112909946699189e+00
2.927519345283508301e+01,2.898510357999147802e-01,1.154538510810909774e-01,8.018936891401281519e-01,1.789014679420715197e+02,-3.389684287476559632e+01,1.847112909946699189e+00
2.928615617752075195e+01,2.898462722315638951e-01,1.155936407283850026e-01,8.018733416956803639e-01,1.789272373848101267e+02,-3.389752907476815125e+01,1.827730914110881066e+00
2.930448532104492188e+01,2.898521243308480044e-01,1.154028931367184624e-01,8.018945026509743945e-01,1.788952171000618989e+02,-3.389712811512467994e+01,1.829242536906314553e+00
2.931907272338867188e+01,2.896872926882424482e-01,1.152631115107541765e-01,8.018037602723088186e-01,1.788703017946447744e+02,-3.387447323854792813e+01,1.848148091227389767e+00
2.934037232398986816e+01,2.898510357999147802e-01,1.154538510810909774e-01,8.018936891401281519e-01,1.789014679420715197e+02,-3.389684287476559632e+01,1.847112909946699189e+00
2.935801529884338379e+01,2.898510357999147802e-01,1.154538510810909774e-01,8.018936891401281519e-01,1.789014679420715197e+02,-3.389684287476559632e+01,1.847112909946699189e+00
2.938122773170471191e+01,2.896814157649765242e-01,1.154538506727818686e-01,8.017825303249828117e-01,1.789023212423727784e+02,-3.387487474377618213e+01,1.846637079950897098e+00
2.939621162414550781e+01,2.898558115919152023e-01,1.153140694606512723e-01,8.019140887961937469e-01,1.788756989889155591e+02,-3.389614943921484524e+01,1.866494375221217750e+00
2.941782212257385254e+01,2.896814157649765242e-01,1.154538506727818686e-01,8.017825303249828117e-01,1.789023212423727784e+02,-3.387487474377618213e+01,1.846637079950897098e+00
2.943552041053771973e+01,2.898521243308480044e-01,1.154028931367184624e-01,8.018945026509743945e-01,1.788952171000618989e+02,-3.389712811512467994e+01,1.829242536906314553e+00
2.945673108100891113e+01,2.896814157649765242e-01,1.154538506727818686e-01,8.017825303249828117e-01,1.789023212423727784e+02,-3.387487474377618213e+01,1.846637079950897098e+00
2.947548627853393555e+01,2.898510357999147802e-01,1.154538510810909774e-01,8.018936891401281519e-01,1.789014679420715197e+02,-3.389684287476559632e+01,1.847112909946699189e+00
2.949552059173583984e+01,2.896814157649765242e-01,1.154538506727818686e-01,8.017825303249828117e-01,1.789023212423727784e+02,-3.387487474377618213e+01,1.846637079950897098e+00
2.951939964294433594e+01,2.897004240377359929e-01,1.156009662235212010e-01,8.017768830345413100e-01,1.789083691763950128e+02,-3.387486433140842479e+01,1.864664361715492769e+00
2.953845524787902832e+01,2.898521243308480044e-01,1.154028931367184624e-01,8.018945026509743945e-01,1.788952171000618989e+02,-3.389712811512467994e+01,1.829242536906314553e+00
2.955758261680603027e+01,2.898510357999147802e-01,1.154538510810909774e-01,8.018936891401281519e-01,1.789014679420715197e+02,-3.389684287476559632e+01,1.847112909946699189e+00
2.957599782943725586e+01,2.898510357999147802e-01,1.154538510810909774e-01,8.018936891401281519e-01,1.789014679420715197e+02,-3.389684287476559632e+01,1.847112909946699189e+00
2.959743905067443848e+01,2.898510357999147802e-01,1.154538510810909774e-01,8.018936891401281519e-01,1.789014679420715197e+02,-3.389684287476559632e+01,1.847112909946699189e+00
2.961528778076171875e+01,2.898510357999147802e-01,1.154538510810909774e-01,8.018936891401281519e-01,1.789014679420715197e+02,-3.389684287476559632e+01,1.847112909946699189e+00
2.963496303558349609e+01,2.898521243308480044e-01,1.154028931367184624e-01,8.018945026509743945e-01,1.788952171000618989e+02,-3.389712811512467994e+01,1.829242536906314553e+00
2.965342187881469727e+01,2.898510357999147802e-01,1.154538510810909774e-01,8.018936891401281519e-01,1.789014679420715197e+02,-3.389684287476559632e+01,1.847112909946699189e+00
2.967319726943969727e+01,2.898510357999147802e-01,1.154538510810909774e-01,8.018936891401281519e-01,1.789014679420715197e+02,-3.389684287476559632e+01,1.847112909946699189e+00
2.969414067268371582e+01,2.897718948808965522e-01,1.154623765337955410e-01,8.017600784421801130e-01,1.789075021433700670e+02,-3.387547459526903992e+01,1.842563513180234702e+00
2.971390366554260254e+01,2.896937909949684475e-01,1.154199555825324158e-01,8.016273031311604846e-01,1.789072659381637607e+02,-3.385438803725008938e+01,1.820156466788672489e+00
2.973430252075195312e+01,2.895926258517831919e-01,1.154388790816583826e-01,8.013986818604379447e-01,1.789190228067598980e+02,-3.383362201294678329e+01,1.811584816634484341e+00
2.975560331344604492e+01,2.893313456766185010e-01,1.155260140128320928e-01,8.009024186246993526e-01,1.789491037763540362e+02,-3.376983724206655779e+01,1.811794640120056421e+00
2.977312850952148438e+01,2.889566106500355280e-01,1.155077515857188819e-01,8.003314176001694591e-01,1.789670343578336542e+02,-3.366263993290748857e+01,1.775431808456186866e+00
2.979216074943542480e+01,2.887162041229767717e-01,1.155847488235327153e-01,7.999309475714182494e-01,1.789913529130432437e+02,-3.359825330079328864e+01,1.779738586605551509e+00
2.981248378753662109e+01,2.883964041037628268e-01,1.156196064002308205e-01,7.993984337120038086e-01,1.790152642960011917e+02,-3.351275434680761833e+01,1.761781453884306847e+00
2.983461380004882812e+01,2.880531998847890018e-01,1.156651892247150121e-01,7.987715733228224479e-01,1.790448316740315704e+02,-3.342785503455993279e+01,1.739860333506928258e+00
2.985199570655822754e+01,2.877876137371807030e-01,1.156740537299366378e-01,7.981150817403412923e-01,1.790546655014549913e+02,-3.333842687942581762e+01,1.732845356917985802e+00
2.987131309509277344e+01,2.873854547879325927e-01,1.156674804489771641e-01,7.974521481711173143e-01,1.790778273991314791e+02,-3.323176961100837445e+01,1.692922694689244612e+00
2.989209961891174316e+01,2.869102165526800086e-01,1.157952844595460801e-01,7.965044573006984097e-01,1.791310288957913315e+02,-3.312641128683308267e+01,1.676484242209124620e+00
2.991244602203369141e+01,2.864334251885674587e-01,1.158726266814443517e-01,7.955586075536320578e-01,1.791775621858790544e+02,-3.302126785201934211e+01,1.642438406398364137e+00
2.992661547660827637e+01,2.859891786857076124e-01,1.159117204682782593e-01,7.945575509876035003e-01,1.792226900646409717e+02,-3.293887039995319554e+01,1.587262540653333165e+00
2.994148921966552734e+01,2.856919513289365442e-01,1.159337626429699369e-01,7.938102603311250061e-01,1.792379104781068406e+02,-3.285000869113259370e+01,1.576701279669663336e+00
2.996454930305480957e+01,2.851860599109339311e-01,1.161017784511441525e-01,7.929345918934636028e-01,1.793101615709898624e+02,-3.277105547487669668e+01,1.545881672942779339e+00
2.998210525512695312e+01,2.845216766688525301e-01,1.161545721976716544e-01,7.917221185665679339e-01,1.793432838805746883e+02,-3.261800554167224675e+01,1.522425505303875770e+00
3.000139403343200684e+01,2.840207246931681362e-01,1.161379832428004050e-01,7.907748893211474783e-01,1.793577043558080959e+02,-3.250791079757992463e+01,1.490340438919961930e+00
3.002255177497863770e+01,2.835775202075410673e-01,1.162480682074408384e-01,7.900239100864103747e-01,1.793992612485152165e+02,-3.240133475551846942e+01,1.482301880730749755e+00
3.003476738929748535e+01,2.832175434759049981e-01,1.162974816185159826e-01,7.894053524542402611e-01,1.794279479543909304e+02,-3.231631099102459359e+01,1.461221174765461095e+00
3.005519628524780273e+01,2.832005324615227138e-01,1.162807376994992037e-01,7.891604593609253815e-01,1.794375386338369083e+02,-3.234015879811557426e+01,1.432137300866117791e+00
3.007324004173278809e+01,2.834024282117033056e-01,1.163278621072451752e-01,7.890551500207388935e-01,1.794364792181953590e+02,-3.244663602431560179e+01,1.457595685628661597e+00
3.009354209899902344e+01,2.842818213394289195e-01,1.163736846046360129e-01,7.894630457240978672e-01,1.794455599700379764e+02,-3.279944204830162136e+01,1.453584166187898097e+00
3.012037420272827148e+01,2.856782464888993900e-01,1.163799352090973960e-01,7.902180812055804582e-01,1.794461725521485107e+02,-3.335018884006254325e+01,1.434569455780073444e+00
3.013657546043395996e+01,2.869513864854331686e-01,1.164305351693421531e-01,7.909042811730458977e-01,1.794540901284301242e+02,-3.381287849356114350e+01,1.431691047310130305e+00
3.016066360473632812e+01,2.878164046979419521e-01,1.164391394472695934e-01,7.914662811665196251e-01,1.794512562885242062e+02,-3.401066352455346475e+01,1.434317776265950917e+00
3.017553257942199707e+01,2.879889309964641653e-01,1.164920768132801654e-01,7.915763073359062263e-01,1.794579024905882818e+02,-3.403250169898502975e+01,1.451725890199235147e+00
3.019186282157897949e+01,2.880806232831237268e-01,1.164485532888097086e-01,7.915545633545372217e-01,1.794557918422438547e+02,-3.403320431948837665e+01,1.430605132009726388e+00
3.021259474754333496e+01,2.881779918331683343e-01,1.165297976428342069e-01,7.913773557035204131e-01,1.794793654535974099e+02,-3.401281414637700351e+01,1.435027004391643768e+00
3.023111462593078613e+01,2.880411824382537733e-01,1.165321603693108138e-01,7.908888277889538632e-01,1.794826640191500928e+02,-3.392276778585189589e+01,1.433067541221567209e+00
3.025244522094726562e+01,2.880378040465954026e-01,1.166004753100838010e-01,7.903317316719887797e-01,1.795215165218318418e+02,-3.386083103673488637e+01,1.403410786030453883e+00
3.027003550529479980e+01,2.879241959328741052e-01,1.166900430335118255e-01,7.895492091093871956e-01,1.795718447384730325e+02,-3.377803816140539794e+01,1.365254165211555071e+00
3.028560662269592285e+01,2.877801873975141533e-01,1.167636267241624476e-01,7.885076364388824421e-01,1.796137448983160141e+02,-3.362602178937414976e+01,1.334187051956808423e+00
3.030373215675354004e+01,2.871659585582992946e-01,1.167909809450578956e-01,7.874909163029675252e-01,1.796524035696363057e+02,-3.347677907074456272e+01,1.282679212709840755e+00
3.032458281517028809e+01,2.866598440138818371e-01,1.168472548928960325e-01,7.863863684705787449e-01,1.796842126190763622e+02,-3.330162237664973190e+01,1.259845102853679899e+00
3.034564423561096191e+01,2.859327599693027855e-01,1.170529584103789933e-01,7.851348144837742016e-01,1.797226498182818659e+02,-3.312639858142757987e+01,1.255195896635981301e+00
3.036264467239379883e+01,2.851605910011215661e-01,1.169970449875086388e-01,7.840454544938598724e-01,1.797459864561967322e+02,-3.292815006066318517e+01,1.239084598568772178e+00
3.038399457931518555e+01,2.845916650049195029e-01,1.170287882674738988e-01,7.830739129499550977e-01,1.797836665813652814e+02,-3.280079122915746126e+01,1.188638998881873743e+00
3.040489530563354492e+01,2.841604163749587020e-01,1.171336296509670610e-01,7.824205316403077815e-01,1.798198695786171584e+02,-3.269362148447963534e+01,1.184301290405878504e+00
3.042527818679809570e+01,2.836270359375842043e-01,1.170787830029940968e-01,7.817817683327913381e-01,1.798109381472108623e+02,-3.258109801795797722e+01,1.170017172650871906e+00
3.044206786155700684e+01,2.834247948952970386e-01,1.171643787912510781e-01,7.814277435379952674e-01,1.798357586678608300e+02,-3.253875783103848107e+01,1.174224691840990653e+00
3.046160054206848145e+01,2.832515916526310296e-01,1.171853358322923616e-01,7.811671796640659027e-01,1.798470665178972467e+02,-3.249590666520875715e+01,1.165852283278753010e+00
3.048088955879211426e+01,2.834305718220599402e-01,1.172098716549725139e-01,7.811267612783895364e-01,1.798577309826073076e+02,-3.254096675981126197e+01,1.157970533305165528e+00
3.050274157524108887e+01,2.836930941499322678e-01,1.172274128954126221e-01,7.812197423495977899e-01,1.798631788275305325e+02,-3.265141351022316485e+01,1.154161042865746944e+00
3.052093434333801270e+01,2.842203667843873904e-01,1.172588758811043824e-01,7.814040819849464858e-01,1.798736804836420049e+02,-3.282835629521148491e+01,1.146575167850546695e+00
3.054107332229614258e+01,2.845112933573314962e-01,1.172890740070713367e-01,7.814430669838201560e-01,1.798847741933009843e+02,-3.296133318392620026e+01,1.138574226479460716e+00
3.055446958541870117e+01,2.851816521139629024e-01,1.173353277727388899e-01,7.816503385176716279e-01,1.799009315342000548e+02,-3.320475607747495417e+01,1.126774225630579496e+00
3.057410120964050293e+01,2.856121015680893604e-01,1.172094442525467572e-01,7.815717074368019324e-01,1.798784630475941242e+02,-3.337803679548837721e+01,1.145173495372156180e+00
3.059437298774719238e+01,2.865212598876998307e-01,1.173740260192496637e-01,7.815595062138092075e-01,1.799160283348192877e+02,-3.377362788888019907e+01,1.097003887380784359e+00
3.062045168876647949e+01,2.873502111722752717e-01,1.175739486958949781e-01,7.813048797802462087e-01,1.799862811889974523e+02,-3.417525437355359230e+01,1.066546527408133382e+00
3.063358569145202637e+01,2.872101305109448499e-01,1.176430436287273507e-01,7.803892733517773239e-01,-1.799602827903086109e+02,-3.415923901559379061e+01,1.003158701674835562e+00
3.064820408821105957e+01,2.865253481204779185e-01,1.177769318147545430e-01,7.793273054475950978e-01,-1.799074432893625897e+02,-3.389980856400427456e+01,9.854968783346403916e-01
3.066748905181884766e+01,2.859134765097664510e-01,1.178519914477184072e-01,7.784104374496415568e-01,-1.798678631350022386e+02,-3.374971469415456227e+01,9.555523116980009224e-01
3.068134856224060059e+01,2.853828050352946177e-01,1.180678795005151577e-01,7.776063834947912756e-01,-1.798082966350063714e+02,-3.362139399953670704e+01,9.110180969557329922e-01
3.070406270027160645e+01,2.850352431371424577e-01,1.179602041269802171e-01,7.771035333082215724e-01,-1.798116045807230421e+02,-3.353527189310007373e+01,9.130818917847993710e-01
3.072556972503662109e+01,2.845059432439288050e-01,1.180256910923234703e-01,7.763209923571636750e-01,-1.797780066124997802e+02,-3.340658562126262154e+01,8.877703643434585734e-01
3.073790097236633301e+01,2.841212516200826155e-01,1.180814559498772343e-01,7.757077520457265063e-01,-1.797500351836720256e+02,-3.332131697291841732e+01,8.666602383458646974e-01
3.075179672241210938e+01,2.837984289185877529e-01,1.180588425964906735e-01,7.752793000441826621e-01,-1.797420684534487805e+02,-3.323492352113231618e+01,8.382285124917875363e-01
3.077088022232055664e+01,2.835888232424286226e-01,1.181476842026938368e-01,7.749273294085223807e-01,-1.797166441338143557e+02,-3.319260808936994067e+01,8.415669747189356009e-01
3.079177999496459961e+01,2.833219528668914355e-01,1.181809547248661579e-01,7.745375797938637286e-01,-1.796999922293837244e+02,-3.312824907256803186e+01,8.290677434442018656e-01
3.081004166603088379e+01,2.830546455046287213e-01,1.182143294521737220e-01,7.741481386702406819e-01,-1.796833692658181860e+02,-3.306388702007149760e+01,8.165999797793007664e-01
3.083180952072143555e+01,2.829350491382839339e-01,1.181826079586266454e-01,7.739260843210320484e-01,-1.796809808390292460e+02,-3.304288107001348607e+01,7.922150487053488677e-01
3.085175871849060059e+01,2.828906817414794106e-01,1.182082828420943921e-01,7.738258114645621966e-01,-1.796907280729541014e+02,-3.303872993298207916e+01,8.242019754057128278e-01
3.087491583824157715e+01,2.828610011174637062e-01,1.182426659301838850e-01,7.735829520127581738e-01,-1.796744186556178988e+02,-3.301832323846215900e+01,8.118220191767140381e-01
3.089134860038757324e+01,2.827305894984754042e-01,1.181923596116331854e-01,7.732019075650192752e-01,-1.796854924974825849e+02,-3.297164379720607741e+01,7.997559650515930763e-01
3.091119551658630371e+01,2.825203150094662830e-01,1.183044227437337337e-01,7.727005845003149798e-01,-1.796493421373913009e+02,-3.290839666779770312e+01,7.950546747340935250e-01
3.093042826652526855e+01,2.820591525545493305e-01,1.183199714832901817e-01,7.720452763456961964e-01,-1.796457991330472908e+02,-3.279637436121099370e+01,7.947907297229660495e-01
3.094976043701171875e+01,2.817279138847286202e-01,1.183692419924034372e-01,7.711733486740354193e-01,-1.796057495529193204e+02,-3.269107507899393283e+01,7.421107645170018641e-01
3.096276211738586426e+01,2.814581368690508567e-01,1.185277219255130021e-01,7.703369553264505232e-01,-1.795485242645188748e+02,-3.256395395869116527e+01,7.218266568625446578e-01
3.098778462409973145e+01,2.809727854165514627e-01,1.186212359916171966e-01,7.694519191211947051e-01,-1.795050812040329618e+02,-3.243620990835436402e+01,6.894027015508705780e-01
3.100241899490356445e+01,2.805386276100727549e-01,1.186730698872958817e-01,7.685936381917771731e-01,-1.794861380454369169e+02,-3.228176930850800375e+01,6.780062076729826970e-01
3.102329277992248535e+01,2.802207731279859892e-01,1.186248447111383636e-01,7.681082401415511018e-01,-1.794971651576541376e+02,-3.221307511225850817e+01,6.662114290746731227e-01
3.104274129867553711e+01,2.800709403705947675e-01,1.186359582732094825e-01,7.679431632406663599e-01,-1.794918665722527464e+02,-3.216962969640426451e+01,6.624407164853839403e-01
3.106468963623046875e+01,2.802198670229023580e-01,1.186798030929452213e-01,7.681086519736040064e-01,-1.794880674689062801e+02,-3.221319302787086514e+01,6.819490573514415122e-01
3.108440589904785156e+01,2.801285067974107479e-01,1.186915925857593007e-01,7.679803757651295637e-01,-1.794826392354464701e+02,-3.219172755686776100e+01,6.779442842647407375e-01
3.110167002677917480e+01,2.802198670229023580e-01,1.186798030929452213e-01,7.681086519736040064e-01,-1.794880674689062801e+02,-3.221319302787086514e+01,6.819490573514415122e-01
3.112066054344177246e+01,2.802198670229023580e-01,1.186798030929452213e-01,7.681086519736040064e-01,-1.794880674689062801e+02,-3.221319302787086514e+01,6.819490573514415122e-01
3.114187836647033691e+01,2.803140729622607408e-01,1.185575649452206975e-01,7.681584157580294558e-01,-1.796273884349626542e+02,-3.220239356269836861e+01,8.707434074456432693e-01
3.115462589263916016e+01,2.803349012924762906e-01,1.184903725923641127e-01,7.681704043349777411e-01,-1.796894236098960960e+02,-3.221013323950804619e+01,9.468880323921577968e-01
3.117656803131103516e+01,2.801141057561821190e-01,1.187272181989889458e-01,7.680235831912012312e-01,-1.796162398005568832e+02,-3.217607221718990473e+01,8.882848854084944845e-01
3.119495654106140137e+01,2.801603688908692047e-01,1.186871109074510711e-01,7.680519928213894731e-01,-1.796398822919649092e+02,-3.219328328629115532e+01,9.083025407825309205e-01
3.121760964393615723e+01,2.806295453285748698e-01,1.183108173923931167e-01,7.685140452584250381e-01,-1.796911997756373012e+02,-3.230179004145075083e+01,9.002587602336824535e-01
3.123442959785461426e+01,2.808840400865401654e-01,1.182101114616712217e-01,7.687555054059143078e-01,-1.796935559397576583e+02,-3.234538315072130388e+01,9.017408070757437777e-01
3.124826121330261230e+01,2.811763300106218111e-01,1.182872799862846047e-01,7.689865811552459851e-01,-1.797031149469290483e+02,-3.238863454286845922e+01,9.088545625801596195e-01
3.126959085464477539e+01,2.811573304596671208e-01,1.181983247624215083e-01,7.689918501880064206e-01,-1.796995241475606520e+02,-3.238880360768484223e+01,9.060472065116018658e-01
3.128808164596557617e+01,2.810663304430707221e-01,1.182101118575929338e-01,7.688632918416691275e-01,-1.796939654755641129e+02,-3.236735997674658449e+01,9.019600647106749136e-01
3.130732250213623047e+01,2.809930518304151192e-01,1.183422848335372868e-01,7.688789973078014039e-01,-1.796936265722412145e+02,-3.236672779954033530e+01,9.243743157208934580e-01
3.132691097259521484e+01,2.811631175078013190e-01,1.183013045824514997e-01,7.689784367999035197e-01,-1.797178503058928243e+02,-3.238391331465499690e+01,9.448374718498014913e-01
3.134757947921752930e+01,2.811451378202284301e-01,1.181573480079103067e-01,7.689834647047339988e-01,-1.797233277183844677e+02,-3.238401080133984067e+01,9.262848984972660293e-01
3.136535906791687012e+01,2.811763300106218111e-01,1.182872799862846047e-01,7.689865811552459851e-01,-1.797031149469290483e+02,-3.238863454286845922e+01,9.088545625801596195e-01
3.138512396812438965e+01,2.812156571995050314e-01,1.181992471201122052e-01,7.690288697953058250e-01,-1.796994509887887830e+02,-3.241078285411359161e+01,9.059106713714452086e-01
3.140434455871582031e+01,2.810705158884294064e-01,1.180546076862922927e-01,7.688827435697628276e-01,-1.797194022705474481e+02,-3.236701829353772553e+01,9.202011031805225061e-01
3.142557144165039062e+01,2.811573304596671208e-01,1.181983247624215083e-01,7.689918501880064206e-01,-1.796995241475606520e+02,-3.238880360768484223e+01,9.060472065116018658e-01
3.144489407539367676e+01,2.811573304596671208e-01,1.181983247624215083e-01,7.689918501880064206e-01,-1.796995241475606520e+02,-3.238880360768484223e+01,9.060472065116018658e-01
3.146698808670043945e+01,2.811752948053324874e-01,1.183422852296125982e-01,7.689868255530625252e-01,-1.796940464856091069e+02,-3.238870448717312911e+01,9.245992593856626751e-01
3.147858905792236328e+01,2.809930518304151192e-01,1.183422848335372868e-01,7.688789973078014039e-01,-1.796936265722412145e+02,-3.236672779954033530e+01,9.243743157208934580e-01
3.149980831146240234e+01,2.811573304596671208e-01,1.181983247624215083e-01,7.689918501880064206e-01,-1.796995241475606520e+02,-3.238880360768484223e+01,9.060472065116018658e-01
3.151891422271728516e+01,2.809930518304151192e-01,1.183422848335372868e-01,7.688789973078014039e-01,-1.796936265722412145e+02,-3.236672779954033530e+01,9.243743157208934580e-01
3.154022526741027832e+01,2.811752948053324874e-01,1.183422852296125982e-01,7.689868255530625252e-01,-1.796940464856091069e+02,-3.238870448717312911e+01,9.245992593856626751e-01
3.155750679969787598e+01,2.811583450383519089e-01,1.181433191152116563e-01,7.689916102318167246e-01,-1.797085925722145703e+02,-3.238873493445525042e+01,8.903024844702371876e-01
3.157077956199645996e+01,2.809761038998782046e-01,1.181433187191602702e-01,7.688837884883967799e-01,-1.797081882335599801e+02,-3.236675803850478417e+01,8.900858808584113380e-01
3.158557939529418945e+01,2.811573304596671208e-01,1.181983247624215083e-01,7.689918501880064206e-01,-1.796995241475606520e+02,-3.238880360768484223e+01,9.060472065116018658e-01
3.160396265983581543e+01,2.811583450383519089e-01,1.181433191152116563e-01,7.689916102318167246e-01,-1.797085925722145703e+02,-3.238873493445525042e+01,8.903024844702371876e-01
3.162495827674865723e+01,2.811752948053324874e-01,1.183422852296125982e-01,7.689868255530625252e-01,-1.796940464856091069e+02,-3.238870448717312911e+01,9.245992593856626751e-01
3.164380788803100586e+01,2.811573304596671208e-01,1.181983247624215083e-01,7.689918501880064206e-01,-1.796995241475606520e+02,-3.238880360768484223e+01,9.060472065116018658e-01
3.166411566734313965e+01,2.811583450383519089e-01,1.181433191152116563e-01,7.689916102318167246e-01,-1.797085925722145703e+02,-3.238873493445525042e+01,8.903024844702371876e-01
3.168715810775756836e+01,2.809750894133964394e-01,1.181983243663715516e-01,7.688840288337769335e-01,-1.796991126585804466e+02,-3.236682680638990206e+01,9.058267734919728253e-01
3.170276880264282227e+01,2.811573304596671208e-01,1.181983247624215083e-01,7.689918501880064206e-01,-1.796995241475606520e+02,-3.238880360768484223e+01,9.060472065116018658e-01
3.172384977340698242e+01,2.811573304596671208e-01,1.181983247624215083e-01,7.689918501880064206e-01,-1.796995241475606520e+02,-3.238880360768484223e+01,9.060472065116018658e-01
3.174236345291137695e+01,2.811573304596671208e-01,1.181983247624215083e-01,7.689918501880064206e-01,-1.796995241475606520e+02,-3.238880360768484223e+01,9.060472065116018658e-01
3.176246309280395508e+01,2.809819136050870081e-01,1.182462989961604038e-01,7.688703877182174740e-01,-1.797264983760240966e+02,-3.236187223440641958e+01,9.288675823298537804e-01
3.178173494338989258e+01,2.811573304596671208e-01,1.181983247624215083e-01,7.689918501880064206e-01,-1.796995241475606520e+02,-3.238880360768484223e+01,9.060472065116018658e-01
3.180120110511779785e+01,2.811583450383519089e-01,1.181433191152116563e-01,7.689916102318167246e-01,-1.797085925722145703e+02,-3.238873493445525042e+01,8.903024844702371876e-01
3.181548380851745605e+01,2.811615168540106957e-01,1.180428761484199202e-01,7.690113063261448945e-01,-1.797249669505201553e+02,-3.238846038976775077e+01,9.242995029107635707e-01
3.183609580993652344e+01,2.809628935579959186e-01,1.181573476118775445e-01,7.688756480284066885e-01,-1.797229070613777822e+02,-3.236203412414867131e+01,9.260595857188570479e-01
3.185450196266174316e+01,2.811752948053324874e-01,1.183422852296125982e-01,7.689868255530625252e-01,-1.796940464856091069e+02,-3.238870448717312911e+01,9.245992593856626751e-01
3.187400460243225098e+01,2.811573304596671208e-01,1.181983247624215083e-01,7.689918501880064206e-01,-1.796995241475606520e+02,-3.238880360768484223e+01,9.060472065116018658e-01
3.189244461059570312e+01,2.809750894133964394e-01,1.181983243663715516e-01,7.688840288337769335e-01,-1.796991126585804466e+02,-3.236682680638990206e+01,9.058267734919728253e-01
3.190720176696777344e+01,2.809808713156666249e-01,1.183013041863933551e-01,7.688706132266593940e-01,-1.797174212247589367e+02,-3.236193675364209810e+01,9.446076491639725514e-01
3.192634820938110352e+01,2.811573304596671208e-01,1.181983247624215083e-01,7.689918501880064206e-01,-1.796995241475606520e+02,-3.238880360768484223e+01,9.060472065116018658e-01
3.194720554351806641e+01,2.811631175078013190e-01,1.183013045824514997e-01,7.689784367999035197e-01,-1.797178503058928243e+02,-3.238391331465499690e+01,9.448374718498014913e-01
3.196551012992858887e+01,2.811631175078013190e-01,1.183013045824514997e-01,7.689784367999035197e-01,-1.797178503058928243e+02,-3.238391331465499690e+01,9.448374718498014913e-01
3.198485136032104492e+01,2.811573304596671208e-01,1.181983247624215083e-01,7.689918501880064206e-01,-1.796995241475606520e+02,-3.238880360768484223e+01,9.060472065116018658e-01
3.199936270713806152e+01,2.811615168540106957e-01,1.180428761484199202e-01,7.690113063261448945e-01,-1.797249669505201553e+02,-3.238846038976775077e+01,9.242995029107635707e-01
3.201796770095825195e+01,2.811573304596671208e-01,1.181983247624215083e-01,7.689918501880064206e-01,-1.796995241475606520e+02,-3.238880360768484223e+01,9.060472065116018658e-01
3.203869366645812988e+01,2.811451378202284301e-01,1.181573480079103067e-01,7.689834647047339988e-01,-1.797233277183844677e+02,-3.238401080133984067e+01,9.262848984972660293e-01
3.205205416679382324e+01,2.811573304596671208e-01,1.181983247624215083e-01,7.689918501880064206e-01,-1.796995241475606520e+02,-3.238880360768484223e+01,9.060472065116018658e-01
3.207279586791992188e+01,2.809808713156666249e-01,1.183013041863933551e-01,7.688706132266593940e-01,-1.797174212247589367e+02,-3.236193675364209810e+01,9.446076491639725514e-01
3.209073662757873535e+01,2.810552060244771999e-01,1.184305427198117239e-01,7.693543241414857459e-01,-1.796317492683384103e+02,-3.236066599530745691e+01,8.686703700375596471e-01
3.211029553413391113e+01,2.801008879072883762e-01,1.185386626700475204e-01,7.693802145452532937e-01,-1.794520136599962825e+02,-3.214012834885409120e+01,6.673866754264640155e-01
3.212845802307128906e+01,2.797610121985181775e-01,1.187956291391737695e-01,7.699682827340686986e-01,-1.793638360200075965e+02,-3.205265720836293752e+01,6.122633287211403097e-01
3.214557838439941406e+01,2.787243646190481483e-01,1.186832243799113007e-01,7.700049912476354397e-01,-1.794125824070260364e+02,-3.182828006959128331e+01,6.508290251845710861e-01
3.216502761840820312e+01,2.780569502630893530e-01,1.185060310987661597e-01,7.710028844354996913e-01,-1.795068427701045550e+02,-3.166475537087726266e+01,7.461658095599518203e-01
3.218365073204040527e+01,2.767456017884787345e-01,1.183930959379932979e-01,7.717573079308264195e-01,-1.796140893970271577e+02,-3.136794537652319548e+01,8.513891742955714825e-01
3.220346570014953613e+01,2.756231151459895279e-01,1.181309419230997804e-01,7.730234706738409178e-01,-1.797454207088017313e+02,-3.109045922973794163e+01,9.736320958707791462e-01
3.222253274917602539e+01,2.741171594978240034e-01,1.179368180189118431e-01,7.741332033625916154e-01,-1.798506043473113323e+02,-3.061950064585004228e+01,1.029345841183240351e+00
3.224245953559875488e+01,2.741173480484661029e-01,1.173559423568974608e-01,7.763351472761677030e-01,1.799206725397728519e+02,-3.054949136549216249e+01,1.199375490909442066e+00
3.226333522796630859e+01,2.743509799714087816e-01,1.167600855972252827e-01,7.786366067769101562e-01,1.797583963448000759e+02,-3.073176586135643618e+01,1.272814748351561276e+00
3.228175568580627441e+01,2.756146518991317018e-01,1.164751205214638319e-01,7.815391349504573482e-01,1.796050467662951462e+02,-3.119937481261430889e+01,1.386246699869548182e+00
3.230305242538452148e+01,2.769705988082813986e-01,1.163744186788907425e-01,7.842762656919506359e-01,1.794720171068009620e+02,-3.164645220827801353e+01,1.508053618656173489e+00
3.232467103004455566e+01,2.786978117939113986e-01,1.163547355189432364e-01,7.874225644327239593e-01,1.793753353591457937e+02,-3.214161084470735830e+01,1.602064391171619917e+00
3.234287905693054199e+01,2.807524435108303962e-01,1.161058864774453664e-01,7.904296275762372481e-01,1.792201461281874515e+02,-3.267752694535308677e+01,1.718769166967859974e+00
3.236647677421569824e+01,2.825158846711887106e-01,1.159575103491835013e-01,7.928887936398726355e-01,1.791182921800630083e+02,-3.312882690047762679e+01,1.796045528806688107e+00
3.238326072692871094e+01,2.842266396408089646e-01,1.156936321807637558e-01,7.951160525525180489e-01,1.790257550718181676e+02,-3.355984743352320265e+01,1.844158658917378180e+00
3.240403389930725098e+01,2.860740552889184940e-01,1.156178436650466129e-01,7.971128052923505125e-01,1.789604568156586879e+02,-3.399321769813032290e+01,1.894771252381666660e+00
3.242549848556518555e+01,2.870973971291559401e-01,1.155615568056717057e-01,7.983434059634779700e-01,1.789156123133030007e+02,-3.423062976759098319e+01,1.929228652403149669e+00
3.244775748252868652e+01,2.882632581640305891e-01,1.155163707725640337e-01,7.995933211088848136e-01,1.788753825043675931e+02,-3.449059686127385049e+01,1.960358665129425360e+00
3.246740722656250000e+01,2.886921494734479565e-01,1.156198936417866530e-01,8.001800754513807012e-01,1.788761521520196709e+02,-3.457674480108780557e+01,1.959251704427547258e+00
3.248575305938720703e+01,2.888528188075537573e-01,1.156223317835014391e-01,8.003677647250628802e-01,1.788501021023857049e+02,-3.461934859423785582e+01,2.002176473621074759e+00
3.250232076644897461e+01,2.890785426720301476e-01,1.156765066379791124e-01,8.005170292982949354e-01,1.788555212626745572e+02,-3.466300147643774210e+01,2.020741621139917399e+00
3.252256989479064941e+01,2.888338635694895906e-01,1.154742298461016031e-01,8.003735790780792669e-01,1.788437813259286031e+02,-3.461934066841217117e+01,1.984412271922917803e+00
3.254154229164123535e+01,2.885761905776219050e-01,1.152795859179897853e-01,8.002214716688775820e-01,1.788135537391576690e+02,-3.457018335816206189e+01,1.985116955701404562e+00
3.256535291671752930e+01,2.884934148938543830e-01,1.154742290325906084e-01,8.001521073782199567e-01,1.788456300445927809e+02,-3.457540791990915352e+01,1.983362396783657333e+00
3.257704758644104004e+01,2.881861606315095914e-01,1.154806686629496759e-01,7.998684224120649056e-01,1.788529941689774319e+02,-3.451011246337001381e+01,1.977593928738862639e+00
3.259756660461425781e+01,2.882051062507038353e-01,1.156287353379334970e-01,7.998625872477090892e-01,1.788593364527192193e+02,-3.451012062161186122e+01,1.995349871280106102e+00
3.261613845825195312e+01,2.882619954834227394e-01,1.156307175949297383e-01,7.999017407469943830e-01,1.788590354576838877e+02,-3.453209581364884428e+01,1.995880998539357298e+00
3.263803148269653320e+01,2.883231334766009346e-01,1.154742286262107898e-01,8.000414737919717689e-01,1.788465536353077994e+02,-3.455344238847257543e+01,1.982838332964624861e+00
3.265385437011718750e+01,2.884934148938543830e-01,1.154742290325906084e-01,8.001521073782199567e-01,1.788456300445927809e+02,-3.457540791990915352e+01,1.983362396783657333e+00
3.267414283752441406e+01,2.884934148938543830e-01,1.154742290325906084e-01,8.001521073782199567e-01,1.788456300445927809e+02,-3.457540791990915352e+01,1.983362396783657333e+00
3.269292235374450684e+01,2.882430504813351391e-01,1.154826332915558640e-01,7.999075759032208133e-01,1.788526915006740126e+02,-3.453208760682579737e+01,1.978128008710138719e+00
3.271329641342163086e+01,2.884934148938543830e-01,1.154742290325906084e-01,8.001521073782199567e-01,1.788456300445927809e+02,-3.457540791990915352e+01,1.983362396783657333e+00
3.273289561271667480e+01,2.884133832677770459e-01,1.154826336978228563e-01,8.000181787794368171e-01,1.788517703396819343e+02,-3.455405320072583208e+01,1.978650411306333234e+00
3.275209617614746094e+01,2.884934148938543830e-01,1.154742290325906084e-01,8.001521073782199567e-01,1.788456300445927809e+02,-3.457540791990915352e+01,1.983362396783657333e+00
3.277235221862792969e+01,2.884934148938543830e-01,1.154742290325906084e-01,8.001521073782199567e-01,1.788456300445927809e+02,-3.457540791990915352e+01,1.983362396783657333e+00
3.279209327697753906e+01,2.884133832677770459e-01,1.154826336978228563e-01,8.000181787794368171e-01,1.788517703396819343e+02,-3.455405320072583208e+01,1.978650411306333234e+00
3.280653429031372070e+01,2.884934148938543830e-01,1.154742290325906084e-01,8.001521073782199567e-01,1.788456300445927809e+02,-3.457540791990915352e+01,1.983362396783657333e+00
3.282582521438598633e+01,2.884934148938543830e-01,1.154742290325906084e-01,8.001521073782199567e-01,1.788456300445927809e+02,-3.457540791990915352e+01,1.983362396783657333e+00
3.284621357917785645e+01,2.884934148938543830e-01,1.154742290325906084e-01,8.001521073782199567e-01,1.788456300445927809e+02,-3.457540791990915352e+01,1.983362396783657333e+00
3.286620020866394043e+01,2.884934148938543830e-01,1.154742290325906084e-01,8.001521073782199567e-01,1.788456300445927809e+02,-3.457540791990915352e+01,1.983362396783657333e+00
3.288391709327697754e+01,2.884133832677770459e-01,1.154826336978228563e-01,8.000181787794368171e-01,1.788517703396819343e+02,-3.455405320072583208e+01,1.978650411306333234e+00
3.290886354446411133e+01,2.884133832677770459e-01,1.154826336978228563e-01,8.000181787794368171e-01,1.788517703396819343e+02,-3.455405320072583208e+01,1.978650411306333234e+00
3.292659187316894531e+01,2.884934148938543830e-01,1.154742290325906084e-01,8.001521073782199567e-01,1.788456300445927809e+02,-3.457540791990915352e+01,1.983362396783657333e+00
3.294017195701599121e+01,2.884934148938543830e-01,1.154742290325906084e-01,8.001521073782199567e-01,1.788456300445927809e+02,-3.457540791990915352e+01,1.983362396783657333e+00
3.296033120155334473e+01,2.884934148938543830e-01,1.154742290325906084e-01,8.001521073782199567e-01,1.788456300445927809e+02,-3.457540791990915352e+01,1.983362396783657333e+00
3.298082089424133301e+01,2.884934148938543830e-01,1.154742290325906084e-01,8.001521073782199567e-01,1.788456300445927809e+02,-3.457540791990915352e+01,1.983362396783657333e+00
3.300084137916564941e+01,2.885123656658056812e-01,1.156223309699370705e-01,8.001462784838699882e-01,1.788519673640221583e+02,-3.457541631954377692e+01,2.001117205063096538e+00
3.302040934562683105e+01,2.884934148938543830e-01,1.154742290325906084e-01,8.001521073782199567e-01,1.788456300445927809e+02,-3.457540791990915352e+01,1.983362396783657333e+00
3.304242277145385742e+01,2.884934148938543830e-01,1.154742290325906084e-01,8.001521073782199567e-01,1.788456300445927809e+02,-3.457540791990915352e+01,1.983362396783657333e+00
3.305383038520812988e+01,2.884818145499737918e-01,1.154296411758375523e-01,8.001441472535306687e-01,1.788205015236226529e+02,-3.457020040103032699e+01,2.002899594432242303e+00
3.307356429100036621e+01,2.885386624586389614e-01,1.154316295019458399e-01,8.001833604208103967e-01,1.788201895827963597e+02,-3.459217529136878255e+01,2.003449198752422333e+00
3.309164071083068848e+01,2.885613401073429118e-01,1.154928091499354964e-01,8.001969362386821549e-01,1.788072922054462879e+02,-3.459112825590175078e+01,2.058615264743683948e+00
3.311201095581054688e+01,2.886132169600161834e-01,1.156339563498214179e-01,8.002158845112247176e-01,1.788329035060910996e+02,-3.461386654480209302e+01,2.039228396001385057e+00
3.313141489028930664e+01,2.884326272425974391e-01,1.155371946240642128e-01,8.000981295631828250e-01,1.788020301585591199e+02,-3.458698251351382424e+01,2.040765904644313178e+00
3.315130734443664551e+01,2.884363441750706913e-01,1.154502909945449990e-01,8.001175335100322306e-01,1.787828104925537218e+02,-3.458591201878591193e+01,2.078174189972171071e+00
3.317021346092224121e+01,2.884363441750706913e-01,1.154502909945449990e-01,8.001175335100322306e-01,1.787828104925537218e+02,-3.458591201878591193e+01,2.078174189972171071e+00
3.319460725784301758e+01,2.886065964074763235e-01,1.154502914010843012e-01,8.002282105183742278e-01,1.787818421358015257e+02,-3.460787625411047230e+01,2.078724102830172171e+00
3.321490550041198730e+01,2.884894623438650774e-01,1.155392201152243975e-01,8.001373593898186698e-01,1.788017131346825295e+02,-3.460895725680964574e+01,2.041324227523661161e+00
3.323106026649475098e+01,2.884894623438650774e-01,1.155392201152243975e-01,8.001373593898186698e-01,1.788017131346825295e+02,-3.460895725680964574e+01,2.041324227523661161e+00
3.324513554573059082e+01,2.884882122399615167e-01,1.155914419540696597e-01,8.001364626684748238e-01,1.788084109999910254e+02,-3.460865732548041507e+01,2.058794931743650469e+00
3.326484274864196777e+01,2.884882122399615167e-01,1.155914419540696597e-01,8.001364626684748238e-01,1.788084109999910254e+02,-3.460865732548041507e+01,2.058794931743650469e+00
3.328558921813964844e+01,2.887024172100808306e-01,1.156011997840736827e-01,8.002775518250178077e-01,1.787886828815285298e+02,-3.464706491054259629e+01,2.096941852185671085e+00
3.329889154434204102e+01,2.889182560370733843e-01,1.155696749831463394e-01,8.005319443385927602e-01,1.787701093869383158e+02,-3.477209760102902436e+01,2.158811321817812434e+00
3.331726741790771484e+01,2.892583944886438774e-01,1.155809489630006820e-01,8.008665431406823965e-01,1.787759720602134053e+02,-3.490236038738186863e+01,2.201105563255497444e+00
3.333713507652282715e+01,2.898127798721692461e-01,1.154760611020456407e-01,8.015234688042880418e-01,1.787698609111988048e+02,-3.507008833340320564e+01,2.252231913318983203e+00
3.335893487930297852e+01,2.902892476110367492e-01,1.152458558042289416e-01,8.024114370794085405e-01,1.787783663335804647e+02,-3.524009411565585026e+01,2.313836351094466171e+00
3.337660336494445801e+01,2.907116680833092826e-01,1.149910908921248781e-01,8.033690041025669526e-01,1.788326761062203332e+02,-3.540993048019108613e+01,2.339277717827061398e+00
3.339558386802673340e+01,2.916369988263179391e-01,1.141887924015707045e-01,8.048563553663510284e-01,1.788894990082453944e+02,-3.573176368771502354e+01,2.317781591612114944e+00
3.341708588600158691e+01,2.923454558827749405e-01,1.134971190976310357e-01,8.062721718991253672e-01,1.790172866352191363e+02,-3.602336614874374021e+01,2.398115768990031871e+00
3.343556237220764160e+01,2.933422102218640193e-01,1.126070658543401465e-01,8.078941401619156304e-01,1.790754310257543409e+02,-3.634679407085460667e+01,2.486374718945162599e+00
3.345550084114074707e+01,2.942248473356379734e-01,1.110127496774752642e-01,8.095511148015139824e-01,1.790190142106758913e+02,-3.665314307314171316e+01,2.641278323099746306e+00
3.347537922859191895e+01,2.956742514010806122e-01,1.099729499268878585e-01,8.118440188649411748e-01,1.790786532033382912e+02,-3.711014011444527938e+01,2.590091374469978724e+00
3.349598336219787598e+01,2.969827433326622801e-01,1.077607514097533026e-01,8.141926780790882390e-01,1.790187953659165601e+02,-3.758299343859939512e+01,2.226257739604565078e+00
3.351530790328979492e+01,2.988599323953073372e-01,1.063604676074278305e-01,8.169277709304232360e-01,1.791053810830468365e+02,-3.818257261298445115e+01,1.721459614037461172e+00
3.353310561180114746e+01,3.010832211472890263e-01,1.061842127767731736e-01,8.199350665958511364e-01,1.792993432537323315e+02,-3.885459124468658132e+01,1.261772441849280391e+00
3.355381679534912109e+01,3.035533559212539867e-01,1.052296708718369195e-01,8.234009174090126670e-01,1.794458949007547233e+02,-3.961836063755368542e+01,7.908245643369150590e-01
3.357856965065002441e+01,3.067107712786056872e-01,1.045191205366531595e-01,8.271633547524204211e-01,1.795775138465904206e+02,-4.056435432856338963e+01,3.778404331330214028e-01
3.358848094940185547e+01,3.103789500211518448e-01,1.051421651144906211e-01,8.312616349497956580e-01,1.798555337785830091e+02,-4.169725279532140405e+01,3.867925289537527678e-01
3.360307240486145020e+01,3.130040417179247303e-01,1.058949801102242183e-01,8.343208458817485962e-01,-1.799610053895626436e+02,-4.257447311117390853e+01,5.395136935203269646e-01
3.362274551391601562e+01,3.157879082198647991e-01,1.068445140886060130e-01,8.376675035659963964e-01,-1.796726997255793208e+02,-4.345609274495775765e+01,5.098779431515504390e-01
3.365171027183532715e+01,3.194061166641437577e-01,1.082852464993461494e-01,8.420639725591649860e-01,-1.792744117969766648e+02,-4.457555885149598396e+01,3.547831331476788974e-01
3.367008328437805176e+01,3.240943686772944643e-01,1.102914484958863739e-01,8.479102975366545891e-01,-1.787014479717509232e+02,-4.602417067482389967e+01,3.565250844812313524e-02
3.368800163269042969e+01,3.276504467949942767e-01,1.111070857844569520e-01,8.525596598106800483e-01,-1.785010900389663107e+02,-4.713774706393662228e+01,1.204341251801037231e-02
3.370791387557983398e+01,3.314059313099623760e-01,1.128508827805888848e-01,8.571466231637251409e-01,-1.782509733877513725e+02,-4.827195851427638473e+01,3.050234346740030578e-01
3.372673058509826660e+01,3.344648794410497450e-01,1.144992199812124994e-01,8.611121201282450066e-01,-1.779975818416126288e+02,-4.916448294938199126e+01,6.629284278065185054e-01
3.374735260009765625e+01,3.369024517603450009e-01,1.154621607479924122e-01,8.645710645812287876e-01,-1.777728804097587556e+02,-4.974060432909219998e+01,7.790993391399098078e-01
3.376670217514038086e+01,3.391134846017076487e-01,1.159767628232296760e-01,8.680952728916022654e-01,-1.774403305886639259e+02,-5.031636263631180839e+01,4.811621403594344981e-01
3.378545045852661133e+01,3.412929271646850671e-01,1.161722328413958422e-01,8.716985637002251375e-01,-1.770544273186824853e+02,-5.093119532155201057e+01,4.147506655574404594e-02
3.380739474296569824e+01,3.429821003039387195e-01,1.156888048863288221e-01,8.750198446034461730e-01,-1.768055642807711081e+02,-5.148154157516399465e+01,-2.781351173765512219e-01
3.382951426506042480e+01,3.450319761178318734e-01,1.153858073374689069e-01,8.789126757168908011e-01,-1.767731359804454598e+02,-5.213839274047050054e+01,-1.752437032882035450e-01
3.385016059875488281e+01,3.467918503417523612e-01,1.142455524775307651e-01,8.822721670543048900e-01,-1.770723970137563583e+02,-5.278075326884090401e+01,1.268675778507701302e-01
3.386945056915283203e+01,3.489828716596763969e-01,1.124985750222977782e-01,8.861320375571549723e-01,-1.775746550265572523e+02,-5.365453473052677680e+01,4.369810372625263506e-01
3.388894748687744141e+01,3.511021497906529620e-01,1.109050815238581261e-01,8.900113744077726707e-01,-1.781294181520548534e+02,-5.461323692133473173e+01,6.286411800548866724e-01
3.390897202491760254e+01,3.527948434217249574e-01,1.096900810443419000e-01,8.934638705187681884e-01,-1.783160539454345894e+02,-5.547798991130443369e+01,4.202042056484270316e-01
3.392842674255371094e+01,3.541210569695035226e-01,1.078891363573933615e-01,8.970923661751752931e-01,-1.783281106444293300e+02,-5.632092037188941447e+01,-3.598419648876067297e-03
3.394707798957824707e+01,3.552641073179252373e-01,1.066998438509988434e-01,9.004152697440781505e-01,-1.782756587092001723e+02,-5.703879940706690377e+01,-2.487414367854152153e-01
3.396808457374572754e+01,3.564747913548820257e-01,1.051012577791167052e-01,9.036652781725641459e-01,-1.784465298835556553e+02,-5.776675892154263892e+01,-2.387150220757905394e-01
3.398963475227355957e+01,3.580344120314061795e-01,1.037273941438343755e-01,9.075709247215019149e-01,-1.787339228441630610e+02,-5.866452148549587520e+01,2.121244203583476096e-01
3.400658941268920898e+01,3.593049519575826078e-01,1.031615967673937262e-01,9.107597440632143604e-01,-1.789022539538080707e+02,-5.940274089681489755e+01,7.420736779858359000e-01
3.402574729919433594e+01,3.603563480593546808e-01,1.021973635230637445e-01,9.137913068902674407e-01,-1.792302988013152287e+02,-5.993888639046530642e+01,1.277764956357034798e+00
3.404216480255126953e+01,3.613887759321648963e-01,1.011299420647327196e-01,9.168126991327417707e-01,-1.794340508960362399e+02,-6.042278409024324759e+01,1.568493971327614922e+00
3.405971741676330566e+01,3.618933188841748638e-01,1.005952385196558080e-01,9.187538739571645685e-01,-1.796589498335461883e+02,-6.068673249169439998e+01,1.906588010131582411e+00
3.408022832870483398e+01,3.626482350941501731e-01,9.996417154982850661e-02,9.217866430855292670e-01,1.798845102262633020e+02,-6.107816582335247801e+01,2.455437371451125728e+00
3.409969139099121094e+01,3.633267568341286280e-01,9.927158264237910534e-02,9.248322069100580745e-01,1.793612108441064663e+02,-6.148818934805614589e+01,3.176319654729633957e+00
3.412377595901489258e+01,3.641484131078526754e-01,9.775497106812273962e-02,9.283863732933212987e-01,1.789988496805120235e+02,-6.208458661226384834e+01,3.508894397269342047e+00
3.414048147201538086e+01,3.651618183694913533e-01,9.622501983609196841e-02,9.320701213618204362e-01,1.787440455158104271e+02,-6.277916443329906571e+01,3.679012633562319667e+00
3.416063618659973145e+01,3.662398126353190175e-01,9.527369719996398034e-02,9.352308803812586779e-01,1.787810068775356456e+02,-6.343650901269199949e+01,3.373411933543458918e+00
3.418629908561706543e+01,3.675161649693190480e-01,9.352073017836580460e-02,9.395468496639294287e-01,1.786229406008113756e+02,-6.438264540336612640e+01,3.074017182501503687e+00
3.420276856422424316e+01,3.687279510283432149e-01,9.241505812792336072e-02,9.439318511390726307e-01,1.788193923117202075e+02,-6.546237696273632878e+01,2.445224748633158640e+00
3.422437572479248047e+01,3.695656294223633176e-01,9.100705503827662135e-02,9.480448723858605486e-01,1.788820828166800823e+02,-6.638345351128168659e+01,2.009986012998717264e+00
3.424219918251037598e+01,3.705279815199897797e-01,9.090220174296805011e-02,9.518491214311056714e-01,1.789874722491631189e+02,-6.718416693000565942e+01,1.812409647600529583e+00
3.426186966896057129e+01,3.715697462818264851e-01,9.175613303354679395e-02,9.551110445405299743e-01,1.790902061108271823e+02,-6.797682999136104343e+01,1.821320656870172305e+00
3.428736567497253418e+01,3.727623051579569413e-01,9.310475498788671478e-02,9.583622426452639287e-01,1.789544710044971225e+02,-6.874797587026026235e+01,2.197563692079648412e+00
3.430251502990722656e+01,3.738577202878635708e-01,9.396742778527231166e-02,9.618470933706770865e-01,1.786561724496002626e+02,-6.950084997064783465e+01,2.766638259508964914e+00
3.432460594177246094e+01,3.748907417829799860e-01,9.481776118484729066e-02,9.649861002195230242e-01,1.790675643966443715e+02,-7.013786110160296516e+01,2.488914355172752835e+00
3.434569072723388672e+01,3.755877712180031303e-01,9.648105511087523567e-02,9.677078668862475475e-01,1.793180850899721008e+02,-7.059822943207346668e+01,2.638755149668411182e+00
3.436275959014892578e+01,3.761607362129273935e-01,9.785911760889373645e-02,9.703713501364229499e-01,1.793350999279061000e+02,-7.098767224779537344e+01,3.000094854035606939e+00
3.438182568550109863e+01,3.766916414071308505e-01,9.877352169355387013e-02,9.734230850370033661e-01,1.797153454557239627e+02,-7.149461592307747537e+01,2.884445468590163486e+00
3.440033698081970215e+01,3.769993179513123627e-01,9.945860448344764904e-02,9.762093086056045088e-01,-1.797310965480757261e+02,-7.198097832241043648e+01,2.488454417665726837e+00
3.441878437995910645e+01,3.772277266975975207e-01,9.815732033576196613e-02,9.789022354640367629e-01,-1.796908728630394307e+02,-7.245104331913965723e+01,2.297555761441730571e+00
3.444086527824401855e+01,3.778926900766914621e-01,9.728504969663814839e-02,9.817338819179810550e-01,-1.794838531832018305e+02,-7.294613764903579067e+01,1.857219381080059906e+00
3.445696210861206055e+01,3.784351658125819640e-01,9.623211483367694052e-02,9.844744213263971755e-01,-1.796338742424395889e+02,-7.340248884292019227e+01,1.805598622271532117e+00
3.447732782363891602e+01,3.787289038143204500e-01,9.476858391033420037e-02,9.876615094985583543e-01,1.799458531126672085e+02,-7.402972820854286340e+01,2.056768711709406006e+00
3.449584531784057617e+01,3.789779521971723963e-01,9.343063960434047632e-02,9.918224086824404262e-01,1.794213422246069456e+02,-7.494634330311144765e+01,2.536747358872385227e+00
3.451769924163818359e+01,3.790943762349490154e-01,9.300030831015591859e-02,9.959319275126329307e-01,1.791013604551404512e+02,-7.594926331089048688e+01,3.019471364755766718e+00
3.453591918945312500e+01,3.790614696442380360e-01,9.214491017904215264e-02,1.000318135439144385e+00,1.789840560331508641e+02,-7.697313062177403253e+01,3.137155362340163567e+00
3.455469679832458496e+01,3.789498909673693627e-01,9.079174303843065563e-02,1.004377586830999647e+00,1.789863750480133433e+02,-7.790454849645570334e+01,2.990110543760101880e+00
3.457503271102905273e+01,3.789047868177599088e-01,8.874191241302542554e-02,1.008507586832430691e+00,1.791419601789258991e+02,-7.886804434930704133e+01,2.455145970564575286e+00
3.459521341323852539e+01,3.792071489203349133e-01,8.744413805582278154e-02,1.012903624832625082e+00,1.794038559397480412e+02,-7.987803104010784239e+01,1.928053855527766425e+00
3.461462140083312988e+01,3.793558379691354676e-01,8.646497359769209079e-02,1.016410147897144123e+00,1.790944023794322391e+02,-8.052655822727376744e+01,2.087625227742044398e+00
3.463420295715332031e+01,3.792922253304100710e-01,8.475545386838508055e-02,1.019465184483044240e+00,1.776272929776031333e+02,-8.095759049551800501e+01,3.306724040050709412e+00
3.465474772453308105e+01,3.793739484883917878e-01,8.424986112646051795e-02,1.022604449467306997e+00,1.758165593655610621e+02,-8.134481751056803489e+01,5.162116241199726119e+00
3.467401790618896484e+01,3.794925218904504627e-01,8.488366844803002520e-02,1.025452913500239482e+00,1.734181909138151241e+02,-8.165938743967829794e+01,7.898270309230374764e+00
3.469376707077026367e+01,3.795609276562355028e-01,8.553454127193371725e-02,1.027938102711910107e+00,1.712800911957858716e+02,-8.196034461533197657e+01,1.031936597500163622e+01
3.471272563934326172e+01,3.796458815154901689e-01,8.540539282252040953e-02,1.030856024877849997e+00,1.689895065603295166e+02,-8.244126328751799804e+01,1.265624341479826320e+01
3.473057198524475098e+01,3.794935251410566091e-01,8.548348875983617645e-02,1.033946380823862032e+00,1.658701204633561872e+02,-8.295281470382502675e+01,1.596150517665633295e+01
3.474608135223388672e+01,3.792081816500910696e-01,8.577610390305588639e-02,1.036063500466644083e+00,1.645439779233339834e+02,-8.340158347907370739e+01,1.740081304529865136e+01
3.476543521881103516e+01,3.788254770570020358e-01,8.528711237909715470e-02,1.039188971515238036e+00,1.622129492742697039e+02,-8.410206384756638442e+01,1.959671473421345311e+01
3.478258943557739258e+01,3.783928777017576683e-01,8.447464302026982952e-02,1.042064935980363982e+00,1.593819733848587816e+02,-8.464970293658737432e+01,2.221728012483127657e+01
3.479955005645751953e+01,3.782320179123524473e-01,8.405409907398371516e-02,1.043936491547736711e+00,1.571960025738300430e+02,-8.492455242209661037e+01,2.428934553374168104e+01
3.481960272789001465e+01,3.782716326105348692e-01,8.388676632581812398e-02,1.045561284312874095e+00,1.555193450160031148e+02,-8.509871395036059027e+01,2.590891627397082075e+01
3.483787202835083008e+01,3.786730782251750971e-01,8.388918556625700462e-02,1.047021748033554411e+00,1.545030102999167525e+02,-8.526878065417386665e+01,2.684409371749308093e+01
3.485970258712768555e+01,3.791013505083781210e-01,8.423434100969030836e-02,1.047679987730143925e+00,1.541777070766704014e+02,-8.536971924061073480e+01,2.720790493651428221e+01
3.487748980522155762e+01,3.791965774693973334e-01,8.469622277636007501e-02,1.047874282812698787e+00,1.542328810728689348e+02,-8.539637769249712562e+01,2.723302241898521103e+01
3.489936876296997070e+01,3.792096088746534921e-01,8.549333587361433728e-02,1.047612661552629554e+00,1.548185121549938685e+02,-8.539584950431424204e+01,2.682854382065144350e+01
3.491924357414245605e+01,3.791206999748538142e-01,8.598050473221220680e-02,1.047322455421233700e+00,1.553028144952197351e+02,-8.536298221186258672e+01,2.645362825566639842e+01
3.493865227699279785e+01,3.790768361913798290e-01,8.608518646325381829e-02,1.046709005227324019e+00,1.567042182277280631e+02,-8.528855853934308584e+01,2.501245220217113285e+01
3.495467519760131836e+01,3.790473825242863803e-01,8.610059971124991995e-02,1.046116825389717508e+00,1.573690662167004461e+02,-8.514230521477546176e+01,2.428628792416196447e+01
3.497457313537597656e+01,3.790980737208621831e-01,8.634731093992739637e-02,1.045747676504416246e+00,1.580501192439195393e+02,-8.505938500556992210e+01,2.359235271631621700e+01
3.499294519424438477e+01,3.790858637203325388e-01,8.674021711483959063e-02,1.045381165604904794e+00,1.594988636300240898e+02,-8.504061490498054354e+01,2.214988103048676038e+01
3.501513957977294922e+01,3.790621218252926417e-01,8.712996708106521271e-02,1.044877768751363512e+00,1.610991539282186977e+02,-8.497714513118498303e+01,2.055536523802225446e+01
3.502806878089904785e+01,3.789435090605242085e-01,8.751533510882487932e-02,1.044023330975324848e+00,1.629548404730514619e+02,-8.482607616854566857e+01,1.870510875959867292e+01
3.504909205436706543e+01,3.789161631889493287e-01,8.774729953454819820e-02,1.043584557168105498e+00,1.639861049068848615e+02,-8.474129422509228959e+01,1.767700533988019984e+01
3.506757879257202148e+01,3.788102712559091034e-01,8.821475545770295079e-02,1.042755193837151984e+00,1.652288766442854637e+02,-8.460501574579592443e+01,1.648686872050347318e+01
3.508819270133972168e+01,3.787603540650725797e-01,8.865889842051366543e-02,1.042127038994354882e+00,1.663613994021206963e+02,-8.456192116685653559e+01,1.539374391152487043e+01
3.510816788673400879e+01,3.786763028952279120e-01,8.867584657352563238e-02,1.041432386353675410e+00,1.667862393955957714e+02,-8.447493821431221761e+01,1.498804209798559306e+01
3.512752294540405273e+01,3.786223191287365619e-01,8.870857099326946715e-02,1.041142003448790154e+00,1.670174826451666945e+02,-8.444066806076588705e+01,1.476378010038771649e+01
3.514801859855651855e+01,3.784055661974776719e-01,8.873963782660876376e-02,1.040492492089852616e+00,1.674068995514592757e+02,-8.434230198540902279e+01,1.438164213626834709e+01
3.516014885902404785e+01,3.783340814684997833e-01,8.874132864779819829e-02,1.040416097572613108e+00,1.674139042723782893e+02,-8.434246219168933578e+01,1.437514375049801707e+01
3.517998838424682617e+01,3.782559565334921436e-01,8.874132811474844118e-02,1.040270979149586550e+00,1.674690501699859055e+02,-8.432116839512261208e+01,1.432026740333949810e+01
3.520088338851928711e+01,3.780990445705059155e-01,8.835031601984028038e-02,1.040107257628563042e+00,1.667681556464595189e+02,-8.425783759860054545e+01,1.499428061811547153e+01
3.522357869148254395e+01,3.779585041878769092e-01,8.804967504461894134e-02,1.039910199108215139e+00,1.664756794339988346e+02,-8.419724159951100262e+01,1.526297995447035660e+01
3.523954319953918457e+01,3.781231097846675104e-01,8.815435544756258790e-02,1.040026207154987059e+00,1.665534381861410793e+02,-8.423491458035715596e+01,1.519129527155177861e+01
3.525443792343139648e+01,3.783291839388636668e-01,8.801789462921173757e-02,1.039760875074775770e+00,1.671618257282923992e+02,-8.424307699174319453e+01,1.454585340541906113e+01
3.527574658393859863e+01,3.786039498536399872e-01,8.796691642786587384e-02,1.039284020262323471e+00,1.678741524977865822e+02,-8.420616990516863609e+01,1.379812236156169369e+01
3.528957080841064453e+01,3.795601284895874783e-01,8.795804677745469591e-02,1.038492108760230792e+00,1.698021057304779333e+02,-8.422016575599268151e+01,1.181085759831446502e+01
3.531151938438415527e+01,3.803593566182763008e-01,8.804769650924015867e-02,1.037345924706791322e+00,1.713760164254056235e+02,-8.413978789561014082e+01,1.023403193275787437e+01
3.533198142051696777e+01,3.820352222434864053e-01,8.853609881880991628e-02,1.035364887538648748e+00,1.743745057785422432e+02,-8.402887657250232678e+01,7.347684011984567221e+00
3.535029506683349609e+01,3.840645459971656628e-01,8.915539326692598077e-02,1.032804030568229114e+00,1.777386853609576463e+02,-8.382096327778953082e+01,4.107052579761006683e+00
3.537203836441040039e+01,3.864562814990757933e-01,8.985986625979834608e-02,1.030285582721971460e+00,-1.793362686093346952e+02,-8.358072233479785496e+01,1.338864222025504702e+00
3.539302802085876465e+01,3.889993646085592172e-01,9.049456324086853354e-02,1.027296577005065714e+00,-1.766348263427663312e+02,-8.325173942299009866e+01,-1.228751867047090718e+00
3.540959453582763672e+01,3.916859011076641028e-01,9.107896896063083503e-02,1.024464802283320930e+00,-1.735253330075662745e+02,-8.296755688344062207e+01,-4.218143717317191843e+00
3.542643594741821289e+01,3.945712087838728621e-01,9.157059431929946702e-02,1.022158488123849907e+00,-1.714243058366884043e+02,-8.271006324860097436e+01,-6.173970090032161018e+00
3.544482040405273438e+01,3.970414880709386418e-01,9.169466311688080629e-02,1.020384246670317019e+00,-1.703490659818311599e+02,-8.250355018488843939e+01,-7.181290090331771125e+00
3.546711301803588867e+01,4.015018374556346692e-01,9.128800901697817216e-02,1.021437064873355727e+00,-1.711101870141665415e+02,-8.263845871739549409e+01,-6.311768021721848143e+00
3.548816704750061035e+01,4.029006743982646022e-01,9.119480879653082961e-02,1.016399214879451396e+00,-1.735775220481743588e+02,-8.187056957939297774e+01,-3.679536288375648834e+00
3.550688338279724121e+01,4.060191489305275403e-01,9.078134841879242911e-02,1.014850411253363616e+00,-1.764511928407094956e+02,-8.153938107948657432e+01,-6.312710466467011949e-01
3.552922677993774414e+01,4.090392729785558013e-01,8.974668549581261978e-02,1.013761261107861245e+00,-1.786183027834392192e+02,-8.130949791023208206e+01,1.586925774900248998e+00
3.554862046241760254e+01,4.117404516940867953e-01,8.810277232749333387e-02,1.013409255338828530e+00,-1.794427810748174466e+02,-8.123932412075622267e+01,2.228076478910763214e+00
3.556737875938415527e+01,4.144549755461749418e-01,8.573448183949765322e-02,1.013365917517819348e+00,-1.796683854060398460e+02,-8.124586025695091962e+01,2.014825753323981949e+00
3.558806443214416504e+01,4.172423596111881627e-01,8.310667414340450199e-02,1.013730327739085224e+00,-1.798211850861204937e+02,-8.134166816042018411e+01,1.682231281181557625e+00
3.560522866249084473e+01,4.199104879067950824e-01,8.107399648729420039e-02,1.014353814274552734e+00,-1.794693839327312332e+02,-8.152071501110577856e+01,1.032137616924035495e+00
3.562613844871520996e+01,4.226117445384814930e-01,7.976201009222398663e-02,1.014813752229485111e+00,-1.788924329766666403e+02,-8.163349191981869524e+01,2.480195647759071420e-01
3.564478302001953125e+01,4.255530869309099851e-01,7.845255882168838957e-02,1.015612926486309853e+00,-1.789676211771855208e+02,-8.179085039780372313e+01,2.102523392742527697e-01
3.566378259658813477e+01,4.282392289901584270e-01,7.626558807455492695e-02,1.016601355950614849e+00,-1.797957630843469019e+02,-8.199053497692308667e+01,6.660124427798854718e-01
3.568394899368286133e+01,4.310176065631093900e-01,7.406925582178698619e-02,1.018196151641482583e+00,1.784713723165139072e+02,-8.237278762351937189e+01,2.156664480259213423e+00
3.570322823524475098e+01,4.340952704837607312e-01,7.238380032575164602e-02,1.019866956013353532e+00,1.776290518855009850e+02,-8.291732667103718768e+01,2.703235069971954729e+00
3.572331809997558594e+01,4.369850221660184220e-01,7.169248415568195421e-02,1.021424205447519107e+00,1.773220495200893367e+02,-8.342815415897659648e+01,2.898097040725446494e+00
3.574239635467529297e+01,4.397771980002216363e-01,7.140792670530086983e-02,1.022275807992176100e+00,1.769919989380297238e+02,-8.376014184144699470e+01,3.146372764640565922e+00
3.576376056671142578e+01,4.426147269134756423e-01,7.088134114050632928e-02,1.023189087832207855e+00,1.766012390143965547e+02,-8.401731013454858044e+01,3.406990611681325554e+00
3.578368234634399414e+01,4.454648384075761136e-01,7.128075760014136730e-02,1.023543105357515470e+00,1.780765520059677272e+02,-8.420105392819182555e+01,1.984643261968745076e+00
3.580202865600585938e+01,4.484423668491815951e-01,7.143894670553468940e-02,1.024852274641732119e+00,-1.798660943049473531e+02,-8.461987941670241753e+01,-3.795807680264977335e-02
3.581577301025390625e+01,4.513984776833775969e-01,7.156090255058793204e-02,1.026171437019080646e+00,-1.777257993036079142e+02,-8.506043677850090035e+01,-2.061904530827854742e+00
3.583519268035888672e+01,4.534156996248754901e-01,7.174918163256972792e-02,1.026531339060618775e+00,-1.761645138856930259e+02,-8.518853974978293309e+01,-3.517519137794525186e+00
3.585463762283325195e+01,4.562459842678193711e-01,7.194265889869141950e-02,1.026466202509568770e+00,-1.748488907875415919e+02,-8.517440161240442364e+01,-4.647988656929116225e+00
3.587694597244262695e+01,4.592744165213243357e-01,7.267189219255591748e-02,1.026453664606090666e+00,-1.743671019027421210e+02,-8.511478261543125257e+01,-4.784006963169278315e+00
3.589155459403991699e+01,4.622008812090558916e-01,7.299393233776771406e-02,1.026011650953235321e+00,-1.735781683118663068e+02,-8.495921705870809149e+01,-5.408636551473979814e+00
3.591021537780761719e+01,4.640439981078086085e-01,7.300557298576204612e-02,1.025523901204310473e+00,-1.730262715466739962e+02,-8.487891376791614562e+01,-5.924046466019357027e+00
3.593048930168151855e+01,4.666337489888325307e-01,7.254961935795993522e-02,1.024855175839278099e+00,-1.719222834886543296e+02,-8.469463187138708804e+01,-7.175936799078204587e+00
3.594844579696655273e+01,4.690835337447885056e-01,7.181734142844332924e-02,1.024216711258186807e+00,-1.708039479966089687e+02,-8.452148412492088880e+01,-8.579925167561045285e+00
3.596819782257080078e+01,4.717397864361929094e-01,7.080826252186307734e-02,1.023415245866032830e+00,-1.708675892878609375e+02,-8.432887074576191822e+01,-8.847162626247662587e+00
3.598755335807800293e+01,4.740270650672200325e-01,6.948709862732772857e-02,1.022113198593344041e+00,-1.721665398556415028e+02,-8.400442093234697438e+01,-7.955091301767382106e+00
3.601001739501953125e+01,4.765099425243693454e-01,6.838231030359048779e-02,1.021509696335673345e+00,-1.733047105481197434e+02,-8.379435807478121490e+01,-7.042780974546325012e+00
3.602735447883605957e+01,4.790680995448482471e-01,6.741506664577932850e-02,1.020503028675721513e+00,-1.755701986995900654e+02,-8.354383023778022732e+01,-4.854398389161464600e+00
3.604663109779357910e+01,4.814757805428104831e-01,6.653430294434052594e-02,1.019617003204062344e+00,-1.790712761431209117e+02,-8.325090349900968079e+01,-1.288901102548666966e+00
3.606847572326660156e+01,4.839145979262403086e-01,6.604393999501866064e-02,1.019229426552356488e+00,-1.794719563677184055e+02,-8.312517228250949586e+01,-7.628414841743793584e-01
3.608613777160644531e+01,4.862420054249312340e-01,6.583426573751186006e-02,1.019210184548874798e+00,-1.784073225557090154e+02,-8.315795221823297823e+01,-1.716735154241798789e+00
3.610730814933776855e+01,4.884751029991847848e-01,6.534065696522400879e-02,1.019575520018160875e+00,-1.773138036212027089e+02,-8.323787892196139637e+01,-2.778389070658613846e+00
3.612050819396972656e+01,4.906134883732005125e-01,6.482262414833589448e-02,1.019681790762870133e+00,-1.761307124573422129e+02,-8.332131495754467210e+01,-3.969554281896199743e+00
3.614105296134948730e+01,4.923812469090095845e-01,6.354781200872751390e-02,1.020571064174439435e+00,-1.758564403343577567e+02,-8.349411639242242700e+01,-4.438857983291240927e+00
3.616019225120544434e+01,4.943194229122083172e-01,6.150977864775046544e-02,1.021088010763523179e+00,-1.756610517197764807e+02,-8.363735699877011598e+01,-4.947710604253026112e+00
3.617729473114013672e+01,4.967585879886995404e-01,6.038416670260911973e-02,1.022094656697595694e+00,-1.750440433227647361e+02,-8.391774250190195517e+01,-5.658970325988817329e+00
3.619813728332519531e+01,4.993037551636068105e-01,5.849478003185910185e-02,1.023564350531850575e+00,-1.747608490101916061e+02,-8.432658047921515276e+01,-6.270937574135800219e+00
3.621659159660339355e+01,5.019901099894128471e-01,5.727013568932510373e-02,1.025083294458441374e+00,-1.734422357455179906e+02,-8.469459277046053103e+01,-7.872557785477293457e+00
3.623651766777038574e+01,5.043798139641991751e-01,5.618087835472558578e-02,1.026221400432350883e+00,-1.723789135000124872e+02,-8.488818500953350110e+01,-9.214370083221391283e+00
3.625572180747985840e+01,5.068350749163789137e-01,5.511694188847074405e-02,1.027040564261724631e+00,-1.731321411414751026e+02,-8.493374604217696344e+01,-8.742715128680115910e+00
3.627550315856933594e+01,5.091674517138374823e-01,5.438342833724908731e-02,1.027651096489249349e+00,-1.761880349540473105e+02,-8.484554595116510711e+01,-5.766872980695329609e+00
3.629563117027282715e+01,5.115212014519113781e-01,5.365638011461423135e-02,1.028234802779619317e+00,1.794834581074329378e+02,-8.470633497179001381e+01,-1.370793226065935899e+00
3.631227970123291016e+01,5.139654865262802685e-01,5.289455337066878426e-02,1.028922540759754867e+00,1.749856752511354330e+02,-8.453570381099468989e+01,3.190884823562684325e+00
3.633159828186035156e+01,5.158085704311907715e-01,5.257347932552632747e-02,1.029598721679825246e+00,1.719226020944905997e+02,-8.443153241778290408e+01,6.368283448543649250e+00
3.634806513786315918e+01,5.184791704653518574e-01,5.254138570204815867e-02,1.029735579069256612e+00,1.698877655980636803e+02,-8.426444090615460425e+01,8.466141817545041803e+00
3.636900925636291504e+01,5.212451885342767044e-01,5.184659743660374742e-02,1.031201021311688226e+00,1.703354926975477213e+02,-8.446373113873875127e+01,7.785053545472160330e+00
3.638372802734375000e+01,5.240171449936801285e-01,5.119423701986502290e-02,1.032712375976877706e+00,1.727542058328840824e+02,-8.479738608678998446e+01,5.082404593812262839e+00
3.640501594543457031e+01,5.258135466195197338e-01,5.068125448039270675e-02,1.034048116184169475e+00,1.741606313391413323e+02,-8.512712992075969964e+01,3.504115479743446837e+00
3.642004394531250000e+01,5.285354992895241466e-01,5.059775204591764053e-02,1.036298807378892795e+00,1.759457952342073099e+02,-8.565515804764922336e+01,1.722683189869282705e+00
3.644374060630798340e+01,5.315208795853996193e-01,4.839701245780048122e-02,1.041973890259134672e+00,1.726049424360169837e+02,-8.632825127272242582e+01,4.995709718171235103e+00
3.645867156982421875e+01,5.326962106693801102e-01,4.921746339980660051e-02,1.039454341051471831e+00,1.765400228217002052e+02,-8.617402236034753571e+01,1.215716897385789252e+00
3.647965574264526367e+01,5.350187100171545085e-01,4.902609652252718636e-02,1.040175563131974235e+00,1.763422359258574090e+02,-8.612587339005446552e+01,1.582043814004897131e+00
3.649699759483337402e+01,5.373476055865560319e-01,4.882183394464081894e-02,1.040851299015001619e+00,1.763976791729447768e+02,-8.603911869340544172e+01,1.617612885094902975e+00
3.651978325843811035e+01,5.396508975209907133e-01,4.860006586983463966e-02,1.041556816973533639e+00,1.776163727114312678e+02,-8.597779298657150093e+01,3.262159482632772667e-01
3.653890585899353027e+01,5.422411752845859301e-01,4.821776160044730780e-02,1.042260969717374808e+00,1.759900698614119392e+02,-8.582023494198111280e+01,1.804026200296852567e+00
3.655819058418273926e+01,5.442708249375792784e-01,4.724199789339181277e-02,1.042519075074952006e+00,1.726584161262401551e+02,-8.559983024606452773e+01,4.850337353045279798e+00
3.657860350608825684e+01,5.464176982505156710e-01,4.636340493671367580e-02,1.043110438022023523e+00,1.695968900471753784e+02,-8.540693371048361371e+01,7.691388025503329118e+00
3.660015344619750977e+01,5.484215639839276069e-01,4.520179187181545821e-02,1.043083012692105127e+00,1.679939110625296905e+02,-8.515699757193745256e+01,9.100215591980388652e+00
3.662163734436035156e+01,5.507545737379851980e-01,4.372567990209619282e-02,1.043238965661930751e+00,1.680391309327183933e+02,-8.495391915855414311e+01,8.846953683332085205e+00
3.663975358009338379e+01,5.528991576320250179e-01,4.236659542283352509e-02,1.043469307968525994e+00,1.690234892734808909e+02,-8.481772637866609443e+01,7.709249685109728745e+00
3.665958857536315918e+01,5.549219353098239216e-01,4.130303276417295055e-02,1.043866591789529785e+00,1.706112672634245655e+02,-8.474936684808028531e+01,5.995980769843509250e+00
3.668006634712219238e+01,5.569912220131286729e-01,4.093312670239510759e-02,1.044317823215148877e+00,1.718590325053453398e+02,-8.470393861326267881e+01,4.718633600400648831e+00
3.670034217834472656e+01,5.588906233679413749e-01,4.068411239987444056e-02,1.045139966101652051e+00,1.726444537996430313e+02,-8.472424967929126183e+01,3.980479311530920938e+00
3.671981763839721680e+01,5.607105838107443452e-01,4.037969885587981006e-02,1.046234737477500287e+00,1.713621902941821133e+02,-8.490345717143981119e+01,5.314489050866512798e+00
3.674278521537780762e+01,5.624070363370575754e-01,3.914807860758131447e-02,1.048455852290079982e+00,1.674032658600776244e+02,-8.527494941006800389e+01,9.208067282871235548e+00
3.676177215576171875e+01,5.637621428953306646e-01,3.765041048868682239e-02,1.050845127842589877e+00,1.631707201060533521e+02,-8.566048612516051719e+01,1.345094510534414844e+01
3.678547692298889160e+01,5.648660495805288839e-01,3.650939388818380538e-02,1.053246142726853796e+00,1.589940987226521543e+02,-8.592698418993991538e+01,1.765974319101959722e+01
3.680060052871704102e+01,5.658043381912877257e-01,3.611381885394472635e-02,1.055347379370296101e+00,1.569908128655853545e+02,-8.624958398318196373e+01,1.962262961819618923e+01
3.682060813903808594e+01,5.664918933301665849e-01,3.555367023124030024e-02,1.056978796699035383e+00,1.563499244399648944e+02,-8.640840190965271006e+01,2.011039164127265266e+01
3.683846879005432129e+01,5.670183992460411382e-01,3.477261546286736227e-02,1.058435384614470731e+00,1.550051688934712217e+02,-8.649642506430777189e+01,2.119564049438294973e+01
3.685648107528686523e+01,5.673805410793054671e-01,3.392941996480063060e-02,1.059650641024307172e+00,1.532294254607309654e+02,-8.655845382090630835e+01,2.270304858308875140e+01
3.687614130973815918e+01,5.674810241688353907e-01,3.273123237656096196e-02,1.060305071360306606e+00,1.502924426660636072e+02,-8.650498380152995992e+01,2.527198085808649708e+01
3.689024758338928223e+01,5.677612035655708045e-01,3.241491916188617151e-02,1.061112272167396231e+00,1.485745263993501055e+02,-8.651013721294948766e+01,2.686948301585712784e+01
3.691216802597045898e+01,5.678245902661555045e-01,3.193689128577953396e-02,1.061347801075006370e+00,1.478098602119908946e+02,-8.646888548394576901e+01,2.750412454752647662e+01
3.693509268760681152e+01,5.680019462909846606e-01,3.204351656484399208e-02,1.061517192178697444e+00,1.473726292974009482e+02,-8.645072447225358303e+01,2.791831132021851047e+01
3.694961166381835938e+01,5.680097036582052450e-01,3.200803491802464013e-02,1.061322472651933690e+00,1.464222727965531305e+02,-8.635091860914992878e+01,2.881297148646245532e+01
3.696860933303833008e+01,5.680303169918363704e-01,3.247206762732784968e-02,1.060789247498549859e+00,1.450156795289195486e+02,-8.615510370579119126e+01,3.025793066858047808e+01
3.698844528198242188e+01,5.680596581692937130e-01,3.287465068320628153e-02,1.060718938672748468e+00,1.447089914141011207e+02,-8.611310280348713775e+01,3.069481178732403848e+01
3.700816202163696289e+01,5.681037482677560035e-01,3.297787391551119940e-02,1.060488071606993321e+00,1.448316384061514555e+02,-8.607479244901601589e+01,3.061245725770614712e+01
3.703262376785278320e+01,5.680721766374174919e-01,3.286564537489747306e-02,1.060571466076265956e+00,1.449572118255999555e+02,-8.610307576796078877e+01,3.043350362641102080e+01
3.705090713500976562e+01,5.679661067536712071e-01,3.220801315962860956e-02,1.060787233980813538e+00,1.443150483518350882e+02,-8.611562011648301507e+01,3.100913205119001859e+01
3.707148480415344238e+01,5.679221749358762672e-01,3.202537549930842276e-02,1.060756640591399069e+00,1.444947982724595192e+02,-8.612418610162406196e+01,3.079158154458612273e+01
3.708706426620483398e+01,5.678846004024997729e-01,3.182195389570906252e-02,1.060768681123371415e+00,1.441220899160497311e+02,-8.609700432053483610e+01,3.114819061941576805e+01
3.710647535324096680e+01,5.679181500769964197e-01,3.202298596246287710e-02,1.060687710854954613e+00,1.446823482660591083e+02,-8.610627265001217268e+01,3.060359963219154977e+01
3.712957549095153809e+01,5.680421989518665837e-01,3.252288866177465571e-02,1.060537235740789841e+00,1.448009909361728944e+02,-8.610427795511672855e+01,3.051783647405999744e+01
3.714686846733093262e+01,5.680306393288965250e-01,3.260367436900874633e-02,1.060592572880682871e+00,1.447886354707267742e+02,-8.611170096241926331e+01,3.060364646730410243e+01
3.716748213768005371e+01,5.680386522636435842e-01,3.267169226587901543e-02,1.060637563507297321e+00,1.449207897752841632e+02,-8.611354356267399623e+01,3.045547963876243713e+01
3.718634080886840820e+01,5.680016699153317417e-01,3.240668341114581741e-02,1.060748178906468775e+00,1.445210838841461793e+02,-8.612396905074622566e+01,3.081836719507515809e+01
3.720500564575195312e+01,5.680196638434653611e-01,3.246628818008384654e-02,1.060597965643214069e+00,1.447764644303347268e+02,-8.611322196491572356e+01,3.057186447694491704e+01
3.722813320159912109e+01,5.679961318228101685e-01,3.233799472271888659e-02,1.060750884605501820e+00,1.445149951603656859e+02,-8.612473451768467214e+01,3.080247963457796345e+01
3.724812364578247070e+01,5.679221749358762672e-01,3.202537549930842276e-02,1.060756640591399069e+00,1.444947982724595192e+02,-8.612418610162406196e+01,3.079158154458612273e+01
3.726336979866027832e+01,5.680156184887050763e-01,3.246390732152353020e-02,1.060529036806294956e+00,1.449621922491036798e+02,-8.609524632235654451e+01,3.038570650644413007e+01
3.728147625923156738e+01,5.680525273634307037e-01,3.272899442710260065e-02,1.060418449580806222e+00,1.453578150180672424e+02,-8.608462225149557412e+01,3.002690941141601400e+01
3.730060410499572754e+01,5.680525273634307037e-01,3.272899442710260065e-02,1.060418449580806222e+00,1.453578150180672424e+02,-8.608462225149557412e+01,3.002690941141601400e+01
3.732447409629821777e+01,5.680018927110630500e-01,3.260809672286513194e-02,1.060178339326010910e+00,1.460828497005025781e+02,-8.603764561633667540e+01,2.928478579370264256e+01
3.734982514381408691e+01,5.679183228892870083e-01,3.241559063694510190e-02,1.059854444508631088e+00,1.468895714967265747e+02,-8.592792514038183072e+01,2.844996070364819474e+01
3.736459517478942871e+01,5.679171705732806164e-01,3.249775926728722814e-02,1.058940632916720803e+00,1.490186057110623494e+02,-8.570444767861079072e+01,2.631941648026431935e+01
3.738757944107055664e+01,5.678194709728023870e-01,3.241795021679520078e-02,1.057981992658822312e+00,1.508740346691670879e+02,-8.544523357462276181e+01,2.446376878276872802e+01
3.740966105461120605e+01,5.678245456739421382e-01,3.260389469009034036e-02,1.057529805116345312e+00,1.518428620684698274e+02,-8.533609677422357720e+01,2.350779388208800924e+01
3.742597103118896484e+01,5.678057570769914353e-01,3.277146830532522148e-02,1.057168180575967620e+00,1.518111046379357276e+02,-8.527985699524315066e+01,2.356359020674448246e+01
3.744373536109924316e+01,5.676718732968415448e-01,3.251679530607796964e-02,1.056737044271967463e+00,1.522138958251526617e+02,-8.522701934369511889e+01,2.313858013642640188e+01
3.746289157867431641e+01,5.676790180859303536e-01,3.283170871375852562e-02,1.056582477098763961e+00,1.522124376343917334e+02,-8.522664426186226194e+01,2.317193330523711836e+01
3.748357915878295898e+01,5.676718732968415448e-01,3.251679530607796964e-02,1.056737044271967463e+00,1.522138958251526617e+02,-8.522701934369511889e+01,2.313858013642640188e+01
3.750246644020080566e+01,5.677125991307524489e-01,3.271869371207467708e-02,1.056766899546474958e+00,1.522712035683811109e+02,-8.525285424609758422e+01,2.309710540842387871e+01
3.752312827110290527e+01,5.675884895530252106e-01,3.245882555534722325e-02,1.056738259343060760e+00,1.520053776038829199e+02,-8.523913462636340910e+01,2.333893383755092898e+01
3.754242753982543945e+01,5.675416731432718631e-01,3.273635721849760261e-02,1.057154925489348640e+00,1.514819897492826613e+02,-8.526969814089085276e+01,2.388597015534448786e+01
3.756208062171936035e+01,5.670968726620480016e-01,3.267710985524698714e-02,1.057511778234019539e+00,1.506178591797993249e+02,-8.532466185113271706e+01,2.473813090571177398e+01
3.758205556869506836e+01,5.663993367175907956e-01,3.200737649395026668e-02,1.058507615094556042e+00,1.487052145112721462e+02,-8.539529208955256934e+01,2.653692907435168635e+01
3.760195684432983398e+01,5.652385930591018459e-01,3.159111085599806273e-02,1.059791552995733355e+00,1.455409764293418675e+02,-8.546669409423493846e+01,2.964214259355300030e+01
3.762049007415771484e+01,5.635996844636617098e-01,3.031715848112785314e-02,1.061077198172333480e+00,1.412581431198275936e+02,-8.553383754630381475e+01,3.374409268805394646e+01
3.764144372940063477e+01,5.617818004378358765e-01,2.903417829398394212e-02,1.062483785259140223e+00,1.366782195574350283e+02,-8.563364169955616489e+01,3.811497522576319597e+01
3.765927839279174805e+01,5.597924359899038027e-01,2.767356041263885694e-02,1.064122706803311003e+00,1.314341646401849744e+02,-8.566279233268863891e+01,4.315839933296584974e+01
3.767941546440124512e+01,5.575869104002330046e-01,2.608917103745676466e-02,1.065132189202141921e+00,1.266478453495840881e+02,-8.559022692485066841e+01,4.776235373146413110e+01
3.769864821434020996e+01,5.552652972004550325e-01,2.449318733070587895e-02,1.066252637954084870e+00,1.217543330799937706e+02,-8.544052878108172422e+01,5.250424546614829779e+01
3.771850275993347168e+01,5.527695457752312969e-01,2.357754645496035542e-02,1.067076468987837146e+00,1.173491893191520745e+02,-8.525879294661352503e+01,5.693779626771545566e+01
3.773826956748962402e+01,5.503034931169089594e-01,2.311579128167180752e-02,1.067491912286797850e+00,1.140885824883933708e+02,-8.507386053687301342e+01,6.040405590183512174e+01
3.775617766380310059e+01,5.476435262599140819e-01,2.226009234505510817e-02,1.067604070791462023e+00,1.120091309523899668e+02,-8.497196223261767045e+01,6.259907238413038044e+01
3.777547979354858398e+01,5.454309676572954846e-01,2.200198171736255509e-02,1.067730580400868101e+00,1.100943898606560509e+02,-8.497053462959918591e+01,6.467043853920588958e+01
3.779649734497070312e+01,5.428179479099412008e-01,2.150374638448028855e-02,1.067204520451594751e+00,1.088636134021659529e+02,-8.496797745393132573e+01,6.591423623028514100e+01
3.781627583503723145e+01,5.402311325771961270e-01,2.089114378547113349e-02,1.066781948115049117e+00,1.077912350141274942e+02,-8.509307350021940408e+01,6.688867734619743999e+01
3.783882737159729004e+01,5.379730664295484521e-01,2.101707572631483431e-02,1.066279547782776671e+00,1.066120938911996916e+02,-8.544874010999716063e+01,6.797430661026598386e+01
3.785587286949157715e+01,5.356031340901517002e-01,2.156871640973269041e-02,1.065407214824023674e+00,1.062620539469317862e+02,-8.585531327657695044e+01,6.825637466207838600e+01
3.787544178962707520e+01,5.332209423189564479e-01,2.275927583096747781e-02,1.064293877944387345e+00,1.058648401039145313e+02,-8.619431772869815234e+01,6.866003015496457351e+01
3.789504313468933105e+01,5.311663991016385422e-01,2.486993950777694959e-02,1.062888251176009380e+00,1.062828723174553289e+02,-8.634053097090574624e+01,6.823378810336662070e+01
3.790852260589599609e+01,5.288666779911656013e-01,2.608318827576017532e-02,1.061686455852423716e+00,1.068604207194654947e+02,-8.629340816877947873e+01,6.767369888505386655e+01
3.792834091186523438e+01,5.274363723067877485e-01,2.764169352920264541e-02,1.060625632659747630e+00,1.071787734262394878e+02,-8.630081742430846248e+01,6.745674519293768867e+01
3.795293378829956055e+01,5.256126512705199261e-01,3.058437563993715233e-02,1.059370468407796695e+00,1.074486318195915544e+02,-8.638156854636937965e+01,6.746910763569545111e+01
3.797008848190307617e+01,5.235528516307708102e-01,3.526689189832308419e-02,1.057534377076818854e+00,1.093656714879686689e+02,-8.647608064033899211e+01,6.613898342805288166e+01
3.798441219329833984e+01,5.217342072853553558e-01,3.987311657731399533e-02,1.055542535772609591e+00,1.121833671907996006e+02,-8.660024883194010670e+01,6.400230453934069885e+01
3.800346517562866211e+01,5.206071533076909175e-01,4.283596286189562952e-02,1.054542111712695185e+00,1.138003717175596421e+02,-8.669003752853801359e+01,6.281097203205795410e+01
3.802748990058898926e+01,5.175277269682727610e-01,5.020275111272697738e-02,1.048010036023047986e+00,1.276902081900465618e+02,-8.686430728283073677e+01,4.972678145312927711e+01
3.804564309120178223e+01,5.165964537000783396e-01,5.144838810507890853e-02,1.050917714647795043e+00,1.217574375944717247e+02,-8.694007886005414321e+01,5.600625052520381075e+01
3.806490182876586914e+01,5.144524916389665581e-01,5.391412548760290968e-02,1.048985537217504982e+00,1.291467014962306052e+02,-8.703170722800980741e+01,4.885212167899440772e+01
3.808941483497619629e+01,5.123238218658978660e-01,5.674347673213386845e-02,1.046369164631827609e+00,1.405512279507726703e+02,-8.689639644246837236e+01,3.779734508159864959e+01
3.810726237297058105e+01,5.098853373726566218e-01,5.995952206953832769e-02,1.043920819281501489e+00,1.541413340059887389e+02,-8.683389159129835377e+01,2.470922385504590935e+01
3.812937402725219727e+01,5.076798585453963231e-01,6.182703252664528693e-02,1.043175483885560917e+00,1.608430324214798759e+02,-8.698605365043943038e+01,1.821617293255852488e+01
3.814643526077270508e+01,5.052929754929643691e-01,6.314624045638418670e-02,1.042887761148333814e+00,1.619054793447680254e+02,-8.715055912169869146e+01,1.730877097219930860e+01
3.816674017906188965e+01,5.028402154109024025e-01,6.401383115320311012e-02,1.042523360775126307e+00,1.600814515442391723e+02,-8.721502007750940777e+01,1.921759047193591741e+01
3.818573093414306641e+01,5.005343420259608100e-01,6.417974441693634347e-02,1.042662320922328245e+00,1.571239626604975115e+02,-8.727041375446637517e+01,2.221013367333000943e+01
3.820509791374206543e+01,4.978620862242190137e-01,6.386564386576305818e-02,1.042798972475873720e+00,1.534480823657391682e+02,-8.732594693405003738e+01,2.585132713307956109e+01
3.822474050521850586e+01,4.953274073371794484e-01,6.235013784305019902e-02,1.043176946534863037e+00,1.482533177013220040e+02,-8.729438090875703438e+01,3.079885990594531719e+01
3.824452400207519531e+01,4.927871626156880014e-01,6.078937792231434156e-02,1.043742251107051322e+00,1.419347360264906115e+02,-8.719352061431679601e+01,3.687070956089770135e+01
3.826507377624511719e+01,4.899514645395902090e-01,5.893484741451397724e-02,1.044097838117424182e+00,1.363725694240121413e+02,-8.704548845766328213e+01,4.217962171492428780e+01
3.828362131118774414e+01,4.871284609311207769e-01,5.702676997723915564e-02,1.045233727702325810e+00,1.304406842352773310e+02,-8.700385298414256852e+01,4.781342451662337112e+01
3.830287170410156250e+01,4.843951034125362209e-01,5.515337493001763042e-02,1.046659795674156568e+00,1.244734332416874310e+02,-8.694375981158468392e+01,5.350887383484085547e+01
3.832469415664672852e+01,4.802253606695341959e-01,5.379486390552616626e-02,1.044558467450806605e+00,1.258871411099939621e+02,-8.677155061748311482e+01,5.195227509475439120e+01
3.833981847763061523e+01,4.787173616248680541e-01,5.255186283641990336e-02,1.049782849414061747e+00,1.144306478686765303e+02,-8.724413507881456553e+01,6.327463754881311786e+01
3.836173915863037109e+01,4.767104706871837516e-01,5.197726081601590498e-02,1.051074858682082835e+00,1.104909466748026574e+02,-8.741809018267569797e+01,6.715029672653412263e+01
3.837981915473937988e+01,4.740034212839311922e-01,5.132322750361350411e-02,1.052342159166907098e+00,1.057550202938672186e+02,-8.726191670391783362e+01,7.188310871534960711e+01
3.839098811149597168e+01,4.722063743626151999e-01,5.113977215488254430e-02,1.053084692732032979e+00,1.045107776242381021e+02,-8.703105834182274236e+01,7.315475652338473367e+01
3.841110515594482422e+01,4.697218248907337745e-01,5.184045357146528643e-02,1.053088697823812980e+00,1.083067530335721784e+02,-8.663390137296670446e+01,6.963163718169185756e+01
3.842911648750305176e+01,4.673164405294083501e-01,5.259891578188976430e-02,1.052693186219596067e+00,1.128588455833613153e+02,-8.628058720067907927e+01,6.531691436225735004e+01
3.844943666458129883e+01,4.649872788326722128e-01,5.407868267829614439e-02,1.052572695904324007e+00,1.144308912252797086e+02,-8.607952147337641691e+01,6.399332420370837582e+01
3.847000479698181152e+01,4.624712830873458635e-01,5.558197855446313923e-02,1.052722392594765743e+00,1.133767236691799951e+02,-8.618306771427077706e+01,6.517020554988796732e+01
3.849112963676452637e+01,4.600912831712062334e-01,5.683909438983118789e-02,1.053454734837249385e+00,1.113347225688965807e+02,-8.646734681260575428e+01,6.722492909798172889e+01
3.850766372680664062e+01,4.575390006458710523e-01,5.774806661841160732e-02,1.053823900674247804e+00,1.096566780720266081e+02,-8.666830794981534325e+01,6.882782167162862663e+01
3.852750062942504883e+01,4.552037556964538267e-01,5.907105474569279008e-02,1.053910434864614221e+00,1.087451527988099116e+02,-8.706466396565156174e+01,6.969705837959834582e+01
3.854395508766174316e+01,4.529636839589009645e-01,6.089857264270280568e-02,1.054059449345742916e+00,1.073585149662326756e+02,-8.748091828417220484e+01,7.111439231024890262e+01
3.856393361091613770e+01,4.508992462980599414e-01,6.277265541237452007e-02,1.054251647693655647e+00,1.057729291581623556e+02,-8.788585363414198071e+01,7.277501416647079679e+01
3.858648657798767090e+01,4.486308199349732240e-01,6.498767620446162241e-02,1.054261540296171695e+00,1.030708670740915096e+02,-8.846170664093916969e+01,7.569273675816931757e+01
3.860316371917724609e+01,4.462774330578891391e-01,6.773664617447185121e-02,1.054399022495512872e+00,9.644631983933837205e+01,-8.898192707469725349e+01,8.266628326842354113e+01
3.861900663375854492e+01,4.434962567679004986e-01,7.078046974968048299e-02,1.054231786726515407e+00,9.453093678303332581e+01,-8.899424357300866006e+01,8.509798839463161357e+01
3.863682270050048828e+01,4.414377694711929534e-01,7.274465173373355353e-02,1.053643920076375418e+00,9.716382632954605469e+01,-8.895034525319461238e+01,8.281606471087688703e+01
3.865040135383605957e+01,4.387292430128291176e-01,7.480730932755197404e-02,1.053321371824361696e+00,1.010036945065488254e+02,-8.882932378278478325e+01,7.928233895063587511e+01
3.866985917091369629e+01,4.368554123329347894e-01,7.554718648072447640e-02,1.052879270145729462e+00,1.044740369220150455e+02,-8.870155169436024778e+01,7.592342749219172049e+01
3.869020605087280273e+01,4.340938275621833986e-01,7.695678149284845837e-02,1.052188073096053555e+00,1.097320773641747280e+02,-8.846631581878320105e+01,7.088801608594349091e+01
3.870349073410034180e+01,4.313496535127562259e-01,7.731813882937822735e-02,1.051542664487020717e+00,1.137816626566820304e+02,-8.820003695761995743e+01,6.690887195976056034e+01
3.872414422035217285e+01,4.293223482479995301e-01,7.733890619355633655e-02,1.051232828919223872e+00,1.159947122965273820e+02,-8.795174940328733726e+01,6.473204649449881742e+01
3.874653673171997070e+01,4.261782433885887844e-01,7.733199560055391275e-02,1.050058416048285759e+00,1.221514738515379577e+02,-8.759608134246936118e+01,5.858923449809367412e+01
3.876428580284118652e+01,4.231727233447464265e-01,7.774123940002460043e-02,1.048971951519869661e+00,1.305370028442051193e+02,-8.737858205720515059e+01,5.018376461568991687e+01
3.878407025337219238e+01,4.201733239511627471e-01,7.785501227235341881e-02,1.048156741167046047e+00,1.371541005009648586e+02,-8.699092321943811612e+01,4.358105331090796142e+01
3.880407404899597168e+01,4.171947148144440898e-01,7.802598472575554556e-02,1.048512137021861523e+00,1.367826582731771339e+02,-8.685101543857956585e+01,4.396912793623798876e+01
3.882456922531127930e+01,4.142448055453283873e-01,7.778290577045646192e-02,1.049423639914370154e+00,1.335926515732264477e+02,-8.690171083525871154e+01,4.711384423853247227e+01
3.884399986267089844e+01,4.114641992952962624e-01,7.739550399453548613e-02,1.050917812657200967e+00,1.306695965782046756e+02,-8.720439954942855820e+01,4.993292179797404629e+01
3.886380362510681152e+01,4.086790896920100002e-01,7.735680528672907175e-02,1.053228487297255267e+00,1.240085880836456198e+02,-8.761035339112780207e+01,5.660401545570892523e+01
3.888960337638854980e+01,4.061468035322151060e-01,7.749495946442049032e-02,1.054683138466869785e+00,1.185066490530188190e+02,-8.769414621432547108e+01,6.220835069354548352e+01
3.890267062187194824e+01,4.036576056375462129e-01,7.754299920670444657e-02,1.056334965513492818e+00,1.121034515079567058e+02,-8.757914935696587122e+01,6.861789024229349820e+01
3.892565345764160156e+01,4.010515210647404571e-01,7.712670591111897567e-02,1.058082104993542272e+00,1.064134430163888396e+02,-8.730962335612407799e+01,7.421805586124530407e+01
3.894429254531860352e+01,3.980878953094029726e-01,7.647106960802287079e-02,1.059590872030018227e+00,1.029891469927720919e+02,-8.691577664935445569e+01,7.750429700571507396e+01
3.896283507347106934e+01,3.953501324858521571e-01,7.619550547291652209e-02,1.060995276694111533e+00,1.000570334834393975e+02,-8.661632258409265717e+01,8.032845803775852289e+01
3.898692369461059570e+01,3.926205409677182567e-01,7.595931354978033290e-02,1.062700830980443989e+00,9.753826899602189826e+01,-8.629503653858188272e+01,8.275133921665643300e+01
3.899786639213562012e+01,3.897147228150888987e-01,7.593672048942805286e-02,1.064255386806225001e+00,9.556533221812823342e+01,-8.591882182146815694e+01,8.473685809169205641e+01
3.901895046234130859e+01,3.878688943382602172e-01,7.639724469792495698e-02,1.065163528121386260e+00,9.435151559442178382e+01,-8.576509356507622783e+01,8.605524616488504819e+01
3.903681254386901855e+01,3.856081956476353767e-01,7.731262593750647116e-02,1.066522935540145767e+00,9.224762634679842677e+01,-8.567764288512925930e+01,8.828135433925369568e+01
3.905309224128723145e+01,3.837792547051898095e-01,7.855738226117946199e-02,1.067177274389776276e+00,9.078327700271968581e+01,-8.577813390083022682e+01,8.984557192243457280e+01
3.907016324996948242e+01,3.827653856330087145e-01,7.933375568377762366e-02,1.067576144636308788e+00,8.908366715203425201e+01,-8.599788602263589610e+01,9.158759605223168876e+01
3.909072637557983398e+01,3.818633510319638935e-01,8.051390093298124717e-02,1.067471611218113070e+00,8.708835320384197587e+01,-8.642634315427964964e+01,9.367869431284135828e+01
3.911123609542846680e+01,3.814201477508029070e-01,8.167663532134319948e-02,1.067544822487418665e+00,8.253384190011327348e+01,-8.691304890768718394e+01,9.844167304853581868e+01
3.912948727607727051e+01,3.811532520423506210e-01,8.294672359181526344e-02,1.067116339260650859e+00,8.034254124506554717e+01,-8.722750458903794879e+01,1.008980225248562732e+02
3.914897608757019043e+01,3.811512335930243300e-01,8.453916533280013412e-02,1.066439854235732287e+00,8.132502365338518757e+01,-8.732206501336553117e+01,1.002599884841637135e+02
3.916898417472839355e+01,3.811393211634069855e-01,8.565338050392157232e-02,1.065753650784323714e+00,8.357871629095426158e+01,-8.738126059991262196e+01,9.822454753693737928e+01
3.918552279472351074e+01,3.812554897303294110e-01,8.620295006675265936e-02,1.065307279032413401e+00,8.436248115011477466e+01,-8.749397691723304149e+01,9.749779561802031935e+01
3.920650768280029297e+01,3.813382025477393134e-01,8.634109426660081799e-02,1.065021871609228787e+00,8.451438544289521815e+01,-8.758767299464436462e+01,9.733917027206575767e+01
3.922500133514404297e+01,3.812983908936282695e-01,8.651407977285531514e-02,1.064789769376412343e+00,8.418740183248769426e+01,-8.772952399717509309e+01,9.760704790536007636e+01
3.924497652053833008e+01,3.812517069621288446e-01,8.644769746291056101e-02,1.064706676058125856e+00,8.401962449553292345e+01,-8.776270744425106329e+01,9.773062709281241212e+01
3.926321744918823242e+01,3.812517069621288446e-01,8.644769746291056101e-02,1.064706676058125856e+00,8.401962449553292345e+01,-8.776270744425106329e+01,9.773062709281241212e+01
3.928333139419555664e+01,3.812004744287366131e-01,8.630033736919395793e-02,1.064684932713194865e+00,8.403565397498871903e+01,-8.774758147055436552e+01,9.769031874693276052e+01
3.930481433868408203e+01,3.813205440386712164e-01,8.651949181057867755e-02,1.065051911783648109e+00,8.156367585701731571e+01,-8.775578445280096673e+01,1.001847115433722024e+02
3.932331180572509766e+01,3.812522425156440464e-01,8.667819689557429430e-02,1.065117848165382686e+00,7.967035798707021854e+01,-8.778880089572361101e+01,1.020816223000503129e+02
3.934325623512268066e+01,3.813748481106076227e-01,8.717874167617810366e-02,1.065180126654800441e+00,7.847285118447959462e+01,-8.786279663175703547e+01,1.033239022083030250e+02
3.936762094497680664e+01,3.813609976164977766e-01,8.753786228291950133e-02,1.064984873994531789e+00,7.846753201277923040e+01,-8.792965929567296257e+01,1.033526004780288332e+02
3.938244843482971191e+01,3.814201989515442759e-01,8.797786578493237142e-02,1.064875846607525878e+00,7.748941546645090739e+01,-8.803853265731386557e+01,1.043336975261810409e+02
3.940977263450622559e+01,3.813784183059285016e-01,8.843470566013715561e-02,1.064578376480778577e+00,7.630243737098176382e+01,-8.821084288703323750e+01,1.055057389690359173e+02
3.941957449913024902e+01,3.813795877935934331e-01,8.850896300052878141e-02,1.064547122866175366e+00,7.611211442534599314e+01,-8.823199785936623130e+01,1.056967921176824774e+02
3.944560742378234863e+01,3.813819234822421467e-01,8.865750787604265160e-02,1.064484703469992688e+00,7.571747122690644005e+01,-8.827424526535440918e+01,1.060928956529958214e+02
3.945589542388916016e+01,3.814319113021878982e-01,8.871983500652638743e-02,1.064562843489381017e+00,7.570758184673040603e+01,-8.825048448633988585e+01,1.061228188636811041e+02
3.947500777244567871e+01,3.815347934484475401e-01,8.898060600222379435e-02,1.064611464671731733e+00,7.587467042984751231e+01,-8.823311719405887743e+01,1.059934345335364867e+02
3.949414730072021484e+01,3.815563968771544801e-01,8.922871776290905443e-02,1.064304062720635491e+00,7.834694073398388525e+01,-8.822597600741796953e+01,1.035332295582952327e+02
3.951456642150878906e+01,3.815013931946667491e-01,8.938263744244058506e-02,1.063661957958095261e+00,8.256767162720136355e+01,-8.821688786792404358e+01,9.924977259048647227e+01
3.953475522994995117e+01,3.811899570688447314e-01,8.966187489967136770e-02,1.062574974821330454e+00,8.894699914114961814e+01,-8.823204220337800052e+01,9.280627208353263313e+01
3.954890966415405273e+01,3.809022055371976689e-01,9.004341592746878398e-02,1.060848150080763386e+00,9.895191226002147289e+01,-8.821802092348141855e+01,8.271952219771651471e+01
3.956862306594848633e+01,3.804983815548460546e-01,9.062198288829413639e-02,1.059136891397078672e+00,1.085847916171918683e+02,-8.815638722521603654e+01,7.307045544548041960e+01
3.958363819122314453e+01,3.797963197767318944e-01,9.212559299656790379e-02,1.056143315955006656e+00,1.228061313083060355e+02,-8.791088537388831980e+01,5.894829287075752688e+01
3.960379528999328613e+01,3.791546459092285382e-01,9.289687422254233606e-02,1.053448114936355040e+00,1.321377003218626953e+02,-8.754319749181321697e+01,4.957409034148031424e+01
3.962685942649841309e+01,3.772776517922789008e-01,9.602314931433644785e-02,1.045531315785636295e+00,1.444888270597644748e+02,-8.601292402701076867e+01,3.741149231886598159e+01
3.964170455932617188e+01,3.767732527927230013e-01,9.641807024928998604e-02,1.043082938810218740e+00,1.476951561613351487e+02,-8.545937941265286497e+01,3.420976992482027157e+01
3.966080379486083984e+01,3.750987343892178139e-01,9.873851306406804251e-02,1.035629842460596528e+00,1.540954130056827864e+02,-8.385572592535760350e+01,2.799975304281661437e+01
3.967656254768371582e+01,3.730255480993613926e-01,1.008112034943458024e-01,1.027686487547232685e+00,1.586031477579771263e+02,-8.203381083936484686e+01,2.371232370220792518e+01
3.969493150711059570e+01,3.713782844652762094e-01,1.025719155281496348e-01,1.022223273668445342e+00,1.611149164001282656e+02,-8.089162544378739028e+01,2.138465159840533047e+01
3.971648430824279785e+01,3.687300997815697312e-01,1.053019919721618070e-01,1.014055880753041095e+00,1.637830669436990831e+02,-7.937950255972198477e+01,1.894829955658452647e+01
3.973409104347229004e+01,3.657199919278464328e-01,1.070525609227380159e-01,1.005959068988727889e+00,1.665115646156463640e+02,-7.789014730916969143e+01,1.610605312592587168e+01
3.975913977622985840e+01,3.624136784417749668e-01,1.085432640608616217e-01,9.975617813608975704e-01,1.695309032591411551e+02,-7.624415676839409173e+01,1.280479085455812616e+01
3.977106332778930664e+01,3.589861209408477527e-01,1.103443519057805550e-01,9.893365717133522086e-01,1.723059992008499819e+02,-7.476165825305001533e+01,9.723363545621342752e+00
3.979398846626281738e+01,3.560633493970363217e-01,1.121537865624652325e-01,9.827207679540058693e-01,1.741397942076634990e+02,-7.366323683708398562e+01,7.634845984381912309e+00
3.981076216697692871e+01,3.526924414502176641e-01,1.145610044183515974e-01,9.756105363875410275e-01,1.755966586927804371e+02,-7.241090046595520846e+01,6.003373288589771484e+00
3.982954072952270508e+01,3.490511632970613176e-01,1.171717709915067046e-01,9.685880111057439956e-01,1.767206228298958308e+02,-7.104100511846199595e+01,4.791220838913357483e+00
3.985687017440795898e+01,3.451400812680729402e-01,1.200886933055637790e-01,9.613668849140419859e-01,1.773198652034470513e+02,-6.944846493253501762e+01,4.268969359811110920e+00
3.987447381019592285e+01,3.384505093293336264e-01,1.252497931980368628e-01,9.510043200535851504e-01,1.793347819533243523e+02,-6.742394241580089442e+01,2.457667174697979462e+00
3.989490580558776855e+01,3.377949287193757755e-01,1.273934024867979797e-01,9.489864889790586844e-01,1.795035254732134717e+02,-6.690361614897756226e+01,2.530532461716104908e+00
3.990918254852294922e+01,3.345575019764287505e-01,1.312538775728753770e-01,9.438757722815782625e-01,-1.796054403896952181e+02,-6.602755327974453792e+01,1.915096043807532178e+00
3.993369174003601074e+01,3.325457751949416618e-01,1.336563062508320798e-01,9.408491076368120654e-01,-1.792138196860375672e+02,-6.550094289994348173e+01,1.701371436415599625e+00
3.995495247840881348e+01,3.294953340001551823e-01,1.369947678723489881e-01,9.362803361666776070e-01,-1.791121898945192186e+02,-6.458920858726482095e+01,1.737365469262702300e+00
3.997238612174987793e+01,3.264424488511838973e-01,1.392829661796630425e-01,9.316807210463093902e-01,-1.791247301939620513e+02,-6.353773779984399539e+01,1.617249532498951092e+00
3.999318814277648926e+01,3.236583457765457306e-01,1.412352001312537075e-01,9.273946556582035594e-01,-1.791580772751519817e+02,-6.246451553583118965e+01,1.505132250845428121e+00
4.001144790649414062e+01,3.206060059468222034e-01,1.430457543843754453e-01,9.227698315687155040e-01,-1.790848718449290686e+02,-6.121838378044068918e+01,1.301468183300446224e+00
4.003069496154785156e+01,3.175796684450643004e-01,1.448221538710876277e-01,9.185096606554044030e-01,-1.788786851931934052e+02,-6.002430570220149519e+01,1.018206296803715993e+00
4.005117225646972656e+01,3.149725521776680637e-01,1.470620373557511851e-01,9.150794130782510249e-01,-1.785553718085715218e+02,-5.925682811064231714e+01,8.095243182562550377e-01
4.007456755638122559e+01,3.121683152163622910e-01,1.493469274318044160e-01,9.118908597203394528e-01,-1.784228428437563423e+02,-5.858123895436658302e+01,7.773659376016481826e-01
4.009639263153076172e+01,3.092210177395280923e-01,1.515595380059691633e-01,9.086010059199791655e-01,-1.786150782746135803e+02,-5.782308985248536004e+01,1.032915385691822951e+00
4.011979937553405762e+01,3.047010354713797220e-01,1.555747860702467733e-01,9.036060375652877896e-01,-1.785007604255559954e+02,-5.673595968357160757e+01,1.181493518339550741e+00
4.013773632049560547e+01,3.031146533008586830e-01,1.559180499194506575e-01,9.014767192653119210e-01,-1.789365562976682895e+02,-5.612231567657117637e+01,1.528350645968602484e+00
4.015214872360229492e+01,2.998466680223982328e-01,1.580177344611826407e-01,8.978983860151371621e-01,-1.788967438086572201e+02,-5.518407487561781011e+01,1.636439520465398090e+00
4.017951393127441406e+01,2.946585329388440311e-01,1.629740297233105428e-01,8.925011583116123637e-01,-1.779368031473313181e+02,-5.374024078321517806e+01,8.740097655925488374e-01
4.019717025756835938e+01,2.894051701138591337e-01,1.647918872605665663e-01,8.865536191585030590e-01,-1.782200764804697712e+02,-5.191715421967877120e+01,8.384062587662255428e-01
4.021579146385192871e+01,2.876724272048798436e-01,1.643131830559830531e-01,8.844773989724017405e-01,-1.784332283549282749e+02,-5.124181055119663597e+01,6.451620303815772672e-01
4.024076557159423828e+01,2.832261485595328754e-01,1.660756723224453002e-01,8.799275650861252407e-01,-1.787500134887995102e+02,-5.010137862578970669e+01,7.852386816537320069e-01
4.025900483131408691e+01,2.789404465197238281e-01,1.685866577959673762e-01,8.759487003110467684e-01,-1.785107004920398595e+02,-4.907720917753581347e+01,4.776890079766908936e-01
4.028067946434020996e+01,2.707482755191414348e-01,1.733622218354856082e-01,8.690216069535562360e-01,-1.775227626804537522e+02,-4.724220276084894721e+01,-4.634179669868099261e-01
4.030088853836059570e+01,2.682952181855104978e-01,1.744600684684074476e-01,8.663372862424416621e-01,-1.779349481241101216e+02,-4.614027374104109214e+01,3.070997052629607232e-02
4.031647539138793945e+01,2.632254091337283275e-01,1.771327067183654236e-01,8.620067913257372094e-01,-1.779352562041037515e+02,-4.487534266305063113e+01,2.507222074821696123e-01
4.033763241767883301e+01,2.594166878274244414e-01,1.793264353437374059e-01,8.588661821372591820e-01,-1.779876404911613008e+02,-4.400823805460597526e+01,5.293911495065976025e-01
4.035952210426330566e+01,2.542446389614417823e-01,1.825459193496660748e-01,8.547026039264307151e-01,-1.779548724764340193e+02,-4.288455958854427053e+01,7.716521102253873776e-01
4.037915515899658203e+01,2.495309216189033341e-01,1.858178158491415599e-01,8.510742789289352794e-01,-1.774313242475943468e+02,-4.191475094918516930e+01,4.131183752008018017e-01
4.039861083030700684e+01,2.445025186951942653e-01,1.882146823589274653e-01,8.471539627924006277e-01,-1.770191349406473194e+02,-4.079867840075548457e+01,-9.767229246833802891e-02
4.041148447990417480e+01,2.389933242963184767e-01,1.904777144581775716e-01,8.428189071242121466e-01,-1.768369806434580767e+02,-3.933420236823418747e+01,-4.487876672973538650e-01
4.043550324440002441e+01,2.356107706956339087e-01,1.920136961522400931e-01,8.400325303183343584e-01,-1.768858558677288499e+02,-3.842274443536430795e+01,-4.512229455354170304e-01
4.044993090629577637e+01,2.306670293498895852e-01,1.941852436485947409e-01,8.361873679023008599e-01,-1.771328531819059435e+02,-3.726728587053435149e+01,-3.133122781141366997e-01
4.047030282020568848e+01,2.259960404653819643e-01,1.964596995843267135e-01,8.329013154782345385e-01,-1.772932148171401820e+02,-3.629106036285421766e+01,-2.514666281935993841e-01
4.049166584014892578e+01,2.210787440604111143e-01,1.993258017254330994e-01,8.296335230100170266e-01,-1.772216077248901911e+02,-3.529638725664112542e+01,-2.633706482128719273e-01
4.051351141929626465e+01,2.160330322218942389e-01,2.019002805019750324e-01,8.266198201824195291e-01,-1.771718096455673503e+02,-3.425687648233235905e+01,-2.437888320449632940e-01
4.053207731246948242e+01,2.107505438659118546e-01,2.043398122046785892e-01,8.236971637468351037e-01,-1.770036368578924453e+02,-3.312434258147467858e+01,-2.167584374711407635e-01
4.055410051345825195e+01,2.046738257805978956e-01,2.072167095505081658e-01,8.204878491002148833e-01,-1.769005078287258925e+02,-3.163915615681049331e+01,-6.713294578475607899e-02
4.057082295417785645e+01,1.991719757115664735e-01,2.094925164701882669e-01,8.176812251258137598e-01,-1.770687061490752683e+02,-3.023197890460579984e+01,2.153064009232256715e-01
4.059020137786865234e+01,1.949429621745720764e-01,2.116224274221112367e-01,8.157379123997967607e-01,-1.771512704971033259e+02,-2.931317970920682114e+01,2.508048252195043126e-01
4.060158801078796387e+01,1.917288140635752813e-01,2.135040722390775525e-01,8.143769684048457469e-01,-1.770833324570433263e+02,-2.876354961874651295e+01,1.800572206983079571e-01
4.062192201614379883e+01,1.892411594244620687e-01,2.146666834231013010e-01,8.134124872505955617e-01,-1.770923089386389506e+02,-2.836349916324578757e+01,5.450050205026561040e-02
4.063934564590454102e+01,1.858133516266508023e-01,2.162610973888281218e-01,8.120248379052930066e-01,-1.771264243333024240e+02,-2.776231346139962142e+01,-1.337393779610047406e-01
4.065832591056823730e+01,1.816961955167360476e-01,2.181491614897905773e-01,8.103975149359760044e-01,-1.771244645287322612e+02,-2.695440711345280249e+01,-4.403282638290691442e-01
4.067895483970642090e+01,1.767193451841309881e-01,2.203167267501090487e-01,8.084899750523680817e-01,-1.771280568743727031e+02,-2.581531415101102311e+01,-4.601997952605186848e-01
4.070237135887145996e+01,1.709841448541147835e-01,2.225926222657735043e-01,8.063404871592017020e-01,-1.772771700706979630e+02,-2.435888793464302893e+01,-1.484878053047795077e-01
4.071757078170776367e+01,1.658572520899098124e-01,2.252355790057049001e-01,8.045167821308610856e-01,-1.771602787415362457e+02,-2.316553640986361273e+01,5.721495943390837030e-02
4.074194478988647461e+01,1.617754499082900976e-01,2.275970632047741860e-01,8.031230473358180744e-01,-1.770036078767711842e+02,-2.237679027724186653e+01,7.101794546053319390e-02
4.075706648826599121e+01,1.574576849971098813e-01,2.298578839217497172e-01,8.017298514698742995e-01,-1.768832939563170328e+02,-2.162004656874468367e+01,-1.154041045626307514e-02
4.077128458023071289e+01,1.525581859212809532e-01,2.324121866896094457e-01,8.002359833016157165e-01,-1.767858818194207799e+02,-2.069539674911212401e+01,-4.587967426157480051e-03
4.079003405570983887e+01,1.493716736293981273e-01,2.339149277513118685e-01,7.993908332709469544e-01,-1.767698226994467632e+02,-2.003692485661928657e+01,5.091252731315710350e-02
4.081071305274963379e+01,1.437790746571868394e-01,2.360782973669926232e-01,7.978264816346150035e-01,-1.768070868682377181e+02,-1.873222956288229213e+01,2.288984961802839890e-01
4.083313131332397461e+01,1.385672387427224761e-01,2.381095410689892944e-01,7.965075805971650880e-01,-1.768903825285548237e+02,-1.752376582537182870e+01,3.823422266554274418e-01
4.085098934173583984e+01,1.337591226870522565e-01,2.398728900029321875e-01,7.953976249644465479e-01,-1.769451498345632956e+02,-1.661297503239102724e+01,1.710784545647554000e-01
4.088026165962219238e+01,1.264262186793209120e-01,2.426829453395723535e-01,7.937735063805401170e-01,-1.769527939139898081e+02,-1.538869508545159626e+01,-5.775354417943253660e-01
4.089231753349304199e+01,1.249078921078928262e-01,2.432236247082009417e-01,7.936019537000398305e-01,-1.770051769804017567e+02,-1.510571936958922734e+01,-6.767505918038324575e-01
4.091234374046325684e+01,1.202225273813644912e-01,2.449463759363953996e-01,7.927171420276007963e-01,-1.771031148540600952e+02,-1.421155230495828548e+01,-6.590623999226307150e-01
4.094218897819519043e+01,1.152020348848913078e-01,2.467677171079230292e-01,7.918238827915389244e-01,-1.772255431057774331e+02,-1.315359605313560998e+01,-2.933209413797148724e-01
4.096482181549072266e+01,1.070579117177721806e-01,2.499493364253189964e-01,7.906663208108168917e-01,-1.771416462137019607e+02,-1.128108315526663219e+01,-1.034221966066880133e-01
4.098467540740966797e+01,1.014209429870564227e-01,2.523838177973035113e-01,7.899249589574796060e-01,-1.770038657654739609e+02,-1.006878896556905012e+01,4.731672294084761018e-03
4.100494265556335449e+01,9.861970057953078905e-02,2.541704952000130024e-01,7.895259746859514260e-01,-1.768304095856496758e+02,-9.628597882175309763e+00,1.978927199934750730e-03
4.102164244651794434e+01,9.577703564726824936e-02,2.557936088266873909e-01,7.887824607111040276e-01,-1.765885195046510034e+02,-9.297704405901255242e+00,-1.314342507259377152e-02
4.104274821281433105e+01,9.443880947504437740e-02,2.565462132340237678e-01,7.883109001719026399e-01,-1.764862315078979407e+02,-9.144208251586521286e+00,-2.210745537834325064e-02
4.105910825729370117e+01,9.271057617608527424e-02,2.572574825949416888e-01,7.876925649028871934e-01,-1.763948597092930584e+02,-8.893447575388394810e+00,-4.595082097443099062e-02
4.108264040946960449e+01,9.078393741724204158e-02,2.578147035524488428e-01,7.868679339307667053e-01,-1.763439034005315875e+02,-8.579667712888369380e+00,2.385643612936617485e-03
4.110539817810058594e+01,9.035204420633131950e-02,2.581033373836640887e-01,7.865175271921669431e-01,-1.763156711309845832e+02,-8.519572424578040426e+00,2.458306049425719453e-02
4.112199521064758301e+01,9.027637465232667136e-02,2.582146061621927169e-01,7.864431343878419689e-01,-1.763010052394555487e+02,-8.504793352307784104e+00,2.978132830170578116e-02
4.114215421676635742e+01,9.010178127430835959e-02,2.583325038170558585e-01,7.862697223049852635e-01,-1.762879052479283644e+02,-8.475225401924689095e+00,5.759058596186537871e-02
4.116483879089355469e+01,9.040657853460266902e-02,2.584439761764448229e-01,7.862607013728898364e-01,-1.762726189539719712e+02,-8.548227546394087994e+00,5.846513611680415751e-02
4.117963814735412598e+01,9.098699113609454159e-02,2.587020502214125717e-01,7.864063100637100900e-01,-1.762305670088902332e+02,-8.674700231376808901e+00,5.935898413496527165e-02
4.119706201553344727e+01,9.122397612302811376e-02,2.587614164366098812e-01,7.863843561036291119e-01,-1.762298958166437330e+02,-8.724823759196246087e+00,4.708470847592608616e-02
4.121724891662597656e+01,9.130744306949589717e-02,2.587089313619525544e-01,7.863873814616300084e-01,-1.762319926598528070e+02,-8.725798960845732921e+00,8.052785979821168449e-02
4.123742079734802246e+01,9.139951753667653611e-02,2.587614165652770692e-01,7.864193847049063546e-01,-1.762299140916184683e+02,-8.746803300523049884e+00,4.708756479009102575e-02
4.125755167007446289e+01,9.133065723538610903e-02,2.588134727468111018e-01,7.864122921329959048e-01,-1.762157244785577461e+02,-8.725819166795623971e+00,6.307530683049880627e-02
4.127806210517883301e+01,9.127976001935010630e-02,2.586158077426387036e-01,7.863769462815584088e-01,-1.762618587301623165e+02,-8.716616156519094716e+00,8.183108978634290320e-02
4.129578232765197754e+01,9.107937572743585175e-02,2.589248340380812530e-01,7.863029202419432595e-01,-1.762010304990775751e+02,-8.689068805658779482e+00,6.824596584955881784e-02
4.131880402565002441e+01,9.102784250188560022e-02,2.587792412183283486e-01,7.862709320285340420e-01,-1.762327336673101570e+02,-8.680808272413354842e+00,1.015228768012473443e-01
4.133567500114440918e+01,9.092780031142033703e-02,2.591475839213978061e-01,7.861543239518060666e-01,-1.761716891796441473e+02,-8.659531085606062106e+00,7.860572821911113173e-02
4.135767650604248047e+01,9.110342999021274479e-02,2.591475840496477168e-01,7.861892389523812419e-01,-1.761717196835183472e+02,-8.681510613668947940e+00,7.861040748109007770e-02
4.137480378150939941e+01,9.110402020031647952e-02,2.590954736945481063e-01,7.861857983654857440e-01,-1.761861428414481452e+02,-8.680551735794169943e+00,6.408726529291663976e-02
4.139458179473876953e+01,9.110342999021274479e-02,2.591475840496477168e-01,7.861892389523812419e-01,-1.761717196835183472e+02,-8.681510613668947940e+00,7.861040748109007770e-02
4.141516923904418945e+01,9.110342999021274479e-02,2.591475840496477168e-01,7.861892389523812419e-01,-1.761717196835183472e+02,-8.681510613668947940e+00,7.861040748109007770e-02
4.143430185317993164e+01,9.110342999021274479e-02,2.591475840496477168e-01,7.861892389523812419e-01,-1.761717196835183472e+02,-8.681510613668947940e+00,7.861040748109007770e-02
4.145439434051513672e+01,9.108012845990474948e-02,2.590429206141921514e-01,7.861642345309555191e-01,-1.761879859327604549e+02,-8.681486049626739643e+00,9.605023241141236179e-02
4.146990394592285156e+01,9.096781711817455984e-02,2.591066905305204893e-01,7.861576566124535148e-01,-1.761869016558237888e+02,-8.673235554311823137e+00,9.296223267736204721e-02
4.149149179458618164e+01,9.104494383724916207e-02,2.590612624120777752e-01,7.860898598309900009e-01,-1.762029597200481135e+02,-8.679467523564895259e+00,1.010718227163807104e-01
4.151005196571350098e+01,9.102821650383682850e-02,2.592068630729882361e-01,7.861115293927556369e-01,-1.761714768545614902e+02,-8.665781165357914873e+00,6.927369360280312416e-02
4.152387714385986328e+01,9.089753275348479156e-02,2.591022605042505034e-01,7.860620276818849339e-01,-1.761874863342929132e+02,-8.665710608874013232e+00,8.522560822816069304e-02
4.154713034629821777e+01,9.102762045500659149e-02,2.592589724802369378e-01,7.861149833031110257e-01,-1.761570498723816627e+02,-8.666743718577743394e+00,8.379601593716708152e-02
4.156292653083801270e+01,9.099995031008871471e-02,2.591658553448455971e-01,7.861044564375122556e-01,-1.761869164136248287e+02,-8.657562607014106959e+00,8.511118911910685314e-02
4.158291983604431152e+01,9.100489947562975801e-02,2.591021581536106511e-01,7.860865083407310161e-01,-1.761877424264811509e+02,-8.665759222269345585e+00,8.670900233552196468e-02
4.159822702407836914e+01,9.102762045500659149e-02,2.592589724802369378e-01,7.861149833031110257e-01,-1.761570498723816627e+02,-8.666743718577743394e+00,8.379601593716708152e-02
4.161712670326232910e+01,9.102821650383682850e-02,2.592068630729882361e-01,7.861115293927556369e-01,-1.761714768545614902e+02,-8.665781165357914873e+00,6.927369360280312416e-02
4.164301276206970215e+01,9.085255702007187517e-02,2.592068629448443517e-01,7.860766432509561641e-01,-1.761714499748157436e+02,-8.643801632672982294e+00,6.926956798133755699e-02
4.166339731216430664e+01,9.102821650383682850e-02,2.592068630729882361e-01,7.861115293927556369e-01,-1.761714768545614902e+02,-8.665781165357914873e+00,6.927369360280312416e-02
4.167889642715454102e+01,9.100428979851833688e-02,2.591542683704706751e-01,7.860899476266136610e-01,-1.761733154797141481e+02,-8.666717699805937869e+00,1.012315995715013101e-01
4.169717073440551758e+01,9.099995031008871471e-02,2.591658553448455971e-01,7.861044564375122556e-01,-1.761869164136248287e+02,-8.657562607014106959e+00,8.511118911910685314e-02
4.171228075027465820e+01,9.097602253447380216e-02,2.591132520379010873e-01,7.860828723753358060e-01,-1.761887526069690466e+02,-8.658490828624278990e+00,1.170666765036363910e-01
4.173628044128417969e+01,9.099934246518995296e-02,2.592179655290750562e-01,7.861078965420034148e-01,-1.761724873632566926e+02,-8.658521291790890473e+00,9.963345585744605437e-02
4.175718498229980469e+01,9.102821650383682850e-02,2.592068630729882361e-01,7.861115293927556369e-01,-1.761714768545614902e+02,-8.665781165357914873e+00,6.927369360280312416e-02
4.177475404739379883e+01,9.099934246518995296e-02,2.592179655290750562e-01,7.861078965420034148e-01,-1.761724873632566926e+02,-8.658521291790890473e+00,9.963345585744605437e-02
4.179417753219604492e+01,9.082862203734015649e-02,2.591542682423603750e-01,7.860550706650568653e-01,-1.761732761994906014e+02,-8.644738185361406480e+00,1.012256072812733471e-01
4.181278586387634277e+01,9.097602253447380216e-02,2.591132520379010873e-01,7.860828723753358060e-01,-1.761887526069690466e+02,-8.658490828624278990e+00,1.170666765036363910e-01
4.183570051193237305e+01,9.100428979851833688e-02,2.591542683704706751e-01,7.860899476266136610e-01,-1.761733154797141481e+02,-8.666717699805937869e+00,1.012315995715013101e-01
4.185368800163269043e+01,9.102762045500659149e-02,2.592589724802369378e-01,7.861149833031110257e-01,-1.761570498723816627e+02,-8.666743718577743394e+00,8.379601593716708152e-02
4.187306118011474609e+01,9.102762045500659149e-02,2.592589724802369378e-01,7.861149833031110257e-01,-1.761570498723816627e+02,-8.666743718577743394e+00,8.379601593716708152e-02
4.189868283271789551e+01,9.099995031008871471e-02,2.591658553448455971e-01,7.861044564375122556e-01,-1.761869164136248287e+02,-8.657562607014106959e+00,8.511118911910685314e-02
4.191251945495605469e+01,9.099995031008871471e-02,2.591658553448455971e-01,7.861044564375122556e-01,-1.761869164136248287e+02,-8.657562607014106959e+00,8.511118911910685314e-02
4.193330430984497070e+01,9.100489947562975801e-02,2.591021581536106511e-01,7.860865083407310161e-01,-1.761877424264811509e+02,-8.665759222269345585e+00,8.670900233552196468e-02
4.195246767997741699e+01,9.102762045500659149e-02,2.592589724802369378e-01,7.861149833031110257e-01,-1.761570498723816627e+02,-8.666743718577743394e+00,8.379601593716708152e-02
4.197084617614746094e+01,9.100489947562975801e-02,2.591021581536106511e-01,7.860865083407310161e-01,-1.761877424264811509e+02,-8.665759222269345585e+00,8.670900233552196468e-02
4.199031114578247070e+01,9.102821650383682850e-02,2.592068630729882361e-01,7.861115293927556369e-01,-1.761714768545614902e+02,-8.665781165357914873e+00,6.927369360280312416e-02
4.201007580757141113e+01,9.100489947562975801e-02,2.591021581536106511e-01,7.860865083407310161e-01,-1.761877424264811509e+02,-8.665759222269345585e+00,8.670900233552196468e-02
4.202921605110168457e+01,9.097664400785608618e-02,2.590611410510199608e-01,7.860794468955345504e-01,-1.762031816232718597e+02,-8.657536219513104925e+00,1.025441361573433269e-01
4.204479718208312988e+01,9.102821650383682850e-02,2.592068630729882361e-01,7.861115293927556369e-01,-1.761714768545614902e+02,-8.665781165357914873e+00,6.927369360280312416e-02
4.206601095199584961e+01,9.109651489312647898e-02,2.592069447646380698e-01,7.861219521560813828e-01,-1.761712528850116257e+02,-8.687711660623648413e+00,6.778907142899560923e-02
4.208490133285522461e+01,9.102821650383682850e-02,2.592068630729882361e-01,7.861115293927556369e-01,-1.761714768545614902e+02,-8.665781165357914873e+00,6.927369360280312416e-02
4.210562062263488770e+01,9.099995031008871471e-02,2.591658553448455971e-01,7.861044564375122556e-01,-1.761869164136248287e+02,-8.657562607014106959e+00,8.511118911910685314e-02
4.212187147140502930e+01,9.102821650383682850e-02,2.592068630729882361e-01,7.861115293927556369e-01,-1.761714768545614902e+02,-8.665781165357914873e+00,6.927369360280312416e-02
4.213863992691040039e+01,9.102821650383682850e-02,2.592068630729882361e-01,7.861115293927556369e-01,-1.761714768545614902e+02,-8.665781165357914873e+00,6.927369360280312416e-02
4.215756440162658691e+01,9.099995031008871471e-02,2.591658553448455971e-01,7.861044564375122556e-01,-1.761869164136248287e+02,-8.657562607014106959e+00,8.511118911910685314e-02
4.217641782760620117e+01,9.102762045500659149e-02,2.592589724802369378e-01,7.861149833031110257e-01,-1.761570498723816627e+02,-8.666743718577743394e+00,8.379601593716708152e-02
4.219587540626525879e+01,9.082923039496998419e-02,2.591021580254995182e-01,7.860516311455456595e-01,-1.761877087814474407e+02,-8.643779698688252466e+00,8.670385868075225488e-02
4.221358203887939453e+01,9.102821650383682850e-02,2.592068630729882361e-01,7.861115293927556369e-01,-1.761714768545614902e+02,-8.665781165357914873e+00,6.927369360280312416e-02
4.223157882690429688e+01,9.102762045500659149e-02,2.592589724802369378e-01,7.861149833031110257e-01,-1.761570498723816627e+02,-8.666743718577743394e+00,8.379601593716708152e-02
4.225193619728088379e+01,9.082428811505066646e-02,2.591658552167414586e-01,7.860695811395828070e-01,-1.761868833892961277e+02,-8.635583082514001418e+00,8.510614353893461437e-02
4.227193284034729004e+01,9.102821650383682850e-02,2.592068630729882361e-01,7.861115293927556369e-01,-1.761714768545614902e+02,-8.665781165357914873e+00,6.927369360280312416e-02
4.228936433792114258e+01,9.097664400785608618e-02,2.590611410510199608e-01,7.860794468955345504e-01,-1.762031816232718597e+02,-8.657536219513104925e+00,1.025441361573433269e-01
4.231008505821228027e+01,9.097664400785608618e-02,2.590611410510199608e-01,7.860794468955345504e-01,-1.762031816232718597e+02,-8.657536219513104925e+00,1.025441361573433269e-01
4.232926058769226074e+01,9.085196229633241138e-02,2.592589723520938860e-01,7.860800973897109634e-01,-1.761570173575666729e+02,-8.644764193334001590e+00,8.379104180586761930e-02
4.235159873962402344e+01,9.099995031008871471e-02,2.591658553448455971e-01,7.861044564375122556e-01,-1.761869164136248287e+02,-8.657562607014106959e+00,8.511118911910685314e-02
4.237135696411132812e+01,9.102762045500659149e-02,2.592589724802369378e-01,7.861149833031110257e-01,-1.761570498723816627e+02,-8.666743718577743394e+00,8.379601593716708152e-02
4.239003753662109375e+01,9.091927257774992666e-02,2.591057082451610483e-01,7.860701338757241086e-01,-1.761819979737887252e+02,-8.649972699042882240e+00,5.967681003211593171e-02
4.241543102264404297e+01,9.099995031008871471e-02,2.591658553448455971e-01,7.861044564375122556e-01,-1.761869164136248287e+02,-8.657562607014106959e+00,8.511118911910685314e-02
4.242828035354614258e+01,9.085196229633241138e-02,2.592589723520938860e-01,7.860800973897109634e-01,-1.761570173575666729e+02,-8.644764193334001590e+00,8.379104180586761930e-02
4.244767045974731445e+01,9.102821650383682850e-02,2.592068630729882361e-01,7.861115293927556369e-01,-1.761714768545614902e+02,-8.665781165357914873e+00,6.927369360280312416e-02
4.246858501434326172e+01,9.100489947562975801e-02,2.591021581536106511e-01,7.860865083407310161e-01,-1.761877424264811509e+02,-8.665759222269345585e+00,8.670900233552196468e-02
4.248286175727844238e+01,9.102821650383682850e-02,2.592068630729882361e-01,7.861115293927556369e-01,-1.761714768545614902e+02,-8.665781165357914873e+00,6.927369360280312416e-02
4.250876069068908691e+01,9.100428979851833688e-02,2.591542683704706751e-01,7.860899476266136610e-01,-1.761733154797141481e+02,-8.666717699805937869e+00,1.012315995715013101e-01
4.251902627944946289e+01,9.102821650383682850e-02,2.592068630729882361e-01,7.861115293927556369e-01,-1.761714768545614902e+02,-8.665781165357914873e+00,6.927369360280312416e-02
4.254101872444152832e+01,9.085196229633241138e-02,2.592589723520938860e-01,7.860800973897109634e-01,-1.761570173575666729e+02,-8.644764193334001590e+00,8.379104180586761930e-02
4.255780768394470215e+01,9.100428979851833688e-02,2.591542683704706751e-01,7.860899476266136610e-01,-1.761733154797141481e+02,-8.666717699805937869e+00,1.012315995715013101e-01
4.257708430290222168e+01,9.102821650383682850e-02,2.592068630729882361e-01,7.861115293927556369e-01,-1.761714768545614902e+02,-8.665781165357914873e+00,6.927369360280312416e-02
4.259707093238830566e+01,9.100489947562975801e-02,2.591021581536106511e-01,7.860865083407310161e-01,-1.761877424264811509e+02,-8.665759222269345585e+00,8.670900233552196468e-02
4.261870837211608887e+01,9.102821650383682850e-02,2.592068630729882361e-01,7.861115293927556369e-01,-1.761714768545614902e+02,-8.665781165357914873e+00,6.927369360280312416e-02
4.263675022125244141e+01,9.102821650383682850e-02,2.592068630729882361e-01,7.861115293927556369e-01,-1.761714768545614902e+02,-8.665781165357914873e+00,6.927369360280312416e-02
4.265477895736694336e+01,9.100489947562975801e-02,2.591021581536106511e-01,7.860865083407310161e-01,-1.761877424264811509e+02,-8.665759222269345585e+00,8.670900233552196468e-02
4.266862082481384277e+01,9.102821650383682850e-02,2.592068630729882361e-01,7.861115293927556369e-01,-1.761714768545614902e+02,-8.665781165357914873e+00,6.927369360280312416e-02
4.268918752670288086e+01,9.102821650383682850e-02,2.592068630729882361e-01,7.861115293927556369e-01,-1.761714768545614902e+02,-8.665781165357914873e+00,6.927369360280312416e-02
4.271040534973144531e+01,9.082923039496998419e-02,2.591021580254995182e-01,7.860516311455456595e-01,-1.761877087814474407e+02,-8.643779698688252466e+00,8.670385868075225488e-02
4.272826313972473145e+01,9.100489947562975801e-02,2.591021581536106511e-01,7.860865083407310161e-01,-1.761877424264811509e+02,-8.665759222269345585e+00,8.670900233552196468e-02
4.274206137657165527e+01,9.085255702007187517e-02,2.592068629448443517e-01,7.860766432509561641e-01,-1.761714499748157436e+02,-8.643801632672982294e+00,6.926956798133755699e-02
4.276148462295532227e+01,9.102821650383682850e-02,2.592068630729882361e-01,7.861115293927556369e-01,-1.761714768545614902e+02,-8.665781165357914873e+00,6.927369360280312416e-02
4.278173041343688965e+01,9.102821650383682850e-02,2.592068630729882361e-01,7.861115293927556369e-01,-1.761714768545614902e+02,-8.665781165357914873e+00,6.927369360280312416e-02
4.280250978469848633e+01,9.102821650383682850e-02,2.592068630729882361e-01,7.861115293927556369e-01,-1.761714768545614902e+02,-8.665781165357914873e+00,6.927369360280312416e-02
4.281751251220703125e+01,9.097664400785608618e-02,2.590611410510199608e-01,7.860794468955345504e-01,-1.762031816232718597e+02,-8.657536219513104925e+00,1.025441361573433269e-01
4.283855414390563965e+01,9.085255702007187517e-02,2.592068629448443517e-01,7.860766432509561641e-01,-1.761714499748157436e+02,-8.643801632672982294e+00,6.926956798133755699e-02
4.286115121841430664e+01,9.102821650383682850e-02,2.592068630729882361e-01,7.861115293927556369e-01,-1.761714768545614902e+02,-8.665781165357914873e+00,6.927369360280312416e-02
4.288027954101562500e+01,9.097664400785608618e-02,2.590611410510199608e-01,7.860794468955345504e-01,-1.762031816232718597e+02,-8.657536219513104925e+00,1.025441361573433269e-01
4.290314555168151855e+01,9.102821650383682850e-02,2.592068630729882361e-01,7.861115293927556369e-01,-1.761714768545614902e+02,-8.665781165357914873e+00,6.927369360280312416e-02
4.291979575157165527e+01,9.099995031008871471e-02,2.591658553448455971e-01,7.861044564375122556e-01,-1.761869164136248287e+02,-8.657562607014106959e+00,8.511118911910685314e-02
4.293966817855834961e+01,9.085255702007187517e-02,2.592068629448443517e-01,7.860766432509561641e-01,-1.761714499748157436e+02,-8.643801632672982294e+00,6.926956798133755699e-02
4.295865750312805176e+01,9.102821650383682850e-02,2.592068630729882361e-01,7.861115293927556369e-01,-1.761714768545614902e+02,-8.665781165357914873e+00,6.927369360280312416e-02
4.297770857810974121e+01,9.097664400785608618e-02,2.590611410510199608e-01,7.860794468955345504e-01,-1.762031816232718597e+02,-8.657536219513104925e+00,1.025441361573433269e-01
4.299591422080993652e+01,9.102821650383682850e-02,2.592068630729882361e-01,7.861115293927556369e-01,-1.761714768545614902e+02,-8.665781165357914873e+00,6.927369360280312416e-02
4.301758503913879395e+01,9.102821650383682850e-02,2.592068630729882361e-01,7.861115293927556369e-01,-1.761714768545614902e+02,-8.665781165357914873e+00,6.927369360280312416e-02
4.303558754920959473e+01,9.102821650383682850e-02,2.592068630729882361e-01,7.861115293927556369e-01,-1.761714768545614902e+02,-8.665781165357914873e+00,6.927369360280312416e-02
4.305851006507873535e+01,9.100489947562975801e-02,2.591021581536106511e-01,7.860865083407310161e-01,-1.761877424264811509e+02,-8.665759222269345585e+00,8.670900233552196468e-02
4.307621598243713379e+01,9.102821650383682850e-02,2.592068630729882361e-01,7.861115293927556369e-01,-1.761714768545614902e+02,-8.665781165357914873e+00,6.927369360280312416e-02
4.309519863128662109e+01,9.099934246518995296e-02,2.592179655290750562e-01,7.861078965420034148e-01,-1.761724873632566926e+02,-8.658521291790890473e+00,9.963345585744605437e-02
4.311670136451721191e+01,9.102821650383682850e-02,2.592068630729882361e-01,7.861115293927556369e-01,-1.761714768545614902e+02,-8.665781165357914873e+00,6.927369360280312416e-02
4.313627266883850098e+01,9.100428979851833688e-02,2.591542683704706751e-01,7.860899476266136610e-01,-1.761733154797141481e+02,-8.666717699805937869e+00,1.012315995715013101e-01
4.315687108039855957e+01,9.097664400785608618e-02,2.590611410510199608e-01,7.860794468955345504e-01,-1.762031816232718597e+02,-8.657536219513104925e+00,1.025441361573433269e-01
4.317422556877136230e+01,9.102821650383682850e-02,2.592068630729882361e-01,7.861115293927556369e-01,-1.761714768545614902e+02,-8.665781165357914873e+00,6.927369360280312416e-02
4.318963932991027832e+01,9.102821650383682850e-02,2.592068630729882361e-01,7.861115293927556369e-01,-1.761714768545614902e+02,-8.665781165357914873e+00,6.927369360280312416e-02
4.321181869506835938e+01,9.102821650383682850e-02,2.592068630729882361e-01,7.861115293927556369e-01,-1.761714768545614902e+02,-8.665781165357914873e+00,6.927369360280312416e-02
4.323077416419982910e+01,9.100489947562975801e-02,2.591021581536106511e-01,7.860865083407310161e-01,-1.761877424264811509e+02,-8.665759222269345585e+00,8.670900233552196468e-02
4.324963736534118652e+01,9.082428811505066646e-02,2.591658552167414586e-01,7.860695811395828070e-01,-1.761868833892961277e+02,-8.635583082514001418e+00,8.510614353893461437e-02
4.326654243469238281e+01,9.085255702007187517e-02,2.592068629448443517e-01,7.860766432509561641e-01,-1.761714499748157436e+02,-8.643801632672982294e+00,6.926956798133755699e-02
4.328537487983703613e+01,9.100489947562975801e-02,2.591021581536106511e-01,7.860865083407310161e-01,-1.761877424264811509e+02,-8.665759222269345585e+00,8.670900233552196468e-02
4.330645298957824707e+01,9.100489947562975801e-02,2.591021581536106511e-01,7.860865083407310161e-01,-1.761877424264811509e+02,-8.665759222269345585e+00,8.670900233552196468e-02
4.332980704307556152e+01,9.100489947562975801e-02,2.591021581536106511e-01,7.860865083407310161e-01,-1.761877424264811509e+02,-8.665759222269345585e+00,8.670900233552196468e-02
4.335191679000854492e+01,9.080097222033785276e-02,2.590611409229486295e-01,7.860445805401038433e-01,-1.762031418347226861e+02,-8.635556705963887580e+00,1.025380736690951200e-01
4.338200521469116211e+01,9.102821650383682850e-02,2.592068630729882361e-01,7.861115293927556369e-01,-1.761714768545614902e+02,-8.665781165357914873e+00,6.927369360280312416e-02
4.340107417106628418e+01,9.097664400785608618e-02,2.590611410510199608e-01,7.860794468955345504e-01,-1.762031816232718597e+02,-8.657536219513104925e+00,1.025441361573433269e-01
4.342330074310302734e+01,9.102821650383682850e-02,2.592068630729882361e-01,7.861115293927556369e-01,-1.761714768545614902e+02,-8.665781165357914873e+00,6.927369360280312416e-02
4.344189667701721191e+01,9.082923039496998419e-02,2.591021580254995182e-01,7.860516311455456595e-01,-1.761877087814474407e+02,-8.643779698688252466e+00,8.670385868075225488e-02
4.346706795692443848e+01,9.102821650383682850e-02,2.592068630729882361e-01,7.861115293927556369e-01,-1.761714768545614902e+02,-8.665781165357914873e+00,6.927369360280312416e-02
4.348160552978515625e+01,9.102821650383682850e-02,2.592068630729882361e-01,7.861115293927556369e-01,-1.761714768545614902e+02,-8.665781165357914873e+00,6.927369360280312416e-02
4.350123453140258789e+01,9.102821650383682850e-02,2.592068630729882361e-01,7.861115293927556369e-01,-1.761714768545614902e+02,-8.665781165357914873e+00,6.927369360280312416e-02
4.352824282646179199e+01,9.097664400785608618e-02,2.590611410510199608e-01,7.860794468955345504e-01,-1.762031816232718597e+02,-8.657536219513104925e+00,1.025441361573433269e-01
4.354049754142761230e+01,9.092903310532833572e-02,2.592135158351047686e-01,7.860122558325631781e-01,-1.761730750223632356e+02,-8.650988508763195028e+00,9.189480963180371442e-02
4.356162977218627930e+01,9.099995031008871471e-02,2.591658553448455971e-01,7.861044564375122556e-01,-1.761869164136248287e+02,-8.657562607014106959e+00,8.511118911910685314e-02
4.357891106605529785e+01,9.099995031008871471e-02,2.591658553448455971e-01,7.861044564375122556e-01,-1.761869164136248287e+02,-8.657562607014106959e+00,8.511118911910685314e-02
4.359756112098693848e+01,9.100489947562975801e-02,2.591021581536106511e-01,7.860865083407310161e-01,-1.761877424264811509e+02,-8.665759222269345585e+00,8.670900233552196468e-02
4.361914587020874023e+01,9.095177737831570963e-02,2.593703698816625103e-01,7.860407753775263684e-01,-1.761423792852018835e+02,-8.651978136524144603e+00,8.898524507879088108e-02
4.363810420036315918e+01,9.090078110722620008e-02,2.591724968710786836e-01,7.860051913180173822e-01,-1.761885104106046924e+02,-8.642769514270934650e+00,1.077314512137514113e-01
4.365776634216308594e+01,9.085255702007187517e-02,2.592068629448443517e-01,7.860766432509561641e-01,-1.761714499748157436e+02,-8.643801632672982294e+00,6.926956798133755699e-02
4.367164683341979980e+01,9.075333554599589181e-02,2.592135157071005502e-01,7.859774077463557163e-01,-1.761730393665171448e+02,-8.629008988282540926e+00,9.188937247660135255e-02
4.369578576087951660e+01,9.099934246518995296e-02,2.592179655290750562e-01,7.861078965420034148e-01,-1.761724873632566926e+02,-8.658521291790890473e+00,9.963345585744605437e-02
4.371555924415588379e+01,9.092411653774767899e-02,2.592772518367619794e-01,7.860302321173292528e-01,-1.761722458411321668e+02,-8.642797358170357214e+00,9.030274448274544508e-02
4.373507595062255859e+01,9.090078110722620008e-02,2.591724968710786836e-01,7.860051913180173822e-01,-1.761885104106046924e+02,-8.642769514270934650e+00,1.077314512137514113e-01
4.376249432563781738e+01,9.092411653774767899e-02,2.592772518367619794e-01,7.860302321173292528e-01,-1.761722458411321668e+02,-8.642797358170357214e+00,9.030274448274544508e-02
4.377081990242004395e+01,9.090078110722620008e-02,2.591724968710786836e-01,7.860051913180173822e-01,-1.761885104106046924e+02,-8.642769514270934650e+00,1.077314512137514113e-01
4.379488182067871094e+01,9.092411653774767899e-02,2.592772518367619794e-01,7.860302321173292528e-01,-1.761722458411321668e+02,-8.642797358170357214e+00,9.030274448274544508e-02
4.381873297691345215e+01,9.095237926231103387e-02,2.593182614263859764e-01,7.860373081424446573e-01,-1.761568100910130283e+02,-8.651011907827832914e+00,7.446374248329472312e-02
4.384762549400329590e+01,9.095237926231103387e-02,2.593182614263859764e-01,7.860373081424446573e-01,-1.761568100910130283e+02,-8.651011907827832914e+00,7.446374248329472312e-02
4.386744689941406250e+01,9.095177737831570963e-02,2.593703698816625103e-01,7.860407753775263684e-01,-1.761423792852018835e+02,-8.651978136524144603e+00,8.898524507879088108e-02
4.389303326606750488e+01,9.092411653774767899e-02,2.592772518367619794e-01,7.860302321173292528e-01,-1.761722458411321668e+02,-8.642797358170357214e+00,9.030274448274544508e-02
4.392151975631713867e+01,9.092411653774767899e-02,2.592772518367619794e-01,7.860302321173292528e-01,-1.761722458411321668e+02,-8.642797358170357214e+00,9.030274448274544508e-02
4.394503498077392578e+01,9.092903310532833572e-02,2.592135158351047686e-01,7.860122558325631781e-01,-1.761730750223632356e+02,-8.650988508763195028e+00,9.189480963180371442e-02
4.396289277076721191e+01,9.064440349409995379e-02,2.591123220796694993e-01,7.859360830595776282e-01,-1.761835616745975983e+02,-8.613202269325684668e+00,8.228555830499802159e-02
4.398207449913024902e+01,9.095237926231103387e-02,2.593182614263859764e-01,7.860373081424446573e-01,-1.761568100910130283e+02,-8.651011907827832914e+00,7.446374248329472312e-02
4.400331258773803711e+01,9.092411653774767899e-02,2.592772518367619794e-01,7.860302321173292528e-01,-1.761722458411321668e+02,-8.642797358170357214e+00,9.030274448274544508e-02
4.402692127227783203e+01,9.092411653774767899e-02,2.592772518367619794e-01,7.860302321173292528e-01,-1.761722458411321668e+02,-8.642797358170357214e+00,9.030274448274544508e-02
4.404690957069396973e+01,9.092411653774767899e-02,2.592772518367619794e-01,7.860302321173292528e-01,-1.761722458411321668e+02,-8.642797358170357214e+00,9.030274448274544508e-02
4.406607198715209961e+01,9.092903310532833572e-02,2.592135158351047686e-01,7.860122558325631781e-01,-1.761730750223632356e+02,-8.650988508763195028e+00,9.189480963180371442e-02
4.408665394783020020e+01,9.075333554599589181e-02,2.592135157071005502e-01,7.859774077463557163e-01,-1.761730393665171448e+02,-8.629008988282540926e+00,9.188937247660135255e-02
4.410677766799926758e+01,9.095177737831570963e-02,2.593703698816625103e-01,7.860407753775263684e-01,-1.761423792852018835e+02,-8.651978136524144603e+00,8.898524507879088108e-02
4.412691020965576172e+01,9.092411653774767899e-02,2.592772518367619794e-01,7.860302321173292528e-01,-1.761722458411321668e+02,-8.642797358170357214e+00,9.030274448274544508e-02
4.414991593360900879e+01,9.092903310532833572e-02,2.592135158351047686e-01,7.860122558325631781e-01,-1.761730750223632356e+02,-8.650988508763195028e+00,9.189480963180371442e-02
4.417897844314575195e+01,9.090078110722620008e-02,2.591724968710786836e-01,7.860051913180173822e-01,-1.761885104106046924e+02,-8.642769514270934650e+00,1.077314512137514113e-01
4.418966770172119141e+01,9.100489947562975801e-02,2.591021581536106511e-01,7.860865083407310161e-01,-1.761877424264811509e+02,-8.665759222269345585e+00,8.670900233552196468e-02
4.421553158760070801e+01,9.095237926231103387e-02,2.593182614263859764e-01,7.860373081424446573e-01,-1.761568100910130283e+02,-8.651011907827832914e+00,7.446374248329472312e-02
4.423725152015686035e+01,9.092411653774767899e-02,2.592772518367619794e-01,7.860302321173292528e-01,-1.761722458411321668e+02,-8.642797358170357214e+00,9.030274448274544508e-02
4.425653815269470215e+01,9.092411653774767899e-02,2.592772518367619794e-01,7.860302321173292528e-01,-1.761722458411321668e+02,-8.642797358170357214e+00,9.030274448274544508e-02
4.427644276618957520e+01,9.095237926231103387e-02,2.593182614263859764e-01,7.860373081424446573e-01,-1.761568100910130283e+02,-8.651011907827832914e+00,7.446374248329472312e-02
4.429612994194030762e+01,9.095237926231103387e-02,2.593182614263859764e-01,7.860373081424446573e-01,-1.761568100910130283e+02,-8.651011907827832914e+00,7.446374248329472312e-02
4.431483650207519531e+01,9.092411653774767899e-02,2.592772518367619794e-01,7.860302321173292528e-01,-1.761722458411321668e+02,-8.642797358170357214e+00,9.030274448274544508e-02
4.432921028137207031e+01,9.095237926231103387e-02,2.593182614263859764e-01,7.860373081424446573e-01,-1.761568100910130283e+02,-8.651011907827832914e+00,7.446374248329472312e-02
4.434790778160095215e+01,9.092903310532833572e-02,2.592135158351047686e-01,7.860122558325631781e-01,-1.761730750223632356e+02,-8.650988508763195028e+00,9.189480963180371442e-02
4.436735320091247559e+01,9.095237926231103387e-02,2.593182614263859764e-01,7.860373081424446573e-01,-1.761568100910130283e+02,-8.651011907827832914e+00,7.446374248329472312e-02
4.439361858367919922e+01,9.095237926231103387e-02,2.593182614263859764e-01,7.860373081424446573e-01,-1.761568100910130283e+02,-8.651011907827832914e+00,7.446374248329472312e-02
4.440705966949462891e+01,9.095237926231103387e-02,2.593182614263859764e-01,7.860373081424446573e-01,-1.761568100910130283e+02,-8.651011907827832914e+00,7.446374248329472312e-02
4.442743968963623047e+01,9.095237926231103387e-02,2.593182614263859764e-01,7.860373081424446573e-01,-1.761568100910130283e+02,-8.651011907827832914e+00,7.446374248329472312e-02
4.444666242599487305e+01,9.092903310532833572e-02,2.592135158351047686e-01,7.860122558325631781e-01,-1.761730750223632356e+02,-8.650988508763195028e+00,9.189480963180371442e-02
4.446594190597534180e+01,9.095237926231103387e-02,2.593182614263859764e-01,7.860373081424446573e-01,-1.761568100910130283e+02,-8.651011907827832914e+00,7.446374248329472312e-02
4.448868441581726074e+01,9.095237926231103387e-02,2.593182614263859764e-01,7.860373081424446573e-01,-1.761568100910130283e+02,-8.651011907827832914e+00,7.446374248329472312e-02
4.451006603240966797e+01,9.095177737831570963e-02,2.593703698816625103e-01,7.860407753775263684e-01,-1.761423792852018835e+02,-8.651978136524144603e+00,8.898524507879088108e-02
4.452696514129638672e+01,9.092411653774767899e-02,2.592772518367619794e-01,7.860302321173292528e-01,-1.761722458411321668e+02,-8.642797358170357214e+00,9.030274448274544508e-02
4.454672694206237793e+01,9.095237926231103387e-02,2.593182614263859764e-01,7.860373081424446573e-01,-1.761568100910130283e+02,-8.651011907827832914e+00,7.446374248329472312e-02
4.456641530990600586e+01,9.095237926231103387e-02,2.593182614263859764e-01,7.860373081424446573e-01,-1.761568100910130283e+02,-8.651011907827832914e+00,7.446374248329472312e-02
4.458582544326782227e+01,9.092411653774767899e-02,2.592772518367619794e-01,7.860302321173292528e-01,-1.761722458411321668e+02,-8.642797358170357214e+00,9.030274448274544508e-02
4.459935522079467773e+01,9.090078110722620008e-02,2.591724968710786836e-01,7.860051913180173822e-01,-1.761885104106046924e+02,-8.642769514270934650e+00,1.077314512137514113e-01
4.462031793594360352e+01,9.095237926231103387e-02,2.593182614263859764e-01,7.860373081424446573e-01,-1.761568100910130283e+02,-8.651011907827832914e+00,7.446374248329472312e-02
4.463529491424560547e+01,9.095237926231103387e-02,2.593182614263859764e-01,7.860373081424446573e-01,-1.761568100910130283e+02,-8.651011907827832914e+00,7.446374248329472312e-02
4.465764141082763672e+01,9.095237926231103387e-02,2.593182614263859764e-01,7.860373081424446573e-01,-1.761568100910130283e+02,-8.651011907827832914e+00,7.446374248329472312e-02
4.467515254020690918e+01,9.095237926231103387e-02,2.593182614263859764e-01,7.860373081424446573e-01,-1.761568100910130283e+02,-8.651011907827832914e+00,7.446374248329472312e-02
4.469307780265808105e+01,9.090078110722620008e-02,2.591724968710786836e-01,7.860051913180173822e-01,-1.761885104106046924e+02,-8.642769514270934650e+00,1.077314512137514113e-01
4.471127128601074219e+01,9.092903310532833572e-02,2.592135158351047686e-01,7.860122558325631781e-01,-1.761730750223632356e+02,-8.650988508763195028e+00,9.189480963180371442e-02
4.472829985618591309e+01,9.090078110722620008e-02,2.591724968710786836e-01,7.860051913180173822e-01,-1.761885104106046924e+02,-8.642769514270934650e+00,1.077314512137514113e-01
4.474849104881286621e+01,9.095237926231103387e-02,2.593182614263859764e-01,7.860373081424446573e-01,-1.761568100910130283e+02,-8.651011907827832914e+00,7.446374248329472312e-02
4.476650738716125488e+01,9.077669131186225093e-02,2.593182612983489510e-01,7.860024510984465751e-01,-1.761567811985431149e+02,-8.629032377640143636e+00,7.445932134847486894e-02
4.478810501098632812e+01,9.095237926231103387e-02,2.593182614263859764e-01,7.860373081424446573e-01,-1.761568100910130283e+02,-8.651011907827832914e+00,7.446374248329472312e-02
4.480612158775329590e+01,9.092411653774767899e-02,2.592772518367619794e-01,7.860302321173292528e-01,-1.761722458411321668e+02,-8.642797358170357214e+00,9.030274448274544508e-02
4.482564783096313477e+01,9.092411653774767899e-02,2.592772518367619794e-01,7.860302321173292528e-01,-1.761722458411321668e+02,-8.642797358170357214e+00,9.030274448274544508e-02
4.484587001800537109e+01,9.095177737831570963e-02,2.593703698816625103e-01,7.860407753775263684e-01,-1.761423792852018835e+02,-8.651978136524144603e+00,8.898524507879088108e-02
4.486504912376403809e+01,9.072508083985757199e-02,2.591724967431142668e-01,7.859703540702336344e-01,-1.761884686109414702e+02,-8.620790004373029447e+00,1.077250970282248727e-01
4.488679814338684082e+01,9.095237926231103387e-02,2.593182614263859764e-01,7.860373081424446573e-01,-1.761568100910130283e+02,-8.651011907827832914e+00,7.446374248329472312e-02
4.490382194519042969e+01,9.074781351602961843e-02,2.593293609429885294e-01,7.859988395834940356e-01,-1.761577722966763702e+02,-8.621780207477787172e+00,1.048180075305433084e-01
4.492901635169982910e+01,9.092411653774767899e-02,2.592772518367619794e-01,7.860302321173292528e-01,-1.761722458411321668e+02,-8.642797358170357214e+00,9.030274448274544508e-02
4.494495058059692383e+01,9.095237926231103387e-02,2.593182614263859764e-01,7.860373081424446573e-01,-1.761568100910130283e+02,-8.651011907827832914e+00,7.446374248329472312e-02
4.497044920921325684e+01,9.092411653774767899e-02,2.592772518367619794e-01,7.860302321173292528e-01,-1.761722458411321668e+02,-8.642797358170357214e+00,9.030274448274544508e-02
4.498839521408081055e+01,9.092411653774767899e-02,2.592772518367619794e-01,7.860302321173292528e-01,-1.761722458411321668e+02,-8.642797358170357214e+00,9.030274448274544508e-02
4.500966238975524902e+01,9.092411653774767899e-02,2.592772518367619794e-01,7.860302321173292528e-01,-1.761722458411321668e+02,-8.642797358170357214e+00,9.030274448274544508e-02
4.502237153053283691e+01,9.077669131186225093e-02,2.593182612983489510e-01,7.860024510984465751e-01,-1.761567811985431149e+02,-8.629032377640143636e+00,7.445932134847486894e-02
4.504271483421325684e+01,9.092411653774767899e-02,2.592772518367619794e-01,7.860302321173292528e-01,-1.761722458411321668e+02,-8.642797358170357214e+00,9.030274448274544508e-02
4.506317329406738281e+01,9.074842587484788226e-02,2.592772517087647555e-01,7.859953859158705924e-01,-1.761722108037783414e+02,-8.620817836718716265e+00,9.029740519313672609e-02
4.508430743217468262e+01,9.077669131186225093e-02,2.593182612983489510e-01,7.860024510984465751e-01,-1.761567811985431149e+02,-8.629032377640143636e+00,7.445932134847486894e-02
4.510365843772888184e+01,9.095237926231103387e-02,2.593182614263859764e-01,7.860373081424446573e-01,-1.761568100910130283e+02,-8.651011907827832914e+00,7.446374248329472312e-02
4.512416720390319824e+01,9.092411653774767899e-02,2.592772518367619794e-01,7.860302321173292528e-01,-1.761722458411321668e+02,-8.642797358170357214e+00,9.030274448274544508e-02
4.514300155639648438e+01,9.095237926231103387e-02,2.593182614263859764e-01,7.860373081424446573e-01,-1.761568100910130283e+02,-8.651011907827832914e+00,7.446374248329472312e-02
4.516733884811401367e+01,9.095237926231103387e-02,2.593182614263859764e-01,7.860373081424446573e-01,-1.761568100910130283e+02,-8.651011907827832914e+00,7.446374248329472312e-02
4.518194770812988281e+01,9.095237926231103387e-02,2.593182614263859764e-01,7.860373081424446573e-01,-1.761568100910130283e+02,-8.651011907827832914e+00,7.446374248329472312e-02
4.520893502235412598e+01,9.095177737831570963e-02,2.593703698816625103e-01,7.860407753775263684e-01,-1.761423792852018835e+02,-8.651978136524144603e+00,8.898524507879088108e-02
4.522878003120422363e+01,9.092411653774767899e-02,2.592772518367619794e-01,7.860302321173292528e-01,-1.761722458411321668e+02,-8.642797358170357214e+00,9.030274448274544508e-02
4.524410033226013184e+01,9.095237926231103387e-02,2.593182614263859764e-01,7.860373081424446573e-01,-1.761568100910130283e+02,-8.651011907827832914e+00,7.446374248329472312e-02
4.526478457450866699e+01,9.074842587484788226e-02,2.592772517087647555e-01,7.859953859158705924e-01,-1.761722108037783414e+02,-8.620817836718716265e+00,9.029740519313672609e-02
4.529048395156860352e+01,9.090078110722620008e-02,2.591724968710786836e-01,7.860051913180173822e-01,-1.761885104106046924e+02,-8.642769514270934650e+00,1.077314512137514113e-01
4.530405974388122559e+01,9.090078110722620008e-02,2.591724968710786836e-01,7.860051913180173822e-01,-1.761885104106046924e+02,-8.642769514270934650e+00,1.077314512137514113e-01
4.532525587081909180e+01,9.092903310532833572e-02,2.592135158351047686e-01,7.860122558325631781e-01,-1.761730750223632356e+02,-8.650988508763195028e+00,9.189480963180371442e-02
4.534412240982055664e+01,9.092350285402064913e-02,2.593293610709848651e-01,7.860336855497882524e-01,-1.761578129684346834e+02,-8.643759719444265244e+00,1.048241931308029895e-01
4.536411070823669434e+01,9.095237926231103387e-02,2.593182614263859764e-01,7.860373081424446573e-01,-1.761568100910130283e+02,-8.651011907827832914e+00,7.446374248329472312e-02
4.539045810699462891e+01,9.092411653774767899e-02,2.592772518367619794e-01,7.860302321173292528e-01,-1.761722458411321668e+02,-8.642797358170357214e+00,9.030274448274544508e-02
4.540434718132019043e+01,9.095177737831570963e-02,2.593703698816625103e-01,7.860407753775263684e-01,-1.761423792852018835e+02,-8.651978136524144603e+00,8.898524507879088108e-02
4.542764997482299805e+01,9.092411653774767899e-02,2.592772518367619794e-01,7.860302321173292528e-01,-1.761722458411321668e+02,-8.642797358170357214e+00,9.030274448274544508e-02
4.543875336647033691e+01,9.092411653774767899e-02,2.592772518367619794e-01,7.860302321173292528e-01,-1.761722458411321668e+02,-8.642797358170357214e+00,9.030274448274544508e-02
4.546051025390625000e+01,9.095177737831570963e-02,2.593703698816625103e-01,7.860407753775263684e-01,-1.761423792852018835e+02,-8.651978136524144603e+00,8.898524507879088108e-02
4.548172426223754883e+01,9.092841759330053120e-02,2.592656251022061320e-01,7.860157084434390429e-01,-1.761586442516774866e+02,-8.651950662006766990e+00,1.064165881081591963e-01
4.549983739852905273e+01,9.092350285402064913e-02,2.593293610709848651e-01,7.860336855497882524e-01,-1.761578129684346834e+02,-8.643759719444265244e+00,1.048241931308029895e-01
4.551932072639465332e+01,9.095237926231103387e-02,2.593182614263859764e-01,7.860373081424446573e-01,-1.761568100910130283e+02,-8.651011907827832914e+00,7.446374248329472312e-02
4.554183530807495117e+01,9.095237926231103387e-02,2.593182614263859764e-01,7.860373081424446573e-01,-1.761568100910130283e+02,-8.651011907827832914e+00,7.446374248329472312e-02
4.555303406715393066e+01,9.095237926231103387e-02,2.593182614263859764e-01,7.860373081424446573e-01,-1.761568100910130283e+02,-8.651011907827832914e+00,7.446374248329472312e-02
4.556667232513427734e+01,9.095237926231103387e-02,2.593182614263859764e-01,7.860373081424446573e-01,-1.761568100910130283e+02,-8.651011907827832914e+00,7.446374248329472312e-02
4.558771395683288574e+01,9.095237926231103387e-02,2.593182614263859764e-01,7.860373081424446573e-01,-1.761568100910130283e+02,-8.651011907827832914e+00,7.446374248329472312e-02
4.560560393333435059e+01,9.092903310532833572e-02,2.592135158351047686e-01,7.860122558325631781e-01,-1.761730750223632356e+02,-8.650988508763195028e+00,9.189480963180371442e-02
4.562545371055603027e+01,9.095237926231103387e-02,2.593182614263859764e-01,7.860373081424446573e-01,-1.761568100910130283e+02,-8.651011907827832914e+00,7.446374248329472312e-02
4.564703702926635742e+01,9.095177737831570963e-02,2.593703698816625103e-01,7.860407753775263684e-01,-1.761423792852018835e+02,-8.651978136524144603e+00,8.898524507879088108e-02
4.566539120674133301e+01,9.092411653774767899e-02,2.592772518367619794e-01,7.860302321173292528e-01,-1.761722458411321668e+02,-8.642797358170357214e+00,9.030274448274544508e-02
4.568439221382141113e+01,9.092411653774767899e-02,2.592772518367619794e-01,7.860302321173292528e-01,-1.761722458411321668e+02,-8.642797358170357214e+00,9.030274448274544508e-02
4.570731186866760254e+01,9.077669131186225093e-02,2.593182612983489510e-01,7.860024510984465751e-01,-1.761567811985431149e+02,-8.629032377640143636e+00,7.445932134847486894e-02
4.571844339370727539e+01,9.095177737831570963e-02,2.593703698816625103e-01,7.860407753775263684e-01,-1.761423792852018835e+02,-8.651978136524144603e+00,8.898524507879088108e-02
4.574159359931945801e+01,9.075272135856179978e-02,2.592656249742028018e-01,7.859808605930974634e-01,-1.761586029611753759e+02,-8.629971151166294874e+00,1.064103037980270033e-01
4.576154470443725586e+01,9.095177737831570963e-02,2.593703698816625103e-01,7.860407753775263684e-01,-1.761423792852018835e+02,-8.651978136524144603e+00,8.898524507879088108e-02
4.578067016601562500e+01,9.095177737831570963e-02,2.593703698816625103e-01,7.860407753775263684e-01,-1.761423792852018835e+02,-8.651978136524144603e+00,8.898524507879088108e-02
4.580108785629272461e+01,9.092841759330053120e-02,2.592656251022061320e-01,7.860157084434390429e-01,-1.761586442516774866e+02,-8.651950662006766990e+00,1.064165881081591963e-01
4.582089209556579590e+01,9.095237926231103387e-02,2.593182614263859764e-01,7.860373081424446573e-01,-1.761568100910130283e+02,-8.651011907827832914e+00,7.446374248329472312e-02
4.584100818634033203e+01,9.095237926231103387e-02,2.593182614263859764e-01,7.860373081424446573e-01,-1.761568100910130283e+02,-8.651011907827832914e+00,7.446374248329472312e-02
4.586504888534545898e+01,9.092350285402064913e-02,2.593293610709848651e-01,7.860336855497882524e-01,-1.761578129684346834e+02,-8.643759719444265244e+00,1.048241931308029895e-01
4.588436746597290039e+01,9.092411653774767899e-02,2.592772518367619794e-01,7.860302321173292528e-01,-1.761722458411321668e+02,-8.642797358170357214e+00,9.030274448274544508e-02
4.590760970115661621e+01,9.092350285402064913e-02,2.593293610709848651e-01,7.860336855497882524e-01,-1.761578129684346834e+02,-8.643759719444265244e+00,1.048241931308029895e-01
4.592684316635131836e+01,9.092841759330053120e-02,2.592656251022061320e-01,7.860157084434390429e-01,-1.761586442516774866e+02,-8.651950662006766990e+00,1.064165881081591963e-01
4.594215130805969238e+01,9.092411653774767899e-02,2.592772518367619794e-01,7.860302321173292528e-01,-1.761722458411321668e+02,-8.642797358170357214e+00,9.030274448274544508e-02
4.595823216438293457e+01,9.092411653774767899e-02,2.592772518367619794e-01,7.860302321173292528e-01,-1.761722458411321668e+02,-8.642797358170357214e+00,9.030274448274544508e-02
4.597510576248168945e+01,9.092903310532833572e-02,2.592135158351047686e-01,7.860122558325631781e-01,-1.761730750223632356e+02,-8.650988508763195028e+00,9.189480963180371442e-02
4.599079370498657227e+01,9.090078110722620008e-02,2.591724968710786836e-01,7.860051913180173822e-01,-1.761885104106046924e+02,-8.642769514270934650e+00,1.077314512137514113e-01
4.601026153564453125e+01,9.095237926231103387e-02,2.593182614263859764e-01,7.860373081424446573e-01,-1.761568100910130283e+02,-8.651011907827832914e+00,7.446374248329472312e-02
4.603160190582275391e+01,9.074842587484788226e-02,2.592772517087647555e-01,7.859953859158705924e-01,-1.761722108037783414e+02,-8.620817836718716265e+00,9.029740519313672609e-02
4.605166339874267578e+01,9.090015379526386607e-02,2.592246069101666883e-01,7.860086301260529318e-01,-1.761740775716853022e+02,-8.643727800109362036e+00,1.222531744497039469e-01
4.607223153114318848e+01,9.092903310532833572e-02,2.592135158351047686e-01,7.860122558325631781e-01,-1.761730750223632356e+02,-8.650988508763195028e+00,9.189480963180371442e-02
4.608437037467956543e+01,9.095237926231103387e-02,2.593182614263859764e-01,7.860373081424446573e-01,-1.761568100910130283e+02,-8.651011907827832914e+00,7.446374248329472312e-02
4.610445427894592285e+01,9.092903310532833572e-02,2.592135158351047686e-01,7.860122558325631781e-01,-1.761730750223632356e+02,-8.650988508763195028e+00,9.189480963180371442e-02
4.613188219070434570e+01,9.092411653774767899e-02,2.592772518367619794e-01,7.860302321173292528e-01,-1.761722458411321668e+02,-8.642797358170357214e+00,9.030274448274544508e-02
4.613960933685302734e+01,9.092411653774767899e-02,2.592772518367619794e-01,7.860302321173292528e-01,-1.761722458411321668e+02,-8.642797358170357214e+00,9.030274448274544508e-02
4.616071224212646484e+01,9.095237926231103387e-02,2.593182614263859764e-01,7.860373081424446573e-01,-1.761568100910130283e+02,-8.651011907827832914e+00,7.446374248329472312e-02
4.617986440658569336e+01,9.095237926231103387e-02,2.593182614263859764e-01,7.860373081424446573e-01,-1.761568100910130283e+02,-8.651011907827832914e+00,7.446374248329472312e-02
4.619831824302673340e+01,9.074781351602961843e-02,2.593293609429885294e-01,7.859988395834940356e-01,-1.761577722966763702e+02,-8.621780207477787172e+00,1.048180075305433084e-01
4.621894741058349609e+01,9.074842587484788226e-02,2.592772517087647555e-01,7.859953859158705924e-01,-1.761722108037783414e+02,-8.620817836718716265e+00,9.029740519313672609e-02
4.623913002014160156e+01,9.092411653774767899e-02,2.592772518367619794e-01,7.860302321173292528e-01,-1.761722458411321668e+02,-8.642797358170357214e+00,9.030274448274544508e-02
4.625974369049072266e+01,9.092903310532833572e-02,2.592135158351047686e-01,7.860122558325631781e-01,-1.761730750223632356e+02,-8.650988508763195028e+00,9.189480963180371442e-02
4.627349948883056641e+01,9.090078110722620008e-02,2.591724968710786836e-01,7.860051913180173822e-01,-1.761885104106046924e+02,-8.642769514270934650e+00,1.077314512137514113e-01
4.629156279563903809e+01,9.092411653774767899e-02,2.592772518367619794e-01,7.860302321173292528e-01,-1.761722458411321668e+02,-8.642797358170357214e+00,9.030274448274544508e-02
4.631487321853637695e+01,9.092411653774767899e-02,2.592772518367619794e-01,7.860302321173292528e-01,-1.761722458411321668e+02,-8.642797358170357214e+00,9.030274448274544508e-02
4.633264207839965820e+01,9.095237926231103387e-02,2.593182614263859764e-01,7.860373081424446573e-01,-1.761568100910130283e+02,-8.651011907827832914e+00,7.446374248329472312e-02
4.634508538246154785e+01,9.067253011852037525e-02,2.593886571605760749e-01,7.859212384369954618e-01,-1.761575374380036578e+02,-8.606053905801063664e+00,9.549228826134384396e-02
4.636585497856140137e+01,9.092903310532833572e-02,2.592135158351047686e-01,7.860122558325631781e-01,-1.761730750223632356e+02,-8.650988508763195028e+00,9.189480963180371442e-02
4.638382244110107422e+01,9.095237926231103387e-02,2.593182614263859764e-01,7.860373081424446573e-01,-1.761568100910130283e+02,-8.651011907827832914e+00,7.446374248329472312e-02
4.640362811088562012e+01,9.095237926231103387e-02,2.593182614263859764e-01,7.860373081424446573e-01,-1.761568100910130283e+02,-8.651011907827832914e+00,7.446374248329472312e-02
4.642435240745544434e+01,9.095237926231103387e-02,2.593182614263859764e-01,7.860373081424446573e-01,-1.761568100910130283e+02,-8.651011907827832914e+00,7.446374248329472312e-02
4.644443583488464355e+01,9.092411653774767899e-02,2.592772518367619794e-01,7.860302321173292528e-01,-1.761722458411321668e+02,-8.642797358170357214e+00,9.030274448274544508e-02
4.646249675750732422e+01,9.077669131186225093e-02,2.593182612983489510e-01,7.860024510984465751e-01,-1.761567811985431149e+02,-8.629032377640143636e+00,7.445932134847486894e-02
4.648460268974304199e+01,9.077609075806974959e-02,2.593703697536263175e-01,7.860059185641651291e-01,-1.761423447581968276e+02,-8.629998614281779723e+00,8.897997691478695681e-02
4.650259208679199219e+01,9.090078110722620008e-02,2.591724968710786836e-01,7.860051913180173822e-01,-1.761885104106046924e+02,-8.642769514270934650e+00,1.077314512137514113e-01
4.652409553527832031e+01,9.092903310532833572e-02,2.592135158351047686e-01,7.860122558325631781e-01,-1.761730750223632356e+02,-8.650988508763195028e+00,9.189480963180371442e-02
4.654375123977661133e+01,9.095237926231103387e-02,2.593182614263859764e-01,7.860373081424446573e-01,-1.761568100910130283e+02,-8.651011907827832914e+00,7.446374248329472312e-02
4.656365060806274414e+01,9.095177737831570963e-02,2.593703698816625103e-01,7.860407753775263684e-01,-1.761423792852018835e+02,-8.651978136524144603e+00,8.898524507879088108e-02
4.658468031883239746e+01,9.095237926231103387e-02,2.593182614263859764e-01,7.860373081424446573e-01,-1.761568100910130283e+02,-8.651011907827832914e+00,7.446374248329472312e-02
4.660512685775756836e+01,9.077609075806974959e-02,2.593703697536263175e-01,7.860059185641651291e-01,-1.761423447581968276e+02,-8.629998614281779723e+00,8.897997691478695681e-02
4.662756466865539551e+01,9.077669131186225093e-02,2.593182612983489510e-01,7.860024510984465751e-01,-1.761567811985431149e+02,-8.629032377640143636e+00,7.445932134847486894e-02
4.664254927635192871e+01,9.077669131186225093e-02,2.593182612983489510e-01,7.860024510984465751e-01,-1.761567811985431149e+02,-8.629032377640143636e+00,7.445932134847486894e-02
4.666523814201354980e+01,9.092903310532833572e-02,2.592135158351047686e-01,7.860122558325631781e-01,-1.761730750223632356e+02,-8.650988508763195028e+00,9.189480963180371442e-02
4.668140769004821777e+01,9.077669131186225093e-02,2.593182612983489510e-01,7.860024510984465751e-01,-1.761567811985431149e+02,-8.629032377640143636e+00,7.445932134847486894e-02
4.670323753356933594e+01,9.092411653774767899e-02,2.592772518367619794e-01,7.860302321173292528e-01,-1.761722458411321668e+02,-8.642797358170357214e+00,9.030274448274544508e-02
4.672717761993408203e+01,9.095177737831570963e-02,2.593703698816625103e-01,7.860407753775263684e-01,-1.761423792852018835e+02,-8.651978136524144603e+00,8.898524507879088108e-02
4.674742770195007324e+01,9.095237926231103387e-02,2.593182614263859764e-01,7.860373081424446573e-01,-1.761568100910130283e+02,-8.651011907827832914e+00,7.446374248329472312e-02
4.677497911453247070e+01,9.095237926231103387e-02,2.593182614263859764e-01,7.860373081424446573e-01,-1.761568100910130283e+02,-8.651011907827832914e+00,7.446374248329472312e-02
4.679255747795104980e+01,9.092841759330053120e-02,2.592656251022061320e-01,7.860157084434390429e-01,-1.761586442516774866e+02,-8.651950662006766990e+00,1.064165881081591963e-01
4.681688165664672852e+01,9.092411653774767899e-02,2.592772518367619794e-01,7.860302321173292528e-01,-1.761722458411321668e+02,-8.642797358170357214e+00,9.030274448274544508e-02
4.684080600738525391e+01,9.092903310532833572e-02,2.592135158351047686e-01,7.860122558325631781e-01,-1.761730750223632356e+02,-8.650988508763195028e+00,9.189480963180371442e-02
4.685798883438110352e+01,9.095237926231103387e-02,2.593182614263859764e-01,7.860373081424446573e-01,-1.761568100910130283e+02,-8.651011907827832914e+00,7.446374248329472312e-02
4.688167357444763184e+01,9.092903310532833572e-02,2.592135158351047686e-01,7.860122558325631781e-01,-1.761730750223632356e+02,-8.650988508763195028e+00,9.189480963180371442e-02
4.689974308013916016e+01,9.095237926231103387e-02,2.593182614263859764e-01,7.860373081424446573e-01,-1.761568100910130283e+02,-8.651011907827832914e+00,7.446374248329472312e-02
4.691682052612304688e+01,9.092903310532833572e-02,2.592135158351047686e-01,7.860122558325631781e-01,-1.761730750223632356e+02,-8.650988508763195028e+00,9.189480963180371442e-02
4.693791389465332031e+01,9.092841759330053120e-02,2.592656251022061320e-01,7.860157084434390429e-01,-1.761586442516774866e+02,-8.651950662006766990e+00,1.064165881081591963e-01
4.696816015243530273e+01,9.095237926231103387e-02,2.593182614263859764e-01,7.860373081424446573e-01,-1.761568100910130283e+02,-8.651011907827832914e+00,7.446374248329472312e-02
4.698258686065673828e+01,9.090078110722620008e-02,2.591724968710786836e-01,7.860051913180173822e-01,-1.761885104106046924e+02,-8.642769514270934650e+00,1.077314512137514113e-01
4.700686740875244141e+01,9.095237926231103387e-02,2.593182614263859764e-01,7.860373081424446573e-01,-1.761568100910130283e+02,-8.651011907827832914e+00,7.446374248329472312e-02
4.703251481056213379e+01,9.095237926231103387e-02,2.593182614263859764e-01,7.860373081424446573e-01,-1.761568100910130283e+02,-8.651011907827832914e+00,7.446374248329472312e-02
4.704206323623657227e+01,9.095177737831570963e-02,2.593703698816625103e-01,7.860407753775263684e-01,-1.761423792852018835e+02,-8.651978136524144603e+00,8.898524507879088108e-02
4.706976842880249023e+01,9.092903310532833572e-02,2.592135158351047686e-01,7.860122558325631781e-01,-1.761730750223632356e+02,-8.650988508763195028e+00,9.189480963180371442e-02
4.708408451080322266e+01,9.092411653774767899e-02,2.592772518367619794e-01,7.860302321173292528e-01,-1.761722458411321668e+02,-8.642797358170357214e+00,9.030274448274544508e-02
4.710800933837890625e+01,9.095237926231103387e-02,2.593182614263859764e-01,7.860373081424446573e-01,-1.761568100910130283e+02,-8.651011907827832914e+00,7.446374248329472312e-02
4.712430715560913086e+01,9.092411653774767899e-02,2.592772518367619794e-01,7.860302321173292528e-01,-1.761722458411321668e+02,-8.642797358170357214e+00,9.030274448274544508e-02
4.714427852630615234e+01,9.092411653774767899e-02,2.592772518367619794e-01,7.860302321173292528e-01,-1.761722458411321668e+02,-8.642797358170357214e+00,9.030274448274544508e-02
4.716554427146911621e+01,9.092411653774767899e-02,2.592772518367619794e-01,7.860302321173292528e-01,-1.761722458411321668e+02,-8.642797358170357214e+00,9.030274448274544508e-02
4.718451213836669922e+01,9.095237926231103387e-02,2.593182614263859764e-01,7.860373081424446573e-01,-1.761568100910130283e+02,-8.651011907827832914e+00,7.446374248329472312e-02
4.720096063613891602e+01,9.090078110722620008e-02,2.591724968710786836e-01,7.860051913180173822e-01,-1.761885104106046924e+02,-8.642769514270934650e+00,1.077314512137514113e-01
4.721952581405639648e+01,9.092411653774767899e-02,2.592772518367619794e-01,7.860302321173292528e-01,-1.761722458411321668e+02,-8.642797358170357214e+00,9.030274448274544508e-02
4.724196004867553711e+01,9.095237926231103387e-02,2.593182614263859764e-01,7.860373081424446573e-01,-1.761568100910130283e+02,-8.651011907827832914e+00,7.446374248329472312e-02
4.726196885108947754e+01,9.077669131186225093e-02,2.593182612983489510e-01,7.860024510984465751e-01,-1.761567811985431149e+02,-8.629032377640143636e+00,7.445932134847486894e-02
4.728059434890747070e+01,9.092841759330053120e-02,2.592656251022061320e-01,7.860157084434390429e-01,-1.761586442516774866e+02,-8.651950662006766990e+00,1.064165881081591963e-01
4.730221199989318848e+01,9.092903310532833572e-02,2.592135158351047686e-01,7.860122558325631781e-01,-1.761730750223632356e+02,-8.650988508763195028e+00,9.189480963180371442e-02
4.732249331474304199e+01,9.095177737831570963e-02,2.593703698816625103e-01,7.860407753775263684e-01,-1.761423792852018835e+02,-8.651978136524144603e+00,8.898524507879088108e-02
4.734046983718872070e+01,9.092411653774767899e-02,2.592772518367619794e-01,7.860302321173292528e-01,-1.761722458411321668e+02,-8.642797358170357214e+00,9.030274448274544508e-02
4.735458922386169434e+01,9.095237926231103387e-02,2.593182614263859764e-01,7.860373081424446573e-01,-1.761568100910130283e+02,-8.651011907827832914e+00,7.446374248329472312e-02
4.737321233749389648e+01,9.092411653774767899e-02,2.592772518367619794e-01,7.860302321173292528e-01,-1.761722458411321668e+02,-8.642797358170357214e+00,9.030274448274544508e-02
4.739648938179016113e+01,9.095237926231103387e-02,2.593182614263859764e-01,7.860373081424446573e-01,-1.761568100910130283e+02,-8.651011907827832914e+00,7.446374248329472312e-02
4.741277885437011719e+01,9.074781351602961843e-02,2.593293609429885294e-01,7.859988395834940356e-01,-1.761577722966763702e+02,-8.621780207477787172e+00,1.048180075305433084e-01
4.743355178833007812e+01,9.092411653774767899e-02,2.592772518367619794e-01,7.860302321173292528e-01,-1.761722458411321668e+02,-8.642797358170357214e+00,9.030274448274544508e-02
4.744634008407592773e+01,9.090078110722620008e-02,2.591724968710786836e-01,7.860051913180173822e-01,-1.761885104106046924e+02,-8.642769514270934650e+00,1.077314512137514113e-01
4.746670937538146973e+01,9.095237926231103387e-02,2.593182614263859764e-01,7.860373081424446573e-01,-1.761568100910130283e+02,-8.651011907827832914e+00,7.446374248329472312e-02
4.748661994934082031e+01,9.092411653774767899e-02,2.592772518367619794e-01,7.860302321173292528e-01,-1.761722458411321668e+02,-8.642797358170357214e+00,9.030274448274544508e-02
4.750655889511108398e+01,9.077669131186225093e-02,2.593182612983489510e-01,7.860024510984465751e-01,-1.761567811985431149e+02,-8.629032377640143636e+00,7.445932134847486894e-02
4.752562952041625977e+01,9.077669131186225093e-02,2.593182612983489510e-01,7.860024510984465751e-01,-1.761567811985431149e+02,-8.629032377640143636e+00,7.445932134847486894e-02
4.755174064636230469e+01,9.075333554599589181e-02,2.592135157071005502e-01,7.859774077463557163e-01,-1.761730393665171448e+02,-8.629008988282540926e+00,9.188937247660135255e-02
4.756866788864135742e+01,9.087650848689941829e-02,2.594296687383477185e-01,7.859631346254754014e-01,-1.761421425490143235e+02,-8.636243964241371529e+00,7.965741187580116511e-02
4.758955812454223633e+01,9.095237926231103387e-02,2.593182614263859764e-01,7.860373081424446573e-01,-1.761568100910130283e+02,-8.651011907827832914e+00,7.446374248329472312e-02
4.760763287544250488e+01,9.092903310532833572e-02,2.592135158351047686e-01,7.860122558325631781e-01,-1.761730750223632356e+02,-8.650988508763195028e+00,9.189480963180371442e-02
4.763283324241638184e+01,9.092903310532833572e-02,2.592135158351047686e-01,7.860122558325631781e-01,-1.761730750223632356e+02,-8.650988508763195028e+00,9.189480963180371442e-02
4.765244293212890625e+01,9.092411653774767899e-02,2.592772518367619794e-01,7.860302321173292528e-01,-1.761722458411321668e+02,-8.642797358170357214e+00,9.030274448274544508e-02
4.767125129699707031e+01,9.092411653774767899e-02,2.592772518367619794e-01,7.860302321173292528e-01,-1.761722458411321668e+02,-8.642797358170357214e+00,9.030274448274544508e-02
4.769108724594116211e+01,9.095237926231103387e-02,2.593182614263859764e-01,7.860373081424446573e-01,-1.761568100910130283e+02,-8.651011907827832914e+00,7.446374248329472312e-02
4.771014261245727539e+01,9.095237926231103387e-02,2.593182614263859764e-01,7.860373081424446573e-01,-1.761568100910130283e+02,-8.651011907827832914e+00,7.446374248329472312e-02
4.772631740570068359e+01,9.092903310532833572e-02,2.592135158351047686e-01,7.860122558325631781e-01,-1.761730750223632356e+02,-8.650988508763195028e+00,9.189480963180371442e-02
4.774070215225219727e+01,9.090078110722620008e-02,2.591724968710786836e-01,7.860051913180173822e-01,-1.761885104106046924e+02,-8.642769514270934650e+00,1.077314512137514113e-01
4.776046705245971680e+01,9.095237926231103387e-02,2.593182614263859764e-01,7.860373081424446573e-01,-1.761568100910130283e+02,-8.651011907827832914e+00,7.446374248329472312e-02
4.777913117408752441e+01,9.095237926231103387e-02,2.593182614263859764e-01,7.860373081424446573e-01,-1.761568100910130283e+02,-8.651011907827832914e+00,7.446374248329472312e-02
4.779804325103759766e+01,9.077669131186225093e-02,2.593182612983489510e-01,7.860024510984465751e-01,-1.761567811985431149e+02,-8.629032377640143636e+00,7.445932134847486894e-02
4.781913948059082031e+01,9.095237926231103387e-02,2.593182614263859764e-01,7.860373081424446573e-01,-1.761568100910130283e+02,-8.651011907827832914e+00,7.446374248329472312e-02
4.783896040916442871e+01,9.090078110722620008e-02,2.591724968710786836e-01,7.860051913180173822e-01,-1.761885104106046924e+02,-8.642769514270934650e+00,1.077314512137514113e-01
4.785815429687500000e+01,9.095237926231103387e-02,2.593182614263859764e-01,7.860373081424446573e-01,-1.761568100910130283e+02,-8.651011907827832914e+00,7.446374248329472312e-02
4.787337112426757812e+01,9.095237926231103387e-02,2.593182614263859764e-01,7.860373081424446573e-01,-1.761568100910130283e+02,-8.651011907827832914e+00,7.446374248329472312e-02
4.789596247673034668e+01,9.092903310532833572e-02,2.592135158351047686e-01,7.860122558325631781e-01,-1.761730750223632356e+02,-8.650988508763195028e+00,9.189480963180371442e-02
4.791355657577514648e+01,9.095237926231103387e-02,2.593182614263859764e-01,7.860373081424446573e-01,-1.761568100910130283e+02,-8.651011907827832914e+00,7.446374248329472312e-02
4.793417382240295410e+01,9.092841759330053120e-02,2.592656251022061320e-01,7.860157084434390429e-01,-1.761586442516774866e+02,-8.651950662006766990e+00,1.064165881081591963e-01
4.795382523536682129e+01,9.095237926231103387e-02,2.593182614263859764e-01,7.860373081424446573e-01,-1.761568100910130283e+02,-8.651011907827832914e+00,7.446374248329472312e-02
4.797205042839050293e+01,9.095237926231103387e-02,2.593182614263859764e-01,7.860373081424446573e-01,-1.761568100910130283e+02,-8.651011907827832914e+00,7.446374248329472312e-02
4.799119138717651367e+01,9.095237926231103387e-02,2.593182614263859764e-01,7.860373081424446573e-01,-1.761568100910130283e+02,-8.651011907827832914e+00,7.446374248329472312e-02
4.801207947731018066e+01,9.090015379526386607e-02,2.592246069101666883e-01,7.860086301260529318e-01,-1.761740775716853022e+02,-8.643727800109362036e+00,1.222531744497039469e-01
4.803263115882873535e+01,9.095237926231103387e-02,2.593182614263859764e-01,7.860373081424446573e-01,-1.761568100910130283e+02,-8.651011907827832914e+00,7.446374248329472312e-02
4.805133581161499023e+01,9.092411653774767899e-02,2.592772518367619794e-01,7.860302321173292528e-01,-1.761722458411321668e+02,-8.642797358170357214e+00,9.030274448274544508e-02
4.807099866867065430e+01,9.092903310532833572e-02,2.592135158351047686e-01,7.860122558325631781e-01,-1.761730750223632356e+02,-8.650988508763195028e+00,9.189480963180371442e-02
4.808966851234436035e+01,9.074781351602961843e-02,2.593293609429885294e-01,7.859988395834940356e-01,-1.761577722966763702e+02,-8.621780207477787172e+00,1.048180075305433084e-01
4.811361074447631836e+01,9.090078110722620008e-02,2.591724968710786836e-01,7.860051913180173822e-01,-1.761885104106046924e+02,-8.642769514270934650e+00,1.077314512137514113e-01
4.813510870933532715e+01,9.095177737831570963e-02,2.593703698816625103e-01,7.860407753775263684e-01,-1.761423792852018835e+02,-8.651978136524144603e+00,8.898524507879088108e-02
4.815052413940429688e+01,9.095237926231103387e-02,2.593182614263859764e-01,7.860373081424446573e-01,-1.761568100910130283e+02,-8.651011907827832914e+00,7.446374248329472312e-02
4.816549730300903320e+01,9.090078110722620008e-02,2.591724968710786836e-01,7.860051913180173822e-01,-1.761885104106046924e+02,-8.642769514270934650e+00,1.077314512137514113e-01
4.817830801010131836e+01,9.090078110722620008e-02,2.591724968710786836e-01,7.860051913180173822e-01,-1.761885104106046924e+02,-8.642769514270934650e+00,1.077314512137514113e-01
4.819099926948547363e+01,9.092903310532833572e-02,2.592135158351047686e-01,7.860122558325631781e-01,-1.761730750223632356e+02,-8.650988508763195028e+00,9.189480963180371442e-02
4.820999479293823242e+01,9.084343661146655757e-02,2.592171079004932377e-01,7.859959132764984258e-01,-1.761673293495666712e+02,-8.635202499667256504e+00,6.486389800650443904e-02
4.823031973838806152e+01,9.092411653774767899e-02,2.592772518367619794e-01,7.860302321173292528e-01,-1.761722458411321668e+02,-8.642797358170357214e+00,9.030274448274544508e-02
4.825019693374633789e+01,9.095237926231103387e-02,2.593182614263859764e-01,7.860373081424446573e-01,-1.761568100910130283e+02,-8.651011907827832914e+00,7.446374248329472312e-02
4.826921606063842773e+01,9.077669131186225093e-02,2.593182612983489510e-01,7.860024510984465751e-01,-1.761567811985431149e+02,-8.629032377640143636e+00,7.445932134847486894e-02
4.828907036781311035e+01,9.095237926231103387e-02,2.593182614263859764e-01,7.860373081424446573e-01,-1.761568100910130283e+02,-8.651011907827832914e+00,7.446374248329472312e-02
4.830205917358398438e+01,9.092350285402064913e-02,2.593293610709848651e-01,7.860336855497882524e-01,-1.761578129684346834e+02,-8.643759719444265244e+00,1.048241931308029895e-01
4.832661437988281250e+01,9.095237926231103387e-02,2.593182614263859764e-01,7.860373081424446573e-01,-1.761568100910130283e+02,-8.651011907827832914e+00,7.446374248329472312e-02
4.834457850456237793e+01,9.095237926231103387e-02,2.593182614263859764e-01,7.860373081424446573e-01,-1.761568100910130283e+02,-8.651011907827832914e+00,7.446374248329472312e-02
4.836486053466796875e+01,9.095237926231103387e-02,2.593182614263859764e-01,7.860373081424446573e-01,-1.761568100910130283e+02,-8.651011907827832914e+00,7.446374248329472312e-02
4.838369488716125488e+01,9.092350285402064913e-02,2.593293610709848651e-01,7.860336855497882524e-01,-1.761578129684346834e+02,-8.643759719444265244e+00,1.048241931308029895e-01
4.840223670005798340e+01,9.095237926231103387e-02,2.593182614263859764e-01,7.860373081424446573e-01,-1.761568100910130283e+02,-8.651011907827832914e+00,7.446374248329472312e-02
4.841862297058105469e+01,9.090078110722620008e-02,2.591724968710786836e-01,7.860051913180173822e-01,-1.761885104106046924e+02,-8.642769514270934650e+00,1.077314512137514113e-01
4.843645596504211426e+01,9.095237926231103387e-02,2.593182614263859764e-01,7.860373081424446573e-01,-1.761568100910130283e+02,-8.651011907827832914e+00,7.446374248329472312e-02
4.845986533164978027e+01,9.095177737831570963e-02,2.593703698816625103e-01,7.860407753775263684e-01,-1.761423792852018835e+02,-8.651978136524144603e+00,8.898524507879088108e-02
4.848305463790893555e+01,9.092411653774767899e-02,2.592772518367619794e-01,7.860302321173292528e-01,-1.761722458411321668e+02,-8.642797358170357214e+00,9.030274448274544508e-02
4.849838829040527344e+01,9.095237926231103387e-02,2.593182614263859764e-01,7.860373081424446573e-01,-1.761568100910130283e+02,-8.651011907827832914e+00,7.446374248329472312e-02
4.851923489570617676e+01,9.075333554599589181e-02,2.592135157071005502e-01,7.859774077463557163e-01,-1.761730393665171448e+02,-8.629008988282540926e+00,9.188937247660135255e-02
4.853743124008178711e+01,9.092411653774767899e-02,2.592772518367619794e-01,7.860302321173292528e-01,-1.761722458411321668e+02,-8.642797358170357214e+00,9.030274448274544508e-02
4.855687785148620605e+01,9.072508083985757199e-02,2.591724967431142668e-01,7.859703540702336344e-01,-1.761884686109414702e+02,-8.620790004373029447e+00,1.077250970282248727e-01
4.858076167106628418e+01,9.092411653774767899e-02,2.592772518367619794e-01,7.860302321173292528e-01,-1.761722458411321668e+02,-8.642797358170357214e+00,9.030274448274544508e-02
4.860564398765563965e+01,9.095237926231103387e-02,2.593182614263859764e-01,7.860373081424446573e-01,-1.761568100910130283e+02,-8.651011907827832914e+00,7.446374248329472312e-02
4.862884664535522461e+01,9.095237926231103387e-02,2.593182614263859764e-01,7.860373081424446573e-01,-1.761568100910130283e+02,-8.651011907827832914e+00,7.446374248329472312e-02
4.864132165908813477e+01,9.095237926231103387e-02,2.593182614263859764e-01,7.860373081424446573e-01,-1.761568100910130283e+02,-8.651011907827832914e+00,7.446374248329472312e-02
4.865968370437622070e+01,9.092411653774767899e-02,2.592772518367619794e-01,7.860302321173292528e-01,-1.761722458411321668e+02,-8.642797358170357214e+00,9.030274448274544508e-02
4.868067240715026855e+01,9.095237926231103387e-02,2.593182614263859764e-01,7.860373081424446573e-01,-1.761568100910130283e+02,-8.651011907827832914e+00,7.446374248329472312e-02
4.870119404792785645e+01,9.092411653774767899e-02,2.592772518367619794e-01,7.860302321173292528e-01,-1.761722458411321668e+02,-8.642797358170357214e+00,9.030274448274544508e-02
4.872174429893493652e+01,9.095237926231103387e-02,2.593182614263859764e-01,7.860373081424446573e-01,-1.761568100910130283e+02,-8.651011907827832914e+00,7.446374248329472312e-02
4.874501752853393555e+01,9.095237926231103387e-02,2.593182614263859764e-01,7.860373081424446573e-01,-1.761568100910130283e+02,-8.651011907827832914e+00,7.446374248329472312e-02
4.875985693931579590e+01,9.092411653774767899e-02,2.592772518367619794e-01,7.860302321173292528e-01,-1.761722458411321668e+02,-8.642797358170357214e+00,9.030274448274544508e-02
4.878147435188293457e+01,9.077669131186225093e-02,2.593182612983489510e-01,7.860024510984465751e-01,-1.761567811985431149e+02,-8.629032377640143636e+00,7.445932134847486894e-02
4.880255985260009766e+01,9.095237926231103387e-02,2.593182614263859764e-01,7.860373081424446573e-01,-1.761568100910130283e+02,-8.651011907827832914e+00,7.446374248329472312e-02
4.882253026962280273e+01,9.095237926231103387e-02,2.593182614263859764e-01,7.860373081424446573e-01,-1.761568100910130283e+02,-8.651011907827832914e+00,7.446374248329472312e-02
4.884100222587585449e+01,9.092411653774767899e-02,2.592772518367619794e-01,7.860302321173292528e-01,-1.761722458411321668e+02,-8.642797358170357214e+00,9.030274448274544508e-02
4.886215519905090332e+01,9.092411653774767899e-02,2.592772518367619794e-01,7.860302321173292528e-01,-1.761722458411321668e+02,-8.642797358170357214e+00,9.030274448274544508e-02
4.888414001464843750e+01,9.090078110722620008e-02,2.591724968710786836e-01,7.860051913180173822e-01,-1.761885104106046924e+02,-8.642769514270934650e+00,1.077314512137514113e-01
4.890231013298034668e+01,9.095237926231103387e-02,2.593182614263859764e-01,7.860373081424446573e-01,-1.761568100910130283e+02,-8.651011907827832914e+00,7.446374248329472312e-02
4.891611361503601074e+01,9.092411653774767899e-02,2.592772518367619794e-01,7.860302321173292528e-01,-1.761722458411321668e+02,-8.642797358170357214e+00,9.030274448274544508e-02
4.894134545326232910e+01,9.095237926231103387e-02,2.593182614263859764e-01,7.860373081424446573e-01,-1.761568100910130283e+02,-8.651011907827832914e+00,7.446374248329472312e-02
4.895958352088928223e+01,9.092903310532833572e-02,2.592135158351047686e-01,7.860122558325631781e-01,-1.761730750223632356e+02,-8.650988508763195028e+00,9.189480963180371442e-02
4.898343133926391602e+01,9.092411653774767899e-02,2.592772518367619794e-01,7.860302321173292528e-01,-1.761722458411321668e+02,-8.642797358170357214e+00,9.030274448274544508e-02
4.900032091140747070e+01,9.095237926231103387e-02,2.593182614263859764e-01,7.860373081424446573e-01,-1.761568100910130283e+02,-8.651011907827832914e+00,7.446374248329472312e-02
4.901964855194091797e+01,9.095237926231103387e-02,2.593182614263859764e-01,7.860373081424446573e-01,-1.761568100910130283e+02,-8.651011907827832914e+00,7.446374248329472312e-02
4.904207801818847656e+01,9.095237926231103387e-02,2.593182614263859764e-01,7.860373081424446573e-01,-1.761568100910130283e+02,-8.651011907827832914e+00,7.446374248329472312e-02
4.906016087532043457e+01,9.072508083985757199e-02,2.591724967431142668e-01,7.859703540702336344e-01,-1.761884686109414702e+02,-8.620790004373029447e+00,1.077250970282248727e-01
4.908395457267761230e+01,9.092411653774767899e-02,2.592772518367619794e-01,7.860302321173292528e-01,-1.761722458411321668e+02,-8.642797358170357214e+00,9.030274448274544508e-02
4.910420584678649902e+01,9.092411653774767899e-02,2.592772518367619794e-01,7.860302321173292528e-01,-1.761722458411321668e+02,-8.642797358170357214e+00,9.030274448274544508e-02
4.911852431297302246e+01,9.092411653774767899e-02,2.592772518367619794e-01,7.860302321173292528e-01,-1.761722458411321668e+02,-8.642797358170357214e+00,9.030274448274544508e-02
4.913979005813598633e+01,9.090078110722620008e-02,2.591724968710786836e-01,7.860051913180173822e-01,-1.761885104106046924e+02,-8.642769514270934650e+00,1.077314512137514113e-01
4.916153764724731445e+01,9.092411653774767899e-02,2.592772518367619794e-01,7.860302321173292528e-01,-1.761722458411321668e+02,-8.642797358170357214e+00,9.030274448274544508e-02
4.917863917350769043e+01,9.092411653774767899e-02,2.592772518367619794e-01,7.860302321173292528e-01,-1.761722458411321668e+02,-8.642797358170357214e+00,9.030274448274544508e-02
4.919662976264953613e+01,9.095237926231103387e-02,2.593182614263859764e-01,7.860373081424446573e-01,-1.761568100910130283e+02,-8.651011907827832914e+00,7.446374248329472312e-02
4.921227431297302246e+01,9.095237926231103387e-02,2.593182614263859764e-01,7.860373081424446573e-01,-1.761568100910130283e+02,-8.651011907827832914e+00,7.446374248329472312e-02
4.923211503028869629e+01,9.095237926231103387e-02,2.593182614263859764e-01,7.860373081424446573e-01,-1.761568100910130283e+02,-8.651011907827832914e+00,7.446374248329472312e-02
4.925885581970214844e+01,9.092411653774767899e-02,2.592772518367619794e-01,7.860302321173292528e-01,-1.761722458411321668e+02,-8.642797358170357214e+00,9.030274448274544508e-02
4.927590656280517578e+01,9.095237926231103387e-02,2.593182614263859764e-01,7.860373081424446573e-01,-1.761568100910130283e+02,-8.651011907827832914e+00,7.446374248329472312e-02
4.930297756195068359e+01,9.092903310532833572e-02,2.592135158351047686e-01,7.860122558325631781e-01,-1.761730750223632356e+02,-8.650988508763195028e+00,9.189480963180371442e-02
4.931923794746398926e+01,9.072508083985757199e-02,2.591724967431142668e-01,7.859703540702336344e-01,-1.761884686109414702e+02,-8.620790004373029447e+00,1.077250970282248727e-01
4.933620977401733398e+01,9.092903310532833572e-02,2.592135158351047686e-01,7.860122558325631781e-01,-1.761730750223632356e+02,-8.650988508763195028e+00,9.189480963180371442e-02
4.936181974411010742e+01,9.092411653774767899e-02,2.592772518367619794e-01,7.860302321173292528e-01,-1.761722458411321668e+02,-8.642797358170357214e+00,9.030274448274544508e-02
4.937996768951416016e+01,9.095237926231103387e-02,2.593182614263859764e-01,7.860373081424446573e-01,-1.761568100910130283e+02,-8.651011907827832914e+00,7.446374248329472312e-02
4.939898729324340820e+01,9.095237926231103387e-02,2.593182614263859764e-01,7.860373081424446573e-01,-1.761568100910130283e+02,-8.651011907827832914e+00,7.446374248329472312e-02
4.941443657875061035e+01,9.092841759330053120e-02,2.592656251022061320e-01,7.860157084434390429e-01,-1.761586442516774866e+02,-8.651950662006766990e+00,1.064165881081591963e-01
4.943349218368530273e+01,9.092411653774767899e-02,2.592772518367619794e-01,7.860302321173292528e-01,-1.761722458411321668e+02,-8.642797358170357214e+00,9.030274448274544508e-02
4.945281243324279785e+01,9.082011691438003631e-02,2.591123222075201737e-01,7.859708893608035041e-01,-1.761835936025397302e+02,-8.635181795406474237e+00,8.229042672522801638e-02
4.947211456298828125e+01,9.095237926231103387e-02,2.593182614263859764e-01,7.860373081424446573e-01,-1.761568100910130283e+02,-8.651011907827832914e+00,7.446374248329472312e-02
4.949545311927795410e+01,9.095237926231103387e-02,2.593182614263859764e-01,7.860373081424446573e-01,-1.761568100910130283e+02,-8.651011907827832914e+00,7.446374248329472312e-02
4.951177096366882324e+01,9.090078110722620008e-02,2.591724968710786836e-01,7.860051913180173822e-01,-1.761885104106046924e+02,-8.642769514270934650e+00,1.077314512137514113e-01
4.952370524406433105e+01,9.092903310532833572e-02,2.592135158351047686e-01,7.860122558325631781e-01,-1.761730750223632356e+02,-8.650988508763195028e+00,9.189480963180371442e-02
4.955287265777587891e+01,9.092411653774767899e-02,2.592772518367619794e-01,7.860302321173292528e-01,-1.761722458411321668e+02,-8.642797358170357214e+00,9.030274448274544508e-02
4.956588220596313477e+01,9.090078110722620008e-02,2.591724968710786836e-01,7.860051913180173822e-01,-1.761885104106046924e+02,-8.642769514270934650e+00,1.077314512137514113e-01
4.958692884445190430e+01,9.092411653774767899e-02,2.592772518367619794e-01,7.860302321173292528e-01,-1.761722458411321668e+02,-8.642797358170357214e+00,9.030274448274544508e-02
4.961050486564636230e+01,9.090078110722620008e-02,2.591724968710786836e-01,7.860051913180173822e-01,-1.761885104106046924e+02,-8.642769514270934650e+00,1.077314512137514113e-01
4.963376474380493164e+01,9.077669131186225093e-02,2.593182612983489510e-01,7.860024510984465751e-01,-1.761567811985431149e+02,-8.629032377640143636e+00,7.445932134847486894e-02
4.965112185478210449e+01,9.063885616414243951e-02,2.592282123938494665e-01,7.859574924545724706e-01,-1.761682866057263652e+02,-8.605965284597361986e+00,9.521611288736091250e-02
4.967290067672729492e+01,9.095237926231103387e-02,2.593182614263859764e-01,7.860373081424446573e-01,-1.761568100910130283e+02,-8.651011907827832914e+00,7.446374248329472312e-02
4.969393038749694824e+01,9.090078110722620008e-02,2.591724968710786836e-01,7.860051913180173822e-01,-1.761885104106046924e+02,-8.642769514270934650e+00,1.077314512137514113e-01
4.971249628067016602e+01,9.095237926231103387e-02,2.593182614263859764e-01,7.860373081424446573e-01,-1.761568100910130283e+02,-8.651011907827832914e+00,7.446374248329472312e-02
4.973279690742492676e+01,9.090078110722620008e-02,2.591724968710786836e-01,7.860051913180173822e-01,-1.761885104106046924e+02,-8.642769514270934650e+00,1.077314512137514113e-01
4.974976468086242676e+01,9.090078110722620008e-02,2.591724968710786836e-01,7.860051913180173822e-01,-1.761885104106046924e+02,-8.642769514270934650e+00,1.077314512137514113e-01
4.977137660980224609e+01,9.092411653774767899e-02,2.592772518367619794e-01,7.860302321173292528e-01,-1.761722458411321668e+02,-8.642797358170357214e+00,9.030274448274544508e-02
4.979145741462707520e+01,9.092411653774767899e-02,2.592772518367619794e-01,7.860302321173292528e-01,-1.761722458411321668e+02,-8.642797358170357214e+00,9.030274448274544508e-02
4.981102967262268066e+01,9.092903310532833572e-02,2.592135158351047686e-01,7.860122558325631781e-01,-1.761730750223632356e+02,-8.650988508763195028e+00,9.189480963180371442e-02
4.983320426940917969e+01,9.092903310532833572e-02,2.592135158351047686e-01,7.860122558325631781e-01,-1.761730750223632356e+02,-8.650988508763195028e+00,9.189480963180371442e-02
4.985112714767456055e+01,9.095237926231103387e-02,2.593182614263859764e-01,7.860373081424446573e-01,-1.761568100910130283e+02,-8.651011907827832914e+00,7.446374248329472312e-02
4.987444257736206055e+01,9.090078110722620008e-02,2.591724968710786836e-01,7.860051913180173822e-01,-1.761885104106046924e+02,-8.642769514270934650e+00,1.077314512137514113e-01
4.988469243049621582e+01,9.095237926231103387e-02,2.593182614263859764e-01,7.860373081424446573e-01,-1.761568100910130283e+02,-8.651011907827832914e+00,7.446374248329472312e-02
4.990742182731628418e+01,9.092411653774767899e-02,2.592772518367619794e-01,7.860302321173292528e-01,-1.761722458411321668e+02,-8.642797358170357214e+00,9.030274448274544508e-02
4.992332005500793457e+01,9.092411653774767899e-02,2.592772518367619794e-01,7.860302321173292528e-01,-1.761722458411321668e+02,-8.642797358170357214e+00,9.030274448274544508e-02
4.994355273246765137e+01,9.072508083985757199e-02,2.591724967431142668e-01,7.859703540702336344e-01,-1.761884686109414702e+02,-8.620790004373029447e+00,1.077250970282248727e-01
4.996765303611755371e+01,9.095237926231103387e-02,2.593182614263859764e-01,7.860373081424446573e-01,-1.761568100910130283e+02,-8.651011907827832914e+00,7.446374248329472312e-02
4.998755455017089844e+01,9.095237926231103387e-02,2.593182614263859764e-01,7.860373081424446573e-01,-1.761568100910130283e+02,-8.651011907827832914e+00,7.446374248329472312e-02
5.000863552093505859e+01,9.095237926231103387e-02,2.593182614263859764e-01,7.860373081424446573e-01,-1.761568100910130283e+02,-8.651011907827832914e+00,7.446374248329472312e-02
5.002969121932983398e+01,9.092411653774767899e-02,2.592772518367619794e-01,7.860302321173292528e-01,-1.761722458411321668e+02,-8.642797358170357214e+00,9.030274448274544508e-02
5.004971098899841309e+01,9.095177737831570963e-02,2.593703698816625103e-01,7.860407753775263684e-01,-1.761423792852018835e+02,-8.651978136524144603e+00,8.898524507879088108e-02
5.007067942619323730e+01,9.095237926231103387e-02,2.593182614263859764e-01,7.860373081424446573e-01,-1.761568100910130283e+02,-8.651011907827832914e+00,7.446374248329472312e-02
5.009180116653442383e+01,9.092411653774767899e-02,2.592772518367619794e-01,7.860302321173292528e-01,-1.761722458411321668e+02,-8.642797358170357214e+00,9.030274448274544508e-02
5.011490654945373535e+01,9.095237926231103387e-02,2.593182614263859764e-01,7.860373081424446573e-01,-1.761568100910130283e+02,-8.651011907827832914e+00,7.446374248329472312e-02
5.013519835472106934e+01,9.092841759330053120e-02,2.592656251022061320e-01,7.860157084434390429e-01,-1.761586442516774866e+02,-8.651950662006766990e+00,1.064165881081591963e-01
5.015172123908996582e+01,9.095177737831570963e-02,2.593703698816625103e-01,7.860407753775263684e-01,-1.761423792852018835e+02,-8.651978136524144603e+00,8.898524507879088108e-02
5.017273616790771484e+01,9.092903310532833572e-02,2.592135158351047686e-01,7.860122558325631781e-01,-1.761730750223632356e+02,-8.650988508763195028e+00,9.189480963180371442e-02
5.019212269783020020e+01,9.092903310532833572e-02,2.592135158351047686e-01,7.860122558325631781e-01,-1.761730750223632356e+02,-8.650988508763195028e+00,9.189480963180371442e-02
5.020843958854675293e+01,9.095237926231103387e-02,2.593182614263859764e-01,7.860373081424446573e-01,-1.761568100910130283e+02,-8.651011907827832914e+00,7.446374248329472312e-02
5.022791862487792969e+01,9.092903310532833572e-02,2.592135158351047686e-01,7.860122558325631781e-01,-1.761730750223632356e+02,-8.650988508763195028e+00,9.189480963180371442e-02
5.024732875823974609e+01,9.095237926231103387e-02,2.593182614263859764e-01,7.860373081424446573e-01,-1.761568100910130283e+02,-8.651011907827832914e+00,7.446374248329472312e-02
5.026592755317687988e+01,9.095237926231103387e-02,2.593182614263859764e-01,7.860373081424446573e-01,-1.761568100910130283e+02,-8.651011907827832914e+00,7.446374248329472312e-02
5.029071378707885742e+01,9.077669131186225093e-02,2.593182612983489510e-01,7.860024510984465751e-01,-1.761567811985431149e+02,-8.629032377640143636e+00,7.445932134847486894e-02
5.031090760231018066e+01,9.092411653774767899e-02,2.592772518367619794e-01,7.860302321173292528e-01,-1.761722458411321668e+02,-8.642797358170357214e+00,9.030274448274544508e-02
5.033315515518188477e+01,9.095237926231103387e-02,2.593182614263859764e-01,7.860373081424446573e-01,-1.761568100910130283e+02,-8.651011907827832914e+00,7.446374248329472312e-02
5.035185480117797852e+01,9.095237926231103387e-02,2.593182614263859764e-01,7.860373081424446573e-01,-1.761568100910130283e+02,-8.651011907827832914e+00,7.446374248329472312e-02
5.037049245834350586e+01,9.092903310532833572e-02,2.592135158351047686e-01,7.860122558325631781e-01,-1.761730750223632356e+02,-8.650988508763195028e+00,9.189480963180371442e-02
5.038997840881347656e+01,9.095177737831570963e-02,2.593703698816625103e-01,7.860407753775263684e-01,-1.761423792852018835e+02,-8.651978136524144603e+00,8.898524507879088108e-02
5.041280198097229004e+01,9.092903310532833572e-02,2.592135158351047686e-01,7.860122558325631781e-01,-1.761730750223632356e+02,-8.650988508763195028e+00,9.189480963180371442e-02
5.042439794540405273e+01,9.095237926231103387e-02,2.593182614263859764e-01,7.860373081424446573e-01,-1.761568100910130283e+02,-8.651011907827832914e+00,7.446374248329472312e-02
5.044475746154785156e+01,9.092903310532833572e-02,2.592135158351047686e-01,7.860122558325631781e-01,-1.761730750223632356e+02,-8.650988508763195028e+00,9.189480963180371442e-02
5.046627211570739746e+01,9.095237926231103387e-02,2.593182614263859764e-01,7.860373081424446573e-01,-1.761568100910130283e+02,-8.651011907827832914e+00,7.446374248329472312e-02
5.049055218696594238e+01,9.095237926231103387e-02,2.593182614263859764e-01,7.860373081424446573e-01,-1.761568100910130283e+02,-8.651011907827832914e+00,7.446374248329472312e-02
5.050982713699340820e+01,9.092411653774767899e-02,2.592772518367619794e-01,7.860302321173292528e-01,-1.761722458411321668e+02,-8.642797358170357214e+00,9.030274448274544508e-02
5.052400827407836914e+01,9.092411653774767899e-02,2.592772518367619794e-01,7.860302321173292528e-01,-1.761722458411321668e+02,-8.642797358170357214e+00,9.030274448274544508e-02
5.054474735260009766e+01,9.090078110722620008e-02,2.591724968710786836e-01,7.860051913180173822e-01,-1.761885104106046924e+02,-8.642769514270934650e+00,1.077314512137514113e-01
5.056261491775512695e+01,9.095237926231103387e-02,2.593182614263859764e-01,7.860373081424446573e-01,-1.761568100910130283e+02,-8.651011907827832914e+00,7.446374248329472312e-02
5.058264827728271484e+01,9.090078110722620008e-02,2.591724968710786836e-01,7.860051913180173822e-01,-1.761885104106046924e+02,-8.642769514270934650e+00,1.077314512137514113e-01
5.060336995124816895e+01,9.092903310532833572e-02,2.592135158351047686e-01,7.860122558325631781e-01,-1.761730750223632356e+02,-8.650988508763195028e+00,9.189480963180371442e-02
5.062493085861206055e+01,9.090078110722620008e-02,2.591724968710786836e-01,7.860051913180173822e-01,-1.761885104106046924e+02,-8.642769514270934650e+00,1.077314512137514113e-01
5.064448451995849609e+01,9.092411653774767899e-02,2.592772518367619794e-01,7.860302321173292528e-01,-1.761722458411321668e+02,-8.642797358170357214e+00,9.030274448274544508e-02
5.066177868843078613e+01,9.074842587484788226e-02,2.592772517087647555e-01,7.859953859158705924e-01,-1.761722108037783414e+02,-8.620817836718716265e+00,9.029740519313672609e-02
5.068644714355468750e+01,9.077669131186225093e-02,2.593182612983489510e-01,7.860024510984465751e-01,-1.761567811985431149e+02,-8.629032377640143636e+00,7.445932134847486894e-02
5.070143198966979980e+01,9.092903310532833572e-02,2.592135158351047686e-01,7.860122558325631781e-01,-1.761730750223632356e+02,-8.650988508763195028e+00,9.189480963180371442e-02
5.072067141532897949e+01,9.092411653774767899e-02,2.592772518367619794e-01,7.860302321173292528e-01,-1.761722458411321668e+02,-8.642797358170357214e+00,9.030274448274544508e-02
5.074130845069885254e+01,9.092411653774767899e-02,2.592772518367619794e-01,7.860302321173292528e-01,-1.761722458411321668e+02,-8.642797358170357214e+00,9.030274448274544508e-02
5.076184678077697754e+01,9.095237926231103387e-02,2.593182614263859764e-01,7.860373081424446573e-01,-1.761568100910130283e+02,-8.651011907827832914e+00,7.446374248329472312e-02
5.078181958198547363e+01,9.102068032838604716e-02,2.593183493048427657e-01,7.860477132997631955e-01,-1.761565856533453598e+02,-8.672942026679995919e+00,7.297350000741956166e-02
5.080196857452392578e+01,9.092411653774767899e-02,2.592772518367619794e-01,7.860302321173292528e-01,-1.761722458411321668e+02,-8.642797358170357214e+00,9.030274448274544508e-02
5.082568025588989258e+01,9.090078110722620008e-02,2.591724968710786836e-01,7.860051913180173822e-01,-1.761885104106046924e+02,-8.642769514270934650e+00,1.077314512137514113e-01
5.084644961357116699e+01,9.075333554599589181e-02,2.592135157071005502e-01,7.859774077463557163e-01,-1.761730393665171448e+02,-8.629008988282540926e+00,9.188937247660135255e-02
5.086390137672424316e+01,9.092411653774767899e-02,2.592772518367619794e-01,7.860302321173292528e-01,-1.761722458411321668e+02,-8.642797358170357214e+00,9.030274448274544508e-02
5.088875460624694824e+01,9.074842587484788226e-02,2.592772517087647555e-01,7.859953859158705924e-01,-1.761722108037783414e+02,-8.620817836718716265e+00,9.029740519313672609e-02
5.091651606559753418e+01,9.095237926231103387e-02,2.593182614263859764e-01,7.860373081424446573e-01,-1.761568100910130283e+02,-8.651011907827832914e+00,7.446374248329472312e-02
5.092568302154541016e+01,9.075333554599589181e-02,2.592135157071005502e-01,7.859774077463557163e-01,-1.761730393665171448e+02,-8.629008988282540926e+00,9.188937247660135255e-02
5.094546389579772949e+01,9.090078110722620008e-02,2.591724968710786836e-01,7.860051913180173822e-01,-1.761885104106046924e+02,-8.642769514270934650e+00,1.077314512137514113e-01
5.096730375289916992e+01,9.092411653774767899e-02,2.592772518367619794e-01,7.860302321173292528e-01,-1.761722458411321668e+02,-8.642797358170357214e+00,9.030274448274544508e-02
5.098752450942993164e+01,9.095237926231103387e-02,2.593182614263859764e-01,7.860373081424446573e-01,-1.761568100910130283e+02,-8.651011907827832914e+00,7.446374248329472312e-02
5.100451874732971191e+01,9.092903310532833572e-02,2.592135158351047686e-01,7.860122558325631781e-01,-1.761730750223632356e+02,-8.650988508763195028e+00,9.189480963180371442e-02
5.102340054512023926e+01,9.092411653774767899e-02,2.592772518367619794e-01,7.860302321173292528e-01,-1.761722458411321668e+02,-8.642797358170357214e+00,9.030274448274544508e-02
5.104314541816711426e+01,9.095237926231103387e-02,2.593182614263859764e-01,7.860373081424446573e-01,-1.761568100910130283e+02,-8.651011907827832914e+00,7.446374248329472312e-02
5.106587791442871094e+01,9.095237926231103387e-02,2.593182614263859764e-01,7.860373081424446573e-01,-1.761568100910130283e+02,-8.651011907827832914e+00,7.446374248329472312e-02
5.108375525474548340e+01,9.092411653774767899e-02,2.592772518367619794e-01,7.860302321173292528e-01,-1.761722458411321668e+02,-8.642797358170357214e+00,9.030274448274544508e-02
5.110271883010864258e+01,9.090078110722620008e-02,2.591724968710786836e-01,7.860051913180173822e-01,-1.761885104106046924e+02,-8.642769514270934650e+00,1.077314512137514113e-01
5.112229013442993164e+01,9.095237926231103387e-02,2.593182614263859764e-01,7.860373081424446573e-01,-1.761568100910130283e+02,-8.651011907827832914e+00,7.446374248329472312e-02
5.114296674728393555e+01,9.092903310532833572e-02,2.592135158351047686e-01,7.860122558325631781e-01,-1.761730750223632356e+02,-8.650988508763195028e+00,9.189480963180371442e-02
5.116380286216735840e+01,9.095237926231103387e-02,2.593182614263859764e-01,7.860373081424446573e-01,-1.761568100910130283e+02,-8.651011907827832914e+00,7.446374248329472312e-02
5.118384313583374023e+01,9.095237926231103387e-02,2.593182614263859764e-01,7.860373081424446573e-01,-1.761568100910130283e+02,-8.651011907827832914e+00,7.446374248329472312e-02
5.119569468498229980e+01,9.074842587484788226e-02,2.592772517087647555e-01,7.859953859158705924e-01,-1.761722108037783414e+02,-8.620817836718716265e+00,9.029740519313672609e-02
5.121771383285522461e+01,9.095237926231103387e-02,2.593182614263859764e-01,7.860373081424446573e-01,-1.761568100910130283e+02,-8.651011907827832914e+00,7.446374248329472312e-02
5.124054074287414551e+01,9.092903310532833572e-02,2.592135158351047686e-01,7.860122558325631781e-01,-1.761730750223632356e+02,-8.650988508763195028e+00,9.189480963180371442e-02
5.125100183486938477e+01,9.095237926231103387e-02,2.593182614263859764e-01,7.860373081424446573e-01,-1.761568100910130283e+02,-8.651011907827832914e+00,7.446374248329472312e-02
5.126769542694091797e+01,9.095237926231103387e-02,2.593182614263859764e-01,7.860373081424446573e-01,-1.761568100910130283e+02,-8.651011907827832914e+00,7.446374248329472312e-02
5.128795671463012695e+01,9.092411653774767899e-02,2.592772518367619794e-01,7.860302321173292528e-01,-1.761722458411321668e+02,-8.642797358170357214e+00,9.030274448274544508e-02
5.130787682533264160e+01,9.095237926231103387e-02,2.593182614263859764e-01,7.860373081424446573e-01,-1.761568100910130283e+02,-8.651011907827832914e+00,7.446374248329472312e-02
5.133150339126586914e+01,9.090078110722620008e-02,2.591724968710786836e-01,7.860051913180173822e-01,-1.761885104106046924e+02,-8.642769514270934650e+00,1.077314512137514113e-01
5.134685635566711426e+01,9.092903310532833572e-02,2.592135158351047686e-01,7.860122558325631781e-01,-1.761730750223632356e+02,-8.650988508763195028e+00,9.189480963180371442e-02
5.136831569671630859e+01,9.081516393592922731e-02,2.591761025416536857e-01,7.859888525019864680e-01,-1.761827604499128483e+02,-8.626985075864054053e+00,8.070071059510751377e-02
5.138924098014831543e+01,9.092903310532833572e-02,2.592135158351047686e-01,7.860122558325631781e-01,-1.761730750223632356e+02,-8.650988508763195028e+00,9.189480963180371442e-02
5.140737271308898926e+01,9.095237926231103387e-02,2.593182614263859764e-01,7.860373081424446573e-01,-1.761568100910130283e+02,-8.651011907827832914e+00,7.446374248329472312e-02
5.142868471145629883e+01,9.095237926231103387e-02,2.593182614263859764e-01,7.860373081424446573e-01,-1.761568100910130283e+02,-8.651011907827832914e+00,7.446374248329472312e-02
5.144625401496887207e+01,9.095237926231103387e-02,2.593182614263859764e-01,7.860373081424446573e-01,-1.761568100910130283e+02,-8.651011907827832914e+00,7.446374248329472312e-02
5.146821689605712891e+01,9.095177737831570963e-02,2.593703698816625103e-01,7.860407753775263684e-01,-1.761423792852018835e+02,-8.651978136524144603e+00,8.898524507879088108e-02
5.149148845672607422e+01,9.092411653774767899e-02,2.592772518367619794e-01,7.860302321173292528e-01,-1.761722458411321668e+02,-8.642797358170357214e+00,9.030274448274544508e-02
5.150777673721313477e+01,9.092411653774767899e-02,2.592772518367619794e-01,7.860302321173292528e-01,-1.761722458411321668e+02,-8.642797358170357214e+00,9.030274448274544508e-02
5.152899193763732910e+01,9.090078110722620008e-02,2.591724968710786836e-01,7.860051913180173822e-01,-1.761885104106046924e+02,-8.642769514270934650e+00,1.077314512137514113e-01
5.155062627792358398e+01,9.092411653774767899e-02,2.592772518367619794e-01,7.860302321173292528e-01,-1.761722458411321668e+02,-8.642797358170357214e+00,9.030274448274544508e-02
5.156969594955444336e+01,9.095177737831570963e-02,2.593703698816625103e-01,7.860407753775263684e-01,-1.761423792852018835e+02,-8.651978136524144603e+00,8.898524507879088108e-02
5.159473323822021484e+01,9.092350285402064913e-02,2.593293610709848651e-01,7.860336855497882524e-01,-1.761578129684346834e+02,-8.643759719444265244e+00,1.048241931308029895e-01
5.161250376701354980e+01,9.090015379526386607e-02,2.592246069101666883e-01,7.860086301260529318e-01,-1.761740775716853022e+02,-8.643727800109362036e+00,1.222531744497039469e-01
5.163390016555786133e+01,9.095237926231103387e-02,2.593182614263859764e-01,7.860373081424446573e-01,-1.761568100910130283e+02,-8.651011907827832914e+00,7.446374248329472312e-02
5.165581297874450684e+01,9.092411653774767899e-02,2.592772518367619794e-01,7.860302321173292528e-01,-1.761722458411321668e+02,-8.642797358170357214e+00,9.030274448274544508e-02
5.167460489273071289e+01,9.090078110722620008e-02,2.591724968710786836e-01,7.860051913180173822e-01,-1.761885104106046924e+02,-8.642769514270934650e+00,1.077314512137514113e-01
5.169494271278381348e+01,9.092411653774767899e-02,2.592772518367619794e-01,7.860302321173292528e-01,-1.761722458411321668e+02,-8.642797358170357214e+00,9.030274448274544508e-02
5.171822953224182129e+01,9.095237926231103387e-02,2.593182614263859764e-01,7.860373081424446573e-01,-1.761568100910130283e+02,-8.651011907827832914e+00,7.446374248329472312e-02
5.174254083633422852e+01,9.092903310532833572e-02,2.592135158351047686e-01,7.860122558325631781e-01,-1.761730750223632356e+02,-8.650988508763195028e+00,9.189480963180371442e-02
5.176221752166748047e+01,9.095237926231103387e-02,2.593182614263859764e-01,7.860373081424446573e-01,-1.761568100910130283e+02,-8.651011907827832914e+00,7.446374248329472312e-02
5.178140616416931152e+01,9.092903310532833572e-02,2.592135158351047686e-01,7.860122558325631781e-01,-1.761730750223632356e+02,-8.650988508763195028e+00,9.189480963180371442e-02
5.180340600013732910e+01,9.095237926231103387e-02,2.593182614263859764e-01,7.860373081424446573e-01,-1.761568100910130283e+02,-8.651011907827832914e+00,7.446374248329472312e-02
5.183066868782043457e+01,9.095237926231103387e-02,2.593182614263859764e-01,7.860373081424446573e-01,-1.761568100910130283e+02,-8.651011907827832914e+00,7.446374248329472312e-02
5.184823203086853027e+01,9.095237926231103387e-02,2.593182614263859764e-01,7.860373081424446573e-01,-1.761568100910130283e+02,-8.651011907827832914e+00,7.446374248329472312e-02
5.186794900894165039e+01,9.092411653774767899e-02,2.592772518367619794e-01,7.860302321173292528e-01,-1.761722458411321668e+02,-8.642797358170357214e+00,9.030274448274544508e-02
5.189517831802368164e+01,9.092411653774767899e-02,2.592772518367619794e-01,7.860302321173292528e-01,-1.761722458411321668e+02,-8.642797358170357214e+00,9.030274448274544508e-02
5.191434812545776367e+01,9.092903310532833572e-02,2.592135158351047686e-01,7.860122558325631781e-01,-1.761730750223632356e+02,-8.650988508763195028e+00,9.189480963180371442e-02
5.193262410163879395e+01,9.095237926231103387e-02,2.593182614263859764e-01,7.860373081424446573e-01,-1.761568100910130283e+02,-8.651011907827832914e+00,7.446374248329472312e-02
5.195447802543640137e+01,9.095237926231103387e-02,2.593182614263859764e-01,7.860373081424446573e-01,-1.761568100910130283e+02,-8.651011907827832914e+00,7.446374248329472312e-02
5.197774744033813477e+01,9.092411653774767899e-02,2.592772518367619794e-01,7.860302321173292528e-01,-1.761722458411321668e+02,-8.642797358170357214e+00,9.030274448274544508e-02
5.199762439727783203e+01,9.092350285402064913e-02,2.593293610709848651e-01,7.860336855497882524e-01,-1.761578129684346834e+02,-8.643759719444265244e+00,1.048241931308029895e-01
5.202249670028686523e+01,9.092903310532833572e-02,2.592135158351047686e-01,7.860122558325631781e-01,-1.761730750223632356e+02,-8.650988508763195028e+00,9.189480963180371442e-02
5.203834843635559082e+01,9.092903310532833572e-02,2.592135158351047686e-01,7.860122558325631781e-01,-1.761730750223632356e+02,-8.650988508763195028e+00,9.189480963180371442e-02
5.206402373313903809e+01,9.090078110722620008e-02,2.591724968710786836e-01,7.860051913180173822e-01,-1.761885104106046924e+02,-8.642769514270934650e+00,1.077314512137514113e-01
5.208321571350097656e+01,9.092411653774767899e-02,2.592772518367619794e-01,7.860302321173292528e-01,-1.761722458411321668e+02,-8.642797358170357214e+00,9.030274448274544508e-02
5.210478687286376953e+01,9.092841759330053120e-02,2.592656251022061320e-01,7.860157084434390429e-01,-1.761586442516774866e+02,-8.651950662006766990e+00,1.064165881081591963e-01
5.212227940559387207e+01,9.090015379526386607e-02,2.592246069101666883e-01,7.860086301260529318e-01,-1.761740775716853022e+02,-8.643727800109362036e+00,1.222531744497039469e-01
5.214319038391113281e+01,9.095237926231103387e-02,2.593182614263859764e-01,7.860373081424446573e-01,-1.761568100910130283e+02,-8.651011907827832914e+00,7.446374248329472312e-02
5.216081023216247559e+01,9.092903310532833572e-02,2.592135158351047686e-01,7.860122558325631781e-01,-1.761730750223632356e+02,-8.650988508763195028e+00,9.189480963180371442e-02
5.218345522880554199e+01,9.095237926231103387e-02,2.593182614263859764e-01,7.860373081424446573e-01,-1.761568100910130283e+02,-8.651011907827832914e+00,7.446374248329472312e-02
5.220389103889465332e+01,9.092411653774767899e-02,2.592772518367619794e-01,7.860302321173292528e-01,-1.761722458411321668e+02,-8.642797358170357214e+00,9.030274448274544508e-02
5.222549486160278320e+01,9.075333554599589181e-02,2.592135157071005502e-01,7.859774077463557163e-01,-1.761730393665171448e+02,-8.629008988282540926e+00,9.188937247660135255e-02
5.224181962013244629e+01,9.095237926231103387e-02,2.593182614263859764e-01,7.860373081424446573e-01,-1.761568100910130283e+02,-8.651011907827832914e+00,7.446374248329472312e-02
5.226185679435729980e+01,9.090078110722620008e-02,2.591724968710786836e-01,7.860051913180173822e-01,-1.761885104106046924e+02,-8.642769514270934650e+00,1.077314512137514113e-01
5.228161144256591797e+01,9.090078110722620008e-02,2.591724968710786836e-01,7.860051913180173822e-01,-1.761885104106046924e+02,-8.642769514270934650e+00,1.077314512137514113e-01
5.230807876586914062e+01,9.090078110722620008e-02,2.591724968710786836e-01,7.860051913180173822e-01,-1.761885104106046924e+02,-8.642769514270934650e+00,1.077314512137514113e-01
5.233650422096252441e+01,9.092903310532833572e-02,2.592135158351047686e-01,7.860122558325631781e-01,-1.761730750223632356e+02,-8.650988508763195028e+00,9.189480963180371442e-02
5.235137963294982910e+01,9.092411653774767899e-02,2.592772518367619794e-01,7.860302321173292528e-01,-1.761722458411321668e+02,-8.642797358170357214e+00,9.030274448274544508e-02
5.237328481674194336e+01,9.092411653774767899e-02,2.592772518367619794e-01,7.860302321173292528e-01,-1.761722458411321668e+02,-8.642797358170357214e+00,9.030274448274544508e-02
5.239061284065246582e+01,9.075333554599589181e-02,2.592135157071005502e-01,7.859774077463557163e-01,-1.761730393665171448e+02,-8.629008988282540926e+00,9.188937247660135255e-02
5.240821266174316406e+01,9.092411653774767899e-02,2.592772518367619794e-01,7.860302321173292528e-01,-1.761722458411321668e+02,-8.642797358170357214e+00,9.030274448274544508e-02
5.243110060691833496e+01,9.095237926231103387e-02,2.593182614263859764e-01,7.860373081424446573e-01,-1.761568100910130283e+02,-8.651011907827832914e+00,7.446374248329472312e-02
5.244977211952209473e+01,9.077669131186225093e-02,2.593182612983489510e-01,7.860024510984465751e-01,-1.761567811985431149e+02,-8.629032377640143636e+00,7.445932134847486894e-02
5.246800398826599121e+01,9.092411653774767899e-02,2.592772518367619794e-01,7.860302321173292528e-01,-1.761722458411321668e+02,-8.642797358170357214e+00,9.030274448274544508e-02
5.248933076858520508e+01,9.095237926231103387e-02,2.593182614263859764e-01,7.860373081424446573e-01,-1.761568100910130283e+02,-8.651011907827832914e+00,7.446374248329472312e-02
5.250827980041503906e+01,9.092411653774767899e-02,2.592772518367619794e-01,7.860302321173292528e-01,-1.761722458411321668e+02,-8.642797358170357214e+00,9.030274448274544508e-02
5.253001117706298828e+01,9.092411653774767899e-02,2.592772518367619794e-01,7.860302321173292528e-01,-1.761722458411321668e+02,-8.642797358170357214e+00,9.030274448274544508e-02
5.255433869361877441e+01,9.095237926231103387e-02,2.593182614263859764e-01,7.860373081424446573e-01,-1.761568100910130283e+02,-8.651011907827832914e+00,7.446374248329472312e-02
5.257194018363952637e+01,9.092411653774767899e-02,2.592772518367619794e-01,7.860302321173292528e-01,-1.761722458411321668e+02,-8.642797358170357214e+00,9.030274448274544508e-02
5.258499145507812500e+01,9.090078110722620008e-02,2.591724968710786836e-01,7.860051913180173822e-01,-1.761885104106046924e+02,-8.642769514270934650e+00,1.077314512137514113e-01
5.260496902465820312e+01,9.090078110722620008e-02,2.591724968710786836e-01,7.860051913180173822e-01,-1.761885104106046924e+02,-8.642769514270934650e+00,1.077314512137514113e-01
5.262417578697204590e+01,9.092903310532833572e-02,2.592135158351047686e-01,7.860122558325631781e-01,-1.761730750223632356e+02,-8.650988508763195028e+00,9.189480963180371442e-02
5.264214110374450684e+01,9.092903310532833572e-02,2.592135158351047686e-01,7.860122558325631781e-01,-1.761730750223632356e+02,-8.650988508763195028e+00,9.189480963180371442e-02
5.266187500953674316e+01,9.090015379526386607e-02,2.592246069101666883e-01,7.860086301260529318e-01,-1.761740775716853022e+02,-8.643727800109362036e+00,1.222531744497039469e-01
5.268459773063659668e+01,9.095237926231103387e-02,2.593182614263859764e-01,7.860373081424446573e-01,-1.761568100910130283e+02,-8.651011907827832914e+00,7.446374248329472312e-02
5.270304226875305176e+01,9.092411653774767899e-02,2.592772518367619794e-01,7.860302321173292528e-01,-1.761722458411321668e+02,-8.642797358170357214e+00,9.030274448274544508e-02
5.272210955619812012e+01,9.090078110722620008e-02,2.591724968710786836e-01,7.860051913180173822e-01,-1.761885104106046924e+02,-8.642769514270934650e+00,1.077314512137514113e-01
5.274155783653259277e+01,9.090078110722620008e-02,2.591724968710786836e-01,7.860051913180173822e-01,-1.761885104106046924e+02,-8.642769514270934650e+00,1.077314512137514113e-01
5.276136350631713867e+01,9.074842587484788226e-02,2.592772517087647555e-01,7.859953859158705924e-01,-1.761722108037783414e+02,-8.620817836718716265e+00,9.029740519313672609e-02
5.277696800231933594e+01,9.092411653774767899e-02,2.592772518367619794e-01,7.860302321173292528e-01,-1.761722458411321668e+02,-8.642797358170357214e+00,9.030274448274544508e-02
5.279653000831604004e+01,9.092411653774767899e-02,2.592772518367619794e-01,7.860302321173292528e-01,-1.761722458411321668e+02,-8.642797358170357214e+00,9.030274448274544508e-02
5.281613111495971680e+01,9.095237926231103387e-02,2.593182614263859764e-01,7.860373081424446573e-01,-1.761568100910130283e+02,-8.651011907827832914e+00,7.446374248329472312e-02
5.282852935791015625e+01,9.092411653774767899e-02,2.592772518367619794e-01,7.860302321173292528e-01,-1.761722458411321668e+02,-8.642797358170357214e+00,9.030274448274544508e-02
5.284844017028808594e+01,9.090078110722620008e-02,2.591724968710786836e-01,7.860051913180173822e-01,-1.761885104106046924e+02,-8.642769514270934650e+00,1.077314512137514113e-01
5.286811041831970215e+01,9.095237926231103387e-02,2.593182614263859764e-01,7.860373081424446573e-01,-1.761568100910130283e+02,-8.651011907827832914e+00,7.446374248329472312e-02
5.289242792129516602e+01,9.077609075806974959e-02,2.593703697536263175e-01,7.860059185641651291e-01,-1.761423447581968276e+02,-8.629998614281779723e+00,8.897997691478695681e-02
5.290850329399108887e+01,9.077669131186225093e-02,2.593182612983489510e-01,7.860024510984465751e-01,-1.761567811985431149e+02,-8.629032377640143636e+00,7.445932134847486894e-02
5.292410039901733398e+01,9.095237926231103387e-02,2.593182614263859764e-01,7.860373081424446573e-01,-1.761568100910130283e+02,-8.651011907827832914e+00,7.446374248329472312e-02
5.294234871864318848e+01,9.095177737831570963e-02,2.593703698816625103e-01,7.860407753775263684e-01,-1.761423792852018835e+02,-8.651978136524144603e+00,8.898524507879088108e-02
5.296267819404602051e+01,9.090078110722620008e-02,2.591724968710786836e-01,7.860051913180173822e-01,-1.761885104106046924e+02,-8.642769514270934650e+00,1.077314512137514113e-01
5.297668862342834473e+01,9.095237926231103387e-02,2.593182614263859764e-01,7.860373081424446573e-01,-1.761568100910130283e+02,-8.651011907827832914e+00,7.446374248329472312e-02
5.299753475189208984e+01,9.090078110722620008e-02,2.591724968710786836e-01,7.860051913180173822e-01,-1.761885104106046924e+02,-8.642769514270934650e+00,1.077314512137514113e-01
5.301205968856811523e+01,9.077669131186225093e-02,2.593182612983489510e-01,7.860024510984465751e-01,-1.761567811985431149e+02,-8.629032377640143636e+00,7.445932134847486894e-02
5.303183436393737793e+01,9.095237926231103387e-02,2.593182614263859764e-01,7.860373081424446573e-01,-1.761568100910130283e+02,-8.651011907827832914e+00,7.446374248329472312e-02
5.305246067047119141e+01,9.092903310532833572e-02,2.592135158351047686e-01,7.860122558325631781e-01,-1.761730750223632356e+02,-8.650988508763195028e+00,9.189480963180371442e-02
5.307101058959960938e+01,9.095237926231103387e-02,2.593182614263859764e-01,7.860373081424446573e-01,-1.761568100910130283e+02,-8.651011907827832914e+00,7.446374248329472312e-02
5.308752584457397461e+01,9.095237926231103387e-02,2.593182614263859764e-01,7.860373081424446573e-01,-1.761568100910130283e+02,-8.651011907827832914e+00,7.446374248329472312e-02
5.310509991645812988e+01,9.092411653774767899e-02,2.592772518367619794e-01,7.860302321173292528e-01,-1.761722458411321668e+02,-8.642797358170357214e+00,9.030274448274544508e-02
5.312376666069030762e+01,9.092411653774767899e-02,2.592772518367619794e-01,7.860302321173292528e-01,-1.761722458411321668e+02,-8.642797358170357214e+00,9.030274448274544508e-02
5.314297080039978027e+01,9.092411653774767899e-02,2.592772518367619794e-01,7.860302321173292528e-01,-1.761722458411321668e+02,-8.642797358170357214e+00,9.030274448274544508e-02
5.316572594642639160e+01,9.092411653774767899e-02,2.592772518367619794e-01,7.860302321173292528e-01,-1.761722458411321668e+02,-8.642797358170357214e+00,9.030274448274544508e-02
5.318120074272155762e+01,9.092350285402064913e-02,2.593293610709848651e-01,7.860336855497882524e-01,-1.761578129684346834e+02,-8.643759719444265244e+00,1.048241931308029895e-01
5.319964170455932617e+01,9.095177737831570963e-02,2.593703698816625103e-01,7.860407753775263684e-01,-1.761423792852018835e+02,-8.651978136524144603e+00,8.898524507879088108e-02
5.321893310546875000e+01,9.095177737831570963e-02,2.593703698816625103e-01,7.860407753775263684e-01,-1.761423792852018835e+02,-8.651978136524144603e+00,8.898524507879088108e-02
5.324220228195190430e+01,9.092903310532833572e-02,2.592135158351047686e-01,7.860122558325631781e-01,-1.761730750223632356e+02,-8.650988508763195028e+00,9.189480963180371442e-02
5.326160907745361328e+01,9.095237926231103387e-02,2.593182614263859764e-01,7.860373081424446573e-01,-1.761568100910130283e+02,-8.651011907827832914e+00,7.446374248329472312e-02
5.327699232101440430e+01,9.085313319879753657e-02,2.593248824797883545e-01,7.859380510552222976e-01,-1.761584068408478174e+02,-8.636219108184659987e+00,9.708423813071236086e-02
5.329792857170104980e+01,9.095237926231103387e-02,2.593182614263859764e-01,7.860373081424446573e-01,-1.761568100910130283e+02,-8.651011907827832914e+00,7.446374248329472312e-02
5.331762981414794922e+01,9.092411653774767899e-02,2.592772518367619794e-01,7.860302321173292528e-01,-1.761722458411321668e+02,-8.642797358170357214e+00,9.030274448274544508e-02
5.333083438873291016e+01,9.095237926231103387e-02,2.593182614263859764e-01,7.860373081424446573e-01,-1.761568100910130283e+02,-8.651011907827832914e+00,7.446374248329472312e-02
5.334499669075012207e+01,9.092903310532833572e-02,2.592135158351047686e-01,7.860122558325631781e-01,-1.761730750223632356e+02,-8.650988508763195028e+00,9.189480963180371442e-02
5.336470007896423340e+01,9.092411653774767899e-02,2.592772518367619794e-01,7.860302321173292528e-01,-1.761722458411321668e+02,-8.642797358170357214e+00,9.030274448274544508e-02
5.338548159599304199e+01,9.092411653774767899e-02,2.592772518367619794e-01,7.860302321173292528e-01,-1.761722458411321668e+02,-8.642797358170357214e+00,9.030274448274544508e-02
5.340812349319458008e+01,9.072508083985757199e-02,2.591724967431142668e-01,7.859703540702336344e-01,-1.761884686109414702e+02,-8.620790004373029447e+00,1.077250970282248727e-01
5.342957353591918945e+01,9.095237926231103387e-02,2.593182614263859764e-01,7.860373081424446573e-01,-1.761568100910130283e+02,-8.651011907827832914e+00,7.446374248329472312e-02
5.343968844413757324e+01,9.092411653774767899e-02,2.592772518367619794e-01,7.860302321173292528e-01,-1.761722458411321668e+02,-8.642797358170357214e+00,9.030274448274544508e-02
5.345895719528198242e+01,9.092903310532833572e-02,2.592135158351047686e-01,7.860122558325631781e-01,-1.761730750223632356e+02,-8.650988508763195028e+00,9.189480963180371442e-02
5.348037695884704590e+01,9.084343661146655757e-02,2.592171079004932377e-01,7.859959132764984258e-01,-1.761673293495666712e+02,-8.635202499667256504e+00,6.486389800650443904e-02
5.349996590614318848e+01,9.081516393592922731e-02,2.591761025416536857e-01,7.859888525019864680e-01,-1.761827604499128483e+02,-8.626985075864054053e+00,8.070071059510751377e-02
5.352465343475341797e+01,9.092841759330053120e-02,2.592656251022061320e-01,7.860157084434390429e-01,-1.761586442516774866e+02,-8.651950662006766990e+00,1.064165881081591963e-01
5.354227590560913086e+01,9.074842587484788226e-02,2.592772517087647555e-01,7.859953859158705924e-01,-1.761722108037783414e+02,-8.620817836718716265e+00,9.029740519313672609e-02
5.356126761436462402e+01,9.090078110722620008e-02,2.591724968710786836e-01,7.860051913180173822e-01,-1.761885104106046924e+02,-8.642769514270934650e+00,1.077314512137514113e-01
5.358329725265502930e+01,9.095237926231103387e-02,2.593182614263859764e-01,7.860373081424446573e-01,-1.761568100910130283e+02,-8.651011907827832914e+00,7.446374248329472312e-02
5.360478472709655762e+01,9.095237926231103387e-02,2.593182614263859764e-01,7.860373081424446573e-01,-1.761568100910130283e+02,-8.651011907827832914e+00,7.446374248329472312e-02
5.362332820892333984e+01,9.095237926231103387e-02,2.593182614263859764e-01,7.860373081424446573e-01,-1.761568100910130283e+02,-8.651011907827832914e+00,7.446374248329472312e-02
5.364919471740722656e+01,9.095237926231103387e-02,2.593182614263859764e-01,7.860373081424446573e-01,-1.761568100910130283e+02,-8.651011907827832914e+00,7.446374248329472312e-02
5.366642284393310547e+01,9.092411653774767899e-02,2.592772518367619794e-01,7.860302321173292528e-01,-1.761722458411321668e+02,-8.642797358170357214e+00,9.030274448274544508e-02
5.368803143501281738e+01,9.092411653774767899e-02,2.592772518367619794e-01,7.860302321173292528e-01,-1.761722458411321668e+02,-8.642797358170357214e+00,9.030274448274544508e-02
5.370661330223083496e+01,9.074842587484788226e-02,2.592772517087647555e-01,7.859953859158705924e-01,-1.761722108037783414e+02,-8.620817836718716265e+00,9.029740519313672609e-02
5.372925662994384766e+01,9.095237926231103387e-02,2.593182614263859764e-01,7.860373081424446573e-01,-1.761568100910130283e+02,-8.651011907827832914e+00,7.446374248329472312e-02
5.374922728538513184e+01,9.095237926231103387e-02,2.593182614263859764e-01,7.860373081424446573e-01,-1.761568100910130283e+02,-8.651011907827832914e+00,7.446374248329472312e-02
5.377015733718872070e+01,9.095237926231103387e-02,2.593182614263859764e-01,7.860373081424446573e-01,-1.761568100910130283e+02,-8.651011907827832914e+00,7.446374248329472312e-02
5.378742384910583496e+01,9.092903310532833572e-02,2.592135158351047686e-01,7.860122558325631781e-01,-1.761730750223632356e+02,-8.650988508763195028e+00,9.189480963180371442e-02
5.380704712867736816e+01,9.095237926231103387e-02,2.593182614263859764e-01,7.860373081424446573e-01,-1.761568100910130283e+02,-8.651011907827832914e+00,7.446374248329472312e-02
5.383070898056030273e+01,9.095237926231103387e-02,2.593182614263859764e-01,7.860373081424446573e-01,-1.761568100910130283e+02,-8.651011907827832914e+00,7.446374248329472312e-02
5.384099674224853516e+01,9.095237926231103387e-02,2.593182614263859764e-01,7.860373081424446573e-01,-1.761568100910130283e+02,-8.651011907827832914e+00,7.446374248329472312e-02
5.386072802543640137e+01,9.092841759330053120e-02,2.592656251022061320e-01,7.860157084434390429e-01,-1.761586442516774866e+02,-8.651950662006766990e+00,1.064165881081591963e-01
5.388002371788024902e+01,9.095177737831570963e-02,2.593703698816625103e-01,7.860407753775263684e-01,-1.761423792852018835e+02,-8.651978136524144603e+00,8.898524507879088108e-02
5.390468192100524902e+01,9.074842587484788226e-02,2.592772517087647555e-01,7.859953859158705924e-01,-1.761722108037783414e+02,-8.620817836718716265e+00,9.029740519313672609e-02
5.391957902908325195e+01,9.092903310532833572e-02,2.592135158351047686e-01,7.860122558325631781e-01,-1.761730750223632356e+02,-8.650988508763195028e+00,9.189480963180371442e-02
5.394337749481201172e+01,9.095237926231103387e-02,2.593182614263859764e-01,7.860373081424446573e-01,-1.761568100910130283e+02,-8.651011907827832914e+00,7.446374248329472312e-02
5.396085548400878906e+01,9.092411653774767899e-02,2.592772518367619794e-01,7.860302321173292528e-01,-1.761722458411321668e+02,-8.642797358170357214e+00,9.030274448274544508e-02
5.398150825500488281e+01,9.077669131186225093e-02,2.593182612983489510e-01,7.860024510984465751e-01,-1.761567811985431149e+02,-8.629032377640143636e+00,7.445932134847486894e-02
5.400008153915405273e+01,9.092411653774767899e-02,2.592772518367619794e-01,7.860302321173292528e-01,-1.761722458411321668e+02,-8.642797358170357214e+00,9.030274448274544508e-02
5.402485013008117676e+01,9.095237926231103387e-02,2.593182614263859764e-01,7.860373081424446573e-01,-1.761568100910130283e+02,-8.651011907827832914e+00,7.446374248329472312e-02
5.404382562637329102e+01,9.090078110722620008e-02,2.591724968710786836e-01,7.860051913180173822e-01,-1.761885104106046924e+02,-8.642769514270934650e+00,1.077314512137514113e-01
5.406055831909179688e+01,9.092903310532833572e-02,2.592135158351047686e-01,7.860122558325631781e-01,-1.761730750223632356e+02,-8.650988508763195028e+00,9.189480963180371442e-02
5.407883715629577637e+01,9.092411653774767899e-02,2.592772518367619794e-01,7.860302321173292528e-01,-1.761722458411321668e+02,-8.642797358170357214e+00,9.030274448274544508e-02
5.410052490234375000e+01,9.095177737831570963e-02,2.593703698816625103e-01,7.860407753775263684e-01,-1.761423792852018835e+02,-8.651978136524144603e+00,8.898524507879088108e-02
5.412092971801757812e+01,9.092841759330053120e-02,2.592656251022061320e-01,7.860157084434390429e-01,-1.761586442516774866e+02,-8.651950662006766990e+00,1.064165881081591963e-01
5.414078330993652344e+01,9.092411653774767899e-02,2.592772518367619794e-01,7.860302321173292528e-01,-1.761722458411321668e+02,-8.642797358170357214e+00,9.030274448274544508e-02
5.416671490669250488e+01,9.095237926231103387e-02,2.593182614263859764e-01,7.860373081424446573e-01,-1.761568100910130283e+02,-8.651011907827832914e+00,7.446374248329472312e-02
5.418209481239318848e+01,9.095237926231103387e-02,2.593182614263859764e-01,7.860373081424446573e-01,-1.761568100910130283e+02,-8.651011907827832914e+00,7.446374248329472312e-02
5.421091032028198242e+01,9.092411653774767899e-02,2.592772518367619794e-01,7.860302321173292528e-01,-1.761722458411321668e+02,-8.642797358170357214e+00,9.030274448274544508e-02
5.422285842895507812e+01,9.092903310532833572e-02,2.592135158351047686e-01,7.860122558325631781e-01,-1.761730750223632356e+02,-8.650988508763195028e+00,9.189480963180371442e-02
5.424570560455322266e+01,9.090078110722620008e-02,2.591724968710786836e-01,7.860051913180173822e-01,-1.761885104106046924e+02,-8.642769514270934650e+00,1.077314512137514113e-01
5.426414632797241211e+01,9.090078110722620008e-02,2.591724968710786836e-01,7.860051913180173822e-01,-1.761885104106046924e+02,-8.642769514270934650e+00,1.077314512137514113e-01
5.428717541694641113e+01,9.092411653774767899e-02,2.592772518367619794e-01,7.860302321173292528e-01,-1.761722458411321668e+02,-8.642797358170357214e+00,9.030274448274544508e-02
5.430668950080871582e+01,9.095177737831570963e-02,2.593703698816625103e-01,7.860407753775263684e-01,-1.761423792852018835e+02,-8.651978136524144603e+00,8.898524507879088108e-02
5.432547450065612793e+01,9.092411653774767899e-02,2.592772518367619794e-01,7.860302321173292528e-01,-1.761722458411321668e+02,-8.642797358170357214e+00,9.030274448274544508e-02
5.434488105773925781e+01,9.095237926231103387e-02,2.593182614263859764e-01,7.860373081424446573e-01,-1.761568100910130283e+02,-8.651011907827832914e+00,7.446374248329472312e-02
5.436573719978332520e+01,9.095237926231103387e-02,2.593182614263859764e-01,7.860373081424446573e-01,-1.761568100910130283e+02,-8.651011907827832914e+00,7.446374248329472312e-02
5.438669204711914062e+01,9.090078110722620008e-02,2.591724968710786836e-01,7.860051913180173822e-01,-1.761885104106046924e+02,-8.642769514270934650e+00,1.077314512137514113e-01
5.440344882011413574e+01,9.090015379526386607e-02,2.592246069101666883e-01,7.860086301260529318e-01,-1.761740775716853022e+02,-8.643727800109362036e+00,1.222531744497039469e-01
5.442440676689147949e+01,9.092350285402064913e-02,2.593293610709848651e-01,7.860336855497882524e-01,-1.761578129684346834e+02,-8.643759719444265244e+00,1.048241931308029895e-01
5.444558429718017578e+01,9.095237926231103387e-02,2.593182614263859764e-01,7.860373081424446573e-01,-1.761568100910130283e+02,-8.651011907827832914e+00,7.446374248329472312e-02
5.446474838256835938e+01,9.092350285402064913e-02,2.593293610709848651e-01,7.860336855497882524e-01,-1.761578129684346834e+02,-8.643759719444265244e+00,1.048241931308029895e-01
5.448716139793395996e+01,9.095237926231103387e-02,2.593182614263859764e-01,7.860373081424446573e-01,-1.761568100910130283e+02,-8.651011907827832914e+00,7.446374248329472312e-02
5.451066613197326660e+01,9.090078110722620008e-02,2.591724968710786836e-01,7.860051913180173822e-01,-1.761885104106046924e+02,-8.642769514270934650e+00,1.077314512137514113e-01
5.452661681175231934e+01,9.092903310532833572e-02,2.592135158351047686e-01,7.860122558325631781e-01,-1.761730750223632356e+02,-8.650988508763195028e+00,9.189480963180371442e-02
5.454917979240417480e+01,9.095237926231103387e-02,2.593182614263859764e-01,7.860373081424446573e-01,-1.761568100910130283e+02,-8.651011907827832914e+00,7.446374248329472312e-02
5.456773161888122559e+01,9.095237926231103387e-02,2.593182614263859764e-01,7.860373081424446573e-01,-1.761568100910130283e+02,-8.651011907827832914e+00,7.446374248329472312e-02
5.458827519416809082e+01,9.095237926231103387e-02,2.593182614263859764e-01,7.860373081424446573e-01,-1.761568100910130283e+02,-8.651011907827832914e+00,7.446374248329472312e-02
5.461676788330078125e+01,9.095237926231103387e-02,2.593182614263859764e-01,7.860373081424446573e-01,-1.761568100910130283e+02,-8.651011907827832914e+00,7.446374248329472312e-02
5.462674880027770996e+01,9.092903310532833572e-02,2.592135158351047686e-01,7.860122558325631781e-01,-1.761730750223632356e+02,-8.650988508763195028e+00,9.189480963180371442e-02
5.464097762107849121e+01,9.092411653774767899e-02,2.592772518367619794e-01,7.860302321173292528e-01,-1.761722458411321668e+02,-8.642797358170357214e+00,9.030274448274544508e-02
5.466227602958679199e+01,9.090078110722620008e-02,2.591724968710786836e-01,7.860051913180173822e-01,-1.761885104106046924e+02,-8.642769514270934650e+00,1.077314512137514113e-01
5.468351936340332031e+01,9.092411653774767899e-02,2.592772518367619794e-01,7.860302321173292528e-01,-1.761722458411321668e+02,-8.642797358170357214e+00,9.030274448274544508e-02
5.470288443565368652e+01,9.095177737831570963e-02,2.593703698816625103e-01,7.860407753775263684e-01,-1.761423792852018835e+02,-8.651978136524144603e+00,8.898524507879088108e-02
5.472478008270263672e+01,9.092411653774767899e-02,2.592772518367619794e-01,7.860302321173292528e-01,-1.761722458411321668e+02,-8.642797358170357214e+00,9.030274448274544508e-02
5.474379849433898926e+01,9.095237926231103387e-02,2.593182614263859764e-01,7.860373081424446573e-01,-1.761568100910130283e+02,-8.651011907827832914e+00,7.446374248329472312e-02
5.476502609252929688e+01,9.092903310532833572e-02,2.592135158351047686e-01,7.860122558325631781e-01,-1.761730750223632356e+02,-8.650988508763195028e+00,9.189480963180371442e-02
5.478272080421447754e+01,9.092903310532833572e-02,2.592135158351047686e-01,7.860122558325631781e-01,-1.761730750223632356e+02,-8.650988508763195028e+00,9.189480963180371442e-02
5.480298161506652832e+01,9.095237926231103387e-02,2.593182614263859764e-01,7.860373081424446573e-01,-1.761568100910130283e+02,-8.651011907827832914e+00,7.446374248329472312e-02
5.482622146606445312e+01,9.092411653774767899e-02,2.592772518367619794e-01,7.860302321173292528e-01,-1.761722458411321668e+02,-8.642797358170357214e+00,9.030274448274544508e-02
5.484587216377258301e+01,9.090078110722620008e-02,2.591724968710786836e-01,7.860051913180173822e-01,-1.761885104106046924e+02,-8.642769514270934650e+00,1.077314512137514113e-01
5.486598205566406250e+01,9.092411653774767899e-02,2.592772518367619794e-01,7.860302321173292528e-01,-1.761722458411321668e+02,-8.642797358170357214e+00,9.030274448274544508e-02
5.488639307022094727e+01,9.095177737831570963e-02,2.593703698816625103e-01,7.860407753775263684e-01,-1.761423792852018835e+02,-8.651978136524144603e+00,8.898524507879088108e-02
5.490555906295776367e+01,9.092411653774767899e-02,2.592772518367619794e-01,7.860302321173292528e-01,-1.761722458411321668e+02,-8.642797358170357214e+00,9.030274448274544508e-02
5.492689085006713867e+01,9.092411653774767899e-02,2.592772518367619794e-01,7.860302321173292528e-01,-1.761722458411321668e+02,-8.642797358170357214e+00,9.030274448274544508e-02
5.495488095283508301e+01,9.092903310532833572e-02,2.592135158351047686e-01,7.860122558325631781e-01,-1.761730750223632356e+02,-8.650988508763195028e+00,9.189480963180371442e-02
5.497436594963073730e+01,9.095237926231103387e-02,2.593182614263859764e-01,7.860373081424446573e-01,-1.761568100910130283e+02,-8.651011907827832914e+00,7.446374248329472312e-02
5.499191832542419434e+01,9.092411653774767899e-02,2.592772518367619794e-01,7.860302321173292528e-01,-1.761722458411321668e+02,-8.642797358170357214e+00,9.030274448274544508e-02
5.501420354843139648e+01,9.095237926231103387e-02,2.593182614263859764e-01,7.860373081424446573e-01,-1.761568100910130283e+02,-8.651011907827832914e+00,7.446374248329472312e-02
5.503247475624084473e+01,9.092350285402064913e-02,2.593293610709848651e-01,7.860336855497882524e-01,-1.761578129684346834e+02,-8.643759719444265244e+00,1.048241931308029895e-01
5.505186319351196289e+01,9.095237926231103387e-02,2.593182614263859764e-01,7.860373081424446573e-01,-1.761568100910130283e+02,-8.651011907827832914e+00,7.446374248329472312e-02
5.506990265846252441e+01,9.095237926231103387e-02,2.593182614263859764e-01,7.860373081424446573e-01,-1.761568100910130283e+02,-8.651011907827832914e+00,7.446374248329472312e-02
5.508917713165283203e+01,9.095237926231103387e-02,2.593182614263859764e-01,7.860373081424446573e-01,-1.761568100910130283e+02,-8.651011907827832914e+00,7.446374248329472312e-02
5.511034154891967773e+01,9.092411653774767899e-02,2.592772518367619794e-01,7.860302321173292528e-01,-1.761722458411321668e+02,-8.642797358170357214e+00,9.030274448274544508e-02
5.513625574111938477e+01,9.075333554599589181e-02,2.592135157071005502e-01,7.859774077463557163e-01,-1.761730393665171448e+02,-8.629008988282540926e+00,9.188937247660135255e-02
5.515736508369445801e+01,9.095177737831570963e-02,2.593703698816625103e-01,7.860407753775263684e-01,-1.761423792852018835e+02,-8.651978136524144603e+00,8.898524507879088108e-02
5.518141698837280273e+01,9.095237926231103387e-02,2.593182614263859764e-01,7.860373081424446573e-01,-1.761568100910130283e+02,-8.651011907827832914e+00,7.446374248329472312e-02
5.519467449188232422e+01,9.095237926231103387e-02,2.593182614263859764e-01,7.860373081424446573e-01,-1.761568100910130283e+02,-8.651011907827832914e+00,7.446374248329472312e-02
5.522077894210815430e+01,9.095237926231103387e-02,2.593182614263859764e-01,7.860373081424446573e-01,-1.761568100910130283e+02,-8.651011907827832914e+00,7.446374248329472312e-02
5.524010038375854492e+01,9.095237926231103387e-02,2.593182614263859764e-01,7.860373081424446573e-01,-1.761568100910130283e+02,-8.651011907827832914e+00,7.446374248329472312e-02
5.525720667839050293e+01,9.092411653774767899e-02,2.592772518367619794e-01,7.860302321173292528e-01,-1.761722458411321668e+02,-8.642797358170357214e+00,9.030274448274544508e-02
5.527362465858459473e+01,9.092411653774767899e-02,2.592772518367619794e-01,7.860302321173292528e-01,-1.761722458411321668e+02,-8.642797358170357214e+00,9.030274448274544508e-02
5.529006481170654297e+01,9.092350285402064913e-02,2.593293610709848651e-01,7.860336855497882524e-01,-1.761578129684346834e+02,-8.643759719444265244e+00,1.048241931308029895e-01
5.530925464630126953e+01,9.095177737831570963e-02,2.593703698816625103e-01,7.860407753775263684e-01,-1.761423792852018835e+02,-8.651978136524144603e+00,8.898524507879088108e-02
5.532981395721435547e+01,9.092903310532833572e-02,2.592135158351047686e-01,7.860122558325631781e-01,-1.761730750223632356e+02,-8.650988508763195028e+00,9.189480963180371442e-02
5.535755825042724609e+01,9.095237926231103387e-02,2.593182614263859764e-01,7.860373081424446573e-01,-1.761568100910130283e+02,-8.651011907827832914e+00,7.446374248329472312e-02
5.538071155548095703e+01,9.092903310532833572e-02,2.592135158351047686e-01,7.860122558325631781e-01,-1.761730750223632356e+02,-8.650988508763195028e+00,9.189480963180371442e-02
5.539561271667480469e+01,9.095237926231103387e-02,2.593182614263859764e-01,7.860373081424446573e-01,-1.761568100910130283e+02,-8.651011907827832914e+00,7.446374248329472312e-02
5.541419696807861328e+01,9.095237926231103387e-02,2.593182614263859764e-01,7.860373081424446573e-01,-1.761568100910130283e+02,-8.651011907827832914e+00,7.446374248329472312e-02
5.543419694900512695e+01,9.092411653774767899e-02,2.592772518367619794e-01,7.860302321173292528e-01,-1.761722458411321668e+02,-8.642797358170357214e+00,9.030274448274544508e-02
5.545884919166564941e+01,9.092903310532833572e-02,2.592135158351047686e-01,7.860122558325631781e-01,-1.761730750223632356e+02,-8.650988508763195028e+00,9.189480963180371442e-02
5.547813963890075684e+01,9.092350285402064913e-02,2.593293610709848651e-01,7.860336855497882524e-01,-1.761578129684346834e+02,-8.643759719444265244e+00,1.048241931308029895e-01
5.549598073959350586e+01,9.092411653774767899e-02,2.592772518367619794e-01,7.860302321173292528e-01,-1.761722458411321668e+02,-8.642797358170357214e+00,9.030274448274544508e-02
5.551762986183166504e+01,9.095237926231103387e-02,2.593182614263859764e-01,7.860373081424446573e-01,-1.761568100910130283e+02,-8.651011907827832914e+00,7.446374248329472312e-02
5.553641176223754883e+01,9.092903310532833572e-02,2.592135158351047686e-01,7.860122558325631781e-01,-1.761730750223632356e+02,-8.650988508763195028e+00,9.189480963180371442e-02
5.556169557571411133e+01,9.090078110722620008e-02,2.591724968710786836e-01,7.860051913180173822e-01,-1.761885104106046924e+02,-8.642769514270934650e+00,1.077314512137514113e-01
5.557427644729614258e+01,9.092411653774767899e-02,2.592772518367619794e-01,7.860302321173292528e-01,-1.761722458411321668e+02,-8.642797358170357214e+00,9.030274448274544508e-02
5.559402275085449219e+01,9.092903310532833572e-02,2.592135158351047686e-01,7.860122558325631781e-01,-1.761730750223632356e+02,-8.650988508763195028e+00,9.189480963180371442e-02
5.561405324935913086e+01,9.095177737831570963e-02,2.593703698816625103e-01,7.860407753775263684e-01,-1.761423792852018835e+02,-8.651978136524144603e+00,8.898524507879088108e-02
5.563125920295715332e+01,9.095237926231103387e-02,2.593182614263859764e-01,7.860373081424446573e-01,-1.761568100910130283e+02,-8.651011907827832914e+00,7.446374248329472312e-02
5.565175294876098633e+01,9.092411653774767899e-02,2.592772518367619794e-01,7.860302321173292528e-01,-1.761722458411321668e+02,-8.642797358170357214e+00,9.030274448274544508e-02
5.567134356498718262e+01,9.092411653774767899e-02,2.592772518367619794e-01,7.860302321173292528e-01,-1.761722458411321668e+02,-8.642797358170357214e+00,9.030274448274544508e-02
5.569430565834045410e+01,9.092411653774767899e-02,2.592772518367619794e-01,7.860302321173292528e-01,-1.761722458411321668e+02,-8.642797358170357214e+00,9.030274448274544508e-02
5.571375370025634766e+01,9.095177737831570963e-02,2.593703698816625103e-01,7.860407753775263684e-01,-1.761423792852018835e+02,-8.651978136524144603e+00,8.898524507879088108e-02
5.573410773277282715e+01,9.090078110722620008e-02,2.591724968710786836e-01,7.860051913180173822e-01,-1.761885104106046924e+02,-8.642769514270934650e+00,1.077314512137514113e-01
5.575392985343933105e+01,9.095237926231103387e-02,2.593182614263859764e-01,7.860373081424446573e-01,-1.761568100910130283e+02,-8.651011907827832914e+00,7.446374248329472312e-02
5.577217173576354980e+01,9.095177737831570963e-02,2.593703698816625103e-01,7.860407753775263684e-01,-1.761423792852018835e+02,-8.651978136524144603e+00,8.898524507879088108e-02
5.579447746276855469e+01,9.087590077130136557e-02,2.594817762375309367e-01,7.859666151865478678e-01,-1.761277079201909430e+02,-8.637213868545810413e+00,9.417809484683566101e-02
5.581448864936828613e+01,9.092411653774767899e-02,2.592772518367619794e-01,7.860302321173292528e-01,-1.761722458411321668e+02,-8.642797358170357214e+00,9.030274448274544508e-02
5.583695888519287109e+01,9.095177737831570963e-02,2.593703698816625103e-01,7.860407753775263684e-01,-1.761423792852018835e+02,-8.651978136524144603e+00,8.898524507879088108e-02
5.585565066337585449e+01,9.095237926231103387e-02,2.593182614263859764e-01,7.860373081424446573e-01,-1.761568100910130283e+02,-8.651011907827832914e+00,7.446374248329472312e-02
5.587647199630737305e+01,9.095237926231103387e-02,2.593182614263859764e-01,7.860373081424446573e-01,-1.761568100910130283e+02,-8.651011907827832914e+00,7.446374248329472312e-02
5.589613628387451172e+01,9.095237926231103387e-02,2.593182614263859764e-01,7.860373081424446573e-01,-1.761568100910130283e+02,-8.651011907827832914e+00,7.446374248329472312e-02
5.591580152511596680e+01,9.092903310532833572e-02,2.592135158351047686e-01,7.860122558325631781e-01,-1.761730750223632356e+02,-8.650988508763195028e+00,9.189480963180371442e-02
5.593408322334289551e+01,9.092411653774767899e-02,2.592772518367619794e-01,7.860302321173292528e-01,-1.761722458411321668e+02,-8.642797358170357214e+00,9.030274448274544508e-02
5.595499205589294434e+01,9.090078110722620008e-02,2.591724968710786836e-01,7.860051913180173822e-01,-1.761885104106046924e+02,-8.642769514270934650e+00,1.077314512137514113e-01
5.597985935211181641e+01,9.090078110722620008e-02,2.591724968710786836e-01,7.860051913180173822e-01,-1.761885104106046924e+02,-8.642769514270934650e+00,1.077314512137514113e-01
5.599319744110107422e+01,9.095237926231103387e-02,2.593182614263859764e-01,7.860373081424446573e-01,-1.761568100910130283e+02,-8.651011907827832914e+00,7.446374248329472312e-02
5.601380467414855957e+01,9.092903310532833572e-02,2.592135158351047686e-01,7.860122558325631781e-01,-1.761730750223632356e+02,-8.650988508763195028e+00,9.189480963180371442e-02
5.603493595123291016e+01,9.092903310532833572e-02,2.592135158351047686e-01,7.860122558325631781e-01,-1.761730750223632356e+02,-8.650988508763195028e+00,9.189480963180371442e-02
5.605435013771057129e+01,9.095177737831570963e-02,2.593703698816625103e-01,7.860407753775263684e-01,-1.761423792852018835e+02,-8.651978136524144603e+00,8.898524507879088108e-02
5.607527589797973633e+01,9.095237926231103387e-02,2.593182614263859764e-01,7.860373081424446573e-01,-1.761568100910130283e+02,-8.651011907827832914e+00,7.446374248329472312e-02
5.609409737586975098e+01,9.090015379526386607e-02,2.592246069101666883e-01,7.860086301260529318e-01,-1.761740775716853022e+02,-8.643727800109362036e+00,1.222531744497039469e-01
5.611565423011779785e+01,9.092411653774767899e-02,2.592772518367619794e-01,7.860302321173292528e-01,-1.761722458411321668e+02,-8.642797358170357214e+00,9.030274448274544508e-02
5.612868213653564453e+01,9.092411653774767899e-02,2.592772518367619794e-01,7.860302321173292528e-01,-1.761722458411321668e+02,-8.642797358170357214e+00,9.030274448274544508e-02
5.615011382102966309e+01,9.092411653774767899e-02,2.592772518367619794e-01,7.860302321173292528e-01,-1.761722458411321668e+02,-8.642797358170357214e+00,9.030274448274544508e-02
5.617076897621154785e+01,9.092411653774767899e-02,2.592772518367619794e-01,7.860302321173292528e-01,-1.761722458411321668e+02,-8.642797358170357214e+00,9.030274448274544508e-02
5.618811535835266113e+01,9.092903310532833572e-02,2.592135158351047686e-01,7.860122558325631781e-01,-1.761730750223632356e+02,-8.650988508763195028e+00,9.189480963180371442e-02
5.620772743225097656e+01,9.095237926231103387e-02,2.593182614263859764e-01,7.860373081424446573e-01,-1.761568100910130283e+02,-8.651011907827832914e+00,7.446374248329472312e-02
5.622875118255615234e+01,9.095237926231103387e-02,2.593182614263859764e-01,7.860373081424446573e-01,-1.761568100910130283e+02,-8.651011907827832914e+00,7.446374248329472312e-02
5.624906730651855469e+01,9.084824923096859739e-02,2.593886572884663289e-01,7.859560555291226214e-01,-1.761575744896322249e+02,-8.628033424021495534e+00,9.549792042234732381e-02
5.627075052261352539e+01,9.092411653774767899e-02,2.592772518367619794e-01,7.860302321173292528e-01,-1.761722458411321668e+02,-8.642797358170357214e+00,9.030274448274544508e-02
5.628448319435119629e+01,9.092411653774767899e-02,2.592772518367619794e-01,7.860302321173292528e-01,-1.761722458411321668e+02,-8.642797358170357214e+00,9.030274448274544508e-02
5.630481910705566406e+01,9.092350285402064913e-02,2.593293610709848651e-01,7.860336855497882524e-01,-1.761578129684346834e+02,-8.643759719444265244e+00,1.048241931308029895e-01
5.632558679580688477e+01,9.090078110722620008e-02,2.591724968710786836e-01,7.860051913180173822e-01,-1.761885104106046924e+02,-8.642769514270934650e+00,1.077314512137514113e-01
5.634542965888977051e+01,9.092903310532833572e-02,2.592135158351047686e-01,7.860122558325631781e-01,-1.761730750223632356e+02,-8.650988508763195028e+00,9.189480963180371442e-02
5.636486434936523438e+01,9.095237926231103387e-02,2.593182614263859764e-01,7.860373081424446573e-01,-1.761568100910130283e+02,-8.651011907827832914e+00,7.446374248329472312e-02
5.638230943679809570e+01,9.095237926231103387e-02,2.593182614263859764e-01,7.860373081424446573e-01,-1.761568100910130283e+02,-8.651011907827832914e+00,7.446374248329472312e-02
5.640197205543518066e+01,9.092411653774767899e-02,2.592772518367619794e-01,7.860302321173292528e-01,-1.761722458411321668e+02,-8.642797358170357214e+00,9.030274448274544508e-02
5.642410564422607422e+01,9.095237926231103387e-02,2.593182614263859764e-01,7.860373081424446573e-01,-1.761568100910130283e+02,-8.651011907827832914e+00,7.446374248329472312e-02
5.644316053390502930e+01,9.092411653774767899e-02,2.592772518367619794e-01,7.860302321173292528e-01,-1.761722458411321668e+02,-8.642797358170357214e+00,9.030274448274544508e-02
5.646263790130615234e+01,9.072508083985757199e-02,2.591724967431142668e-01,7.859703540702336344e-01,-1.761884686109414702e+02,-8.620790004373029447e+00,1.077250970282248727e-01
5.649372577667236328e+01,9.090078110722620008e-02,2.591724968710786836e-01,7.860051913180173822e-01,-1.761885104106046924e+02,-8.642769514270934650e+00,1.077314512137514113e-01
5.651066279411315918e+01,9.090078110722620008e-02,2.591724968710786836e-01,7.860051913180173822e-01,-1.761885104106046924e+02,-8.642769514270934650e+00,1.077314512137514113e-01
5.652693629264831543e+01,9.095237926231103387e-02,2.593182614263859764e-01,7.860373081424446573e-01,-1.761568100910130283e+02,-8.651011907827832914e+00,7.446374248329472312e-02
5.654706573486328125e+01,9.092350285402064913e-02,2.593293610709848651e-01,7.860336855497882524e-01,-1.761578129684346834e+02,-8.643759719444265244e+00,1.048241931308029895e-01
5.656656503677368164e+01,9.095237926231103387e-02,2.593182614263859764e-01,7.860373081424446573e-01,-1.761568100910130283e+02,-8.651011907827832914e+00,7.446374248329472312e-02
5.658712816238403320e+01,9.092411653774767899e-02,2.592772518367619794e-01,7.860302321173292528e-01,-1.761722458411321668e+02,-8.642797358170357214e+00,9.030274448274544508e-02
5.660589170455932617e+01,9.092903310532833572e-02,2.592135158351047686e-01,7.860122558325631781e-01,-1.761730750223632356e+02,-8.650988508763195028e+00,9.189480963180371442e-02
5.663017702102661133e+01,9.095237926231103387e-02,2.593182614263859764e-01,7.860373081424446573e-01,-1.761568100910130283e+02,-8.651011907827832914e+00,7.446374248329472312e-02
5.664723873138427734e+01,9.095177737831570963e-02,2.593703698816625103e-01,7.860407753775263684e-01,-1.761423792852018835e+02,-8.651978136524144603e+00,8.898524507879088108e-02
5.666718912124633789e+01,9.095237926231103387e-02,2.593182614263859764e-01,7.860373081424446573e-01,-1.761568100910130283e+02,-8.651011907827832914e+00,7.446374248329472312e-02
5.669083666801452637e+01,9.092903310532833572e-02,2.592135158351047686e-01,7.860122558325631781e-01,-1.761730750223632356e+02,-8.650988508763195028e+00,9.189480963180371442e-02
5.670573449134826660e+01,9.092903310532833572e-02,2.592135158351047686e-01,7.860122558325631781e-01,-1.761730750223632356e+02,-8.650988508763195028e+00,9.189480963180371442e-02
5.672481036186218262e+01,9.092411653774767899e-02,2.592772518367619794e-01,7.860302321173292528e-01,-1.761722458411321668e+02,-8.642797358170357214e+00,9.030274448274544508e-02
5.674566888809204102e+01,9.095237926231103387e-02,2.593182614263859764e-01,7.860373081424446573e-01,-1.761568100910130283e+02,-8.651011907827832914e+00,7.446374248329472312e-02
5.676857376098632812e+01,9.092411653774767899e-02,2.592772518367619794e-01,7.860302321173292528e-01,-1.761722458411321668e+02,-8.642797358170357214e+00,9.030274448274544508e-02
5.678948163986206055e+01,9.095237926231103387e-02,2.593182614263859764e-01,7.860373081424446573e-01,-1.761568100910130283e+02,-8.651011907827832914e+00,7.446374248329472312e-02
5.680992007255554199e+01,9.095237926231103387e-02,2.593182614263859764e-01,7.860373081424446573e-01,-1.761568100910130283e+02,-8.651011907827832914e+00,7.446374248329472312e-02
5.682694244384765625e+01,9.090078110722620008e-02,2.591724968710786836e-01,7.860051913180173822e-01,-1.761885104106046924e+02,-8.642769514270934650e+00,1.077314512137514113e-01
5.685036110877990723e+01,9.095237926231103387e-02,2.593182614263859764e-01,7.860373081424446573e-01,-1.761568100910130283e+02,-8.651011907827832914e+00,7.446374248329472312e-02
5.686894488334655762e+01,9.095237926231103387e-02,2.593182614263859764e-01,7.860373081424446573e-01,-1.761568100910130283e+02,-8.651011907827832914e+00,7.446374248329472312e-02
5.689233994483947754e+01,9.090078110722620008e-02,2.591724968710786836e-01,7.860051913180173822e-01,-1.761885104106046924e+02,-8.642769514270934650e+00,1.077314512137514113e-01
5.691023015975952148e+01,9.095177737831570963e-02,2.593703698816625103e-01,7.860407753775263684e-01,-1.761423792852018835e+02,-8.651978136524144603e+00,8.898524507879088108e-02
5.692872214317321777e+01,9.092903310532833572e-02,2.592135158351047686e-01,7.860122558325631781e-01,-1.761730750223632356e+02,-8.650988508763195028e+00,9.189480963180371442e-02
5.694897913932800293e+01,9.092411653774767899e-02,2.592772518367619794e-01,7.860302321173292528e-01,-1.761722458411321668e+02,-8.642797358170357214e+00,9.030274448274544508e-02
5.696743249893188477e+01,9.092411653774767899e-02,2.592772518367619794e-01,7.860302321173292528e-01,-1.761722458411321668e+02,-8.642797358170357214e+00,9.030274448274544508e-02
5.698221015930175781e+01,9.092411653774767899e-02,2.592772518367619794e-01,7.860302321173292528e-01,-1.761722458411321668e+02,-8.642797358170357214e+00,9.030274448274544508e-02
5.700502681732177734e+01,9.095237926231103387e-02,2.593182614263859764e-01,7.860373081424446573e-01,-1.761568100910130283e+02,-8.651011907827832914e+00,7.446374248329472312e-02
5.702665162086486816e+01,9.074842587484788226e-02,2.592772517087647555e-01,7.859953859158705924e-01,-1.761722108037783414e+02,-8.620817836718716265e+00,9.029740519313672609e-02
5.704350042343139648e+01,9.092411653774767899e-02,2.592772518367619794e-01,7.860302321173292528e-01,-1.761722458411321668e+02,-8.642797358170357214e+00,9.030274448274544508e-02
5.706865167617797852e+01,9.102068032838604716e-02,2.593183493048427657e-01,7.860477132997631955e-01,-1.761565856533453598e+02,-8.672942026679995919e+00,7.297350000741956166e-02
5.708299016952514648e+01,9.095237926231103387e-02,2.593182614263859764e-01,7.860373081424446573e-01,-1.761568100910130283e+02,-8.651011907827832914e+00,7.446374248329472312e-02
5.710584950447082520e+01,9.092411653774767899e-02,2.592772518367619794e-01,7.860302321173292528e-01,-1.761722458411321668e+02,-8.642797358170357214e+00,9.030274448274544508e-02
5.713153934478759766e+01,9.095237926231103387e-02,2.593182614263859764e-01,7.860373081424446573e-01,-1.761568100910130283e+02,-8.651011907827832914e+00,7.446374248329472312e-02
5.715149974822998047e+01,9.095237926231103387e-02,2.593182614263859764e-01,7.860373081424446573e-01,-1.761568100910130283e+02,-8.651011907827832914e+00,7.446374248329472312e-02
5.716396999359130859e+01,9.090078110722620008e-02,2.591724968710786836e-01,7.860051913180173822e-01,-1.761885104106046924e+02,-8.642769514270934650e+00,1.077314512137514113e-01
5.718617963790893555e+01,9.092903310532833572e-02,2.592135158351047686e-01,7.860122558325631781e-01,-1.761730750223632356e+02,-8.650988508763195028e+00,9.189480963180371442e-02
5.720968484878540039e+01,9.090078110722620008e-02,2.591724968710786836e-01,7.860051913180173822e-01,-1.761885104106046924e+02,-8.642769514270934650e+00,1.077314512137514113e-01
5.722034263610839844e+01,9.092411653774767899e-02,2.592772518367619794e-01,7.860302321173292528e-01,-1.761722458411321668e+02,-8.642797358170357214e+00,9.030274448274544508e-02
5.724072098731994629e+01,9.092411653774767899e-02,2.592772518367619794e-01,7.860302321173292528e-01,-1.761722458411321668e+02,-8.642797358170357214e+00,9.030274448274544508e-02
5.726203441619873047e+01,9.092411653774767899e-02,2.592772518367619794e-01,7.860302321173292528e-01,-1.761722458411321668e+02,-8.642797358170357214e+00,9.030274448274544508e-02
5.727426338195800781e+01,9.092411653774767899e-02,2.592772518367619794e-01,7.860302321173292528e-01,-1.761722458411321668e+02,-8.642797358170357214e+00,9.030274448274544508e-02
5.729429864883422852e+01,9.092903310532833572e-02,2.592135158351047686e-01,7.860122558325631781e-01,-1.761730750223632356e+02,-8.650988508763195028e+00,9.189480963180371442e-02
5.731323862075805664e+01,9.095237926231103387e-02,2.593182614263859764e-01,7.860373081424446573e-01,-1.761568100910130283e+02,-8.651011907827832914e+00,7.446374248329472312e-02
5.733381938934326172e+01,9.095177737831570963e-02,2.593703698816625103e-01,7.860407753775263684e-01,-1.761423792852018835e+02,-8.651978136524144603e+00,8.898524507879088108e-02
5.735762786865234375e+01,9.095237926231103387e-02,2.593182614263859764e-01,7.860373081424446573e-01,-1.761568100910130283e+02,-8.651011907827832914e+00,7.446374248329472312e-02
5.737766957283020020e+01,9.095237926231103387e-02,2.593182614263859764e-01,7.860373081424446573e-01,-1.761568100910130283e+02,-8.651011907827832914e+00,7.446374248329472312e-02
5.739869642257690430e+01,9.092411653774767899e-02,2.592772518367619794e-01,7.860302321173292528e-01,-1.761722458411321668e+02,-8.642797358170357214e+00,9.030274448274544508e-02
5.741975855827331543e+01,9.095177737831570963e-02,2.593703698816625103e-01,7.860407753775263684e-01,-1.761423792852018835e+02,-8.651978136524144603e+00,8.898524507879088108e-02
5.743950724601745605e+01,9.092411653774767899e-02,2.592772518367619794e-01,7.860302321173292528e-01,-1.761722458411321668e+02,-8.642797358170357214e+00,9.030274448274544508e-02
5.745761847496032715e+01,9.095237926231103387e-02,2.593182614263859764e-01,7.860373081424446573e-01,-1.761568100910130283e+02,-8.651011907827832914e+00,7.446374248329472312e-02
5.748207998275756836e+01,9.095237926231103387e-02,2.593182614263859764e-01,7.860373081424446573e-01,-1.761568100910130283e+02,-8.651011907827832914e+00,7.446374248329472312e-02
5.749595713615417480e+01,9.092350285402064913e-02,2.593293610709848651e-01,7.860336855497882524e-01,-1.761578129684346834e+02,-8.643759719444265244e+00,1.048241931308029895e-01
5.751046442985534668e+01,9.092411653774767899e-02,2.592772518367619794e-01,7.860302321173292528e-01,-1.761722458411321668e+02,-8.642797358170357214e+00,9.030274448274544508e-02
5.753094625473022461e+01,9.095237926231103387e-02,2.593182614263859764e-01,7.860373081424446573e-01,-1.761568100910130283e+02,-8.651011907827832914e+00,7.446374248329472312e-02
5.755247449874877930e+01,9.074781351602961843e-02,2.593293609429885294e-01,7.859988395834940356e-01,-1.761577722966763702e+02,-8.621780207477787172e+00,1.048180075305433084e-01
5.757483386993408203e+01,9.074781351602961843e-02,2.593293609429885294e-01,7.859988395834940356e-01,-1.761577722966763702e+02,-8.621780207477787172e+00,1.048180075305433084e-01
5.758992958068847656e+01,9.095237926231103387e-02,2.593182614263859764e-01,7.860373081424446573e-01,-1.761568100910130283e+02,-8.651011907827832914e+00,7.446374248329472312e-02
5.760964155197143555e+01,9.092411653774767899e-02,2.592772518367619794e-01,7.860302321173292528e-01,-1.761722458411321668e+02,-8.642797358170357214e+00,9.030274448274544508e-02
5.762233018875122070e+01,9.095237926231103387e-02,2.593182614263859764e-01,7.860373081424446573e-01,-1.761568100910130283e+02,-8.651011907827832914e+00,7.446374248329472312e-02
5.764257836341857910e+01,9.092903310532833572e-02,2.592135158351047686e-01,7.860122558325631781e-01,-1.761730750223632356e+02,-8.650988508763195028e+00,9.189480963180371442e-02
5.766296005249023438e+01,9.095177737831570963e-02,2.593703698816625103e-01,7.860407753775263684e-01,-1.761423792852018835e+02,-8.651978136524144603e+00,8.898524507879088108e-02
5.768187141418457031e+01,9.092411653774767899e-02,2.592772518367619794e-01,7.860302321173292528e-01,-1.761722458411321668e+02,-8.642797358170357214e+00,9.030274448274544508e-02
5.770664906501770020e+01,9.092903310532833572e-02,2.592135158351047686e-01,7.860122558325631781e-01,-1.761730750223632356e+02,-8.650988508763195028e+00,9.189480963180371442e-02
5.773173999786376953e+01,9.095177737831570963e-02,2.593703698816625103e-01,7.860407753775263684e-01,-1.761423792852018835e+02,-8.651978136524144603e+00,8.898524507879088108e-02
5.774597907066345215e+01,9.077669131186225093e-02,2.593182612983489510e-01,7.860024510984465751e-01,-1.761567811985431149e+02,-8.629032377640143636e+00,7.445932134847486894e-02
5.776546525955200195e+01,9.077669131186225093e-02,2.593182612983489510e-01,7.860024510984465751e-01,-1.761567811985431149e+02,-8.629032377640143636e+00,7.445932134847486894e-02
5.778598666191101074e+01,9.092350285402064913e-02,2.593293610709848651e-01,7.860336855497882524e-01,-1.761578129684346834e+02,-8.643759719444265244e+00,1.048241931308029895e-01
5.780337834358215332e+01,9.095237926231103387e-02,2.593182614263859764e-01,7.860373081424446573e-01,-1.761568100910130283e+02,-8.651011907827832914e+00,7.446374248329472312e-02
5.782218551635742188e+01,9.090078110722620008e-02,2.591724968710786836e-01,7.860051913180173822e-01,-1.761885104106046924e+02,-8.642769514270934650e+00,1.077314512137514113e-01
5.784351611137390137e+01,9.095237926231103387e-02,2.593182614263859764e-01,7.860373081424446573e-01,-1.761568100910130283e+02,-8.651011907827832914e+00,7.446374248329472312e-02
5.786532926559448242e+01,9.095237926231103387e-02,2.593182614263859764e-01,7.860373081424446573e-01,-1.761568100910130283e+02,-8.651011907827832914e+00,7.446374248329472312e-02
5.788373208045959473e+01,9.092841759330053120e-02,2.592656251022061320e-01,7.860157084434390429e-01,-1.761586442516774866e+02,-8.651950662006766990e+00,1.064165881081591963e-01
5.790335345268249512e+01,9.082488466981444852e-02,2.592838616555502296e-01,7.859309834699609310e-01,-1.761738384199819052e+02,-8.628004122707679358e+00,1.129223875365953089e-01
5.792282629013061523e+01,9.090078110722620008e-02,2.591724968710786836e-01,7.860051913180173822e-01,-1.761885104106046924e+02,-8.642769514270934650e+00,1.077314512137514113e-01
5.794464993476867676e+01,9.095237926231103387e-02,2.593182614263859764e-01,7.860373081424446573e-01,-1.761568100910130283e+02,-8.651011907827832914e+00,7.446374248329472312e-02
5.796304106712341309e+01,9.092411653774767899e-02,2.592772518367619794e-01,7.860302321173292528e-01,-1.761722458411321668e+02,-8.642797358170357214e+00,9.030274448274544508e-02
5.798402833938598633e+01,9.095237926231103387e-02,2.593182614263859764e-01,7.860373081424446573e-01,-1.761568100910130283e+02,-8.651011907827832914e+00,7.446374248329472312e-02
5.800386595726013184e+01,9.095237926231103387e-02,2.593182614263859764e-01,7.860373081424446573e-01,-1.761568100910130283e+02,-8.651011907827832914e+00,7.446374248329472312e-02
5.802353739738464355e+01,9.085251185541674823e-02,2.593769907930112972e-01,7.859415169923569255e-01,-1.761439722468616651e+02,-8.637184937266848550e+00,1.116051979619224754e-01
5.804748177528381348e+01,9.092350285402064913e-02,2.593293610709848651e-01,7.860336855497882524e-01,-1.761578129684346834e+02,-8.643759719444265244e+00,1.048241931308029895e-01
5.806301736831665039e+01,9.095237926231103387e-02,2.593182614263859764e-01,7.860373081424446573e-01,-1.761568100910130283e+02,-8.651011907827832914e+00,7.446374248329472312e-02
5.808821797370910645e+01,9.092411653774767899e-02,2.592772518367619794e-01,7.860302321173292528e-01,-1.761722458411321668e+02,-8.642797358170357214e+00,9.030274448274544508e-02
5.810603332519531250e+01,9.092411653774767899e-02,2.592772518367619794e-01,7.860302321173292528e-01,-1.761722458411321668e+02,-8.642797358170357214e+00,9.030274448274544508e-02
5.812777233123779297e+01,9.092411653774767899e-02,2.592772518367619794e-01,7.860302321173292528e-01,-1.761722458411321668e+02,-8.642797358170357214e+00,9.030274448274544508e-02
5.814626741409301758e+01,9.090078110722620008e-02,2.591724968710786836e-01,7.860051913180173822e-01,-1.761885104106046924e+02,-8.642769514270934650e+00,1.077314512137514113e-01
5.815988111495971680e+01,9.092411653774767899e-02,2.592772518367619794e-01,7.860302321173292528e-01,-1.761722458411321668e+02,-8.642797358170357214e+00,9.030274448274544508e-02
5.818511700630187988e+01,9.095237926231103387e-02,2.593182614263859764e-01,7.860373081424446573e-01,-1.761568100910130283e+02,-8.651011907827832914e+00,7.446374248329472312e-02
5.820169639587402344e+01,9.095237926231103387e-02,2.593182614263859764e-01,7.860373081424446573e-01,-1.761568100910130283e+02,-8.651011907827832914e+00,7.446374248329472312e-02
5.822484588623046875e+01,9.092903310532833572e-02,2.592135158351047686e-01,7.860122558325631781e-01,-1.761730750223632356e+02,-8.650988508763195028e+00,9.189480963180371442e-02
5.824056529998779297e+01,9.095237926231103387e-02,2.593182614263859764e-01,7.860373081424446573e-01,-1.761568100910130283e+02,-8.651011907827832914e+00,7.446374248329472312e-02
5.826153254508972168e+01,9.087650848689941829e-02,2.594296687383477185e-01,7.859631346254754014e-01,-1.761421425490143235e+02,-8.636243964241371529e+00,7.965741187580116511e-02
5.829095244407653809e+01,9.074842587484788226e-02,2.592772517087647555e-01,7.859953859158705924e-01,-1.761722108037783414e+02,-8.620817836718716265e+00,9.029740519313672609e-02
5.830472350120544434e+01,9.095237926231103387e-02,2.593182614263859764e-01,7.860373081424446573e-01,-1.761568100910130283e+02,-8.651011907827832914e+00,7.446374248329472312e-02
5.833182859420776367e+01,9.077609075806974959e-02,2.593703697536263175e-01,7.860059185641651291e-01,-1.761423447581968276e+02,-8.629998614281779723e+00,8.897997691478695681e-02
5.834874820709228516e+01,9.092411653774767899e-02,2.592772518367619794e-01,7.860302321173292528e-01,-1.761722458411321668e+02,-8.642797358170357214e+00,9.030274448274544508e-02
5.836801981925964355e+01,9.090078110722620008e-02,2.591724968710786836e-01,7.860051913180173822e-01,-1.761885104106046924e+02,-8.642769514270934650e+00,1.077314512137514113e-01
5.838934254646301270e+01,9.092841759330053120e-02,2.592656251022061320e-01,7.860157084434390429e-01,-1.761586442516774866e+02,-8.651950662006766990e+00,1.064165881081591963e-01
5.840937829017639160e+01,9.095237926231103387e-02,2.593182614263859764e-01,7.860373081424446573e-01,-1.761568100910130283e+02,-8.651011907827832914e+00,7.446374248329472312e-02
5.842844557762145996e+01,9.092350285402064913e-02,2.593293610709848651e-01,7.860336855497882524e-01,-1.761578129684346834e+02,-8.643759719444265244e+00,1.048241931308029895e-01
5.844972276687622070e+01,9.095237926231103387e-02,2.593182614263859764e-01,7.860373081424446573e-01,-1.761568100910130283e+02,-8.651011907827832914e+00,7.446374248329472312e-02
5.846815276145935059e+01,9.095237926231103387e-02,2.593182614263859764e-01,7.860373081424446573e-01,-1.761568100910130283e+02,-8.651011907827832914e+00,7.446374248329472312e-02
5.849049568176269531e+01,9.092411653774767899e-02,2.592772518367619794e-01,7.860302321173292528e-01,-1.761722458411321668e+02,-8.642797358170357214e+00,9.030274448274544508e-02
5.850921654701232910e+01,9.095237926231103387e-02,2.593182614263859764e-01,7.860373081424446573e-01,-1.761568100910130283e+02,-8.651011907827832914e+00,7.446374248329472312e-02
5.853312373161315918e+01,9.092903310532833572e-02,2.592135158351047686e-01,7.860122558325631781e-01,-1.761730750223632356e+02,-8.650988508763195028e+00,9.189480963180371442e-02
5.855082607269287109e+01,9.092903310532833572e-02,2.592135158351047686e-01,7.860122558325631781e-01,-1.761730750223632356e+02,-8.650988508763195028e+00,9.189480963180371442e-02
5.857230067253112793e+01,9.090078110722620008e-02,2.591724968710786836e-01,7.860051913180173822e-01,-1.761885104106046924e+02,-8.642769514270934650e+00,1.077314512137514113e-01
5.859381699562072754e+01,9.074842587484788226e-02,2.592772517087647555e-01,7.859953859158705924e-01,-1.761722108037783414e+02,-8.620817836718716265e+00,9.029740519313672609e-02
5.861464071273803711e+01,9.092903310532833572e-02,2.592135158351047686e-01,7.860122558325631781e-01,-1.761730750223632356e+02,-8.650988508763195028e+00,9.189480963180371442e-02
5.863351488113403320e+01,9.092411653774767899e-02,2.592772518367619794e-01,7.860302321173292528e-01,-1.761722458411321668e+02,-8.642797358170357214e+00,9.030274448274544508e-02
5.865184664726257324e+01,9.090078110722620008e-02,2.591724968710786836e-01,7.860051913180173822e-01,-1.761885104106046924e+02,-8.642769514270934650e+00,1.077314512137514113e-01
5.867223262786865234e+01,9.092350285402064913e-02,2.593293610709848651e-01,7.860336855497882524e-01,-1.761578129684346834e+02,-8.643759719444265244e+00,1.048241931308029895e-01
5.870242118835449219e+01,9.082488466981444852e-02,2.592838616555502296e-01,7.859309834699609310e-01,-1.761738384199819052e+02,-8.628004122707679358e+00,1.129223875365953089e-01
5.871877717971801758e+01,9.092903310532833572e-02,2.592135158351047686e-01,7.860122558325631781e-01,-1.761730750223632356e+02,-8.650988508763195028e+00,9.189480963180371442e-02
5.873813676834106445e+01,9.092903310532833572e-02,2.592135158351047686e-01,7.860122558325631781e-01,-1.761730750223632356e+02,-8.650988508763195028e+00,9.189480963180371442e-02
5.875668525695800781e+01,9.092411653774767899e-02,2.592772518367619794e-01,7.860302321173292528e-01,-1.761722458411321668e+02,-8.642797358170357214e+00,9.030274448274544508e-02
5.877144527435302734e+01,9.095177737831570963e-02,2.593703698816625103e-01,7.860407753775263684e-01,-1.761423792852018835e+02,-8.651978136524144603e+00,8.898524507879088108e-02
5.879101419448852539e+01,9.092411653774767899e-02,2.592772518367619794e-01,7.860302321173292528e-01,-1.761722458411321668e+02,-8.642797358170357214e+00,9.030274448274544508e-02
5.880828261375427246e+01,9.077669131186225093e-02,2.593182612983489510e-01,7.860024510984465751e-01,-1.761567811985431149e+02,-8.629032377640143636e+00,7.445932134847486894e-02
5.882936072349548340e+01,9.095237926231103387e-02,2.593182614263859764e-01,7.860373081424446573e-01,-1.761568100910130283e+02,-8.651011907827832914e+00,7.446374248329472312e-02
5.884670305252075195e+01,9.092903310532833572e-02,2.592135158351047686e-01,7.860122558325631781e-01,-1.761730750223632356e+02,-8.650988508763195028e+00,9.189480963180371442e-02
5.886753201484680176e+01,9.075272135856179978e-02,2.592656249742028018e-01,7.859808605930974634e-01,-1.761586029611753759e+02,-8.629971151166294874e+00,1.064103037980270033e-01
5.888201045989990234e+01,9.084824923096859739e-02,2.593886572884663289e-01,7.859560555291226214e-01,-1.761575744896322249e+02,-8.628033424021495534e+00,9.549792042234732381e-02
5.890355181694030762e+01,9.095237926231103387e-02,2.593182614263859764e-01,7.860373081424446573e-01,-1.761568100910130283e+02,-8.651011907827832914e+00,7.446374248329472312e-02
5.892535138130187988e+01,9.092411653774767899e-02,2.592772518367619794e-01,7.860302321173292528e-01,-1.761722458411321668e+02,-8.642797358170357214e+00,9.030274448274544508e-02
5.895048689842224121e+01,9.092411653774767899e-02,2.592772518367619794e-01,7.860302321173292528e-01,-1.761722458411321668e+02,-8.642797358170357214e+00,9.030274448274544508e-02
5.896839642524719238e+01,9.095237926231103387e-02,2.593182614263859764e-01,7.860373081424446573e-01,-1.761568100910130283e+02,-8.651011907827832914e+00,7.446374248329472312e-02
5.899170255661010742e+01,9.095237926231103387e-02,2.593182614263859764e-01,7.860373081424446573e-01,-1.761568100910130283e+02,-8.651011907827832914e+00,7.446374248329472312e-02
5.901075720787048340e+01,9.092903310532833572e-02,2.592135158351047686e-01,7.860122558325631781e-01,-1.761730750223632356e+02,-8.650988508763195028e+00,9.189480963180371442e-02
5.903108310699462891e+01,9.095237926231103387e-02,2.593182614263859764e-01,7.860373081424446573e-01,-1.761568100910130283e+02,-8.651011907827832914e+00,7.446374248329472312e-02
5.905211329460144043e+01,9.092411653774767899e-02,2.592772518367619794e-01,7.860302321173292528e-01,-1.761722458411321668e+02,-8.642797358170357214e+00,9.030274448274544508e-02
5.907266592979431152e+01,9.095237926231103387e-02,2.593182614263859764e-01,7.860373081424446573e-01,-1.761568100910130283e+02,-8.651011907827832914e+00,7.446374248329472312e-02
5.909432315826416016e+01,9.092350285402064913e-02,2.593293610709848651e-01,7.860336855497882524e-01,-1.761578129684346834e+02,-8.643759719444265244e+00,1.048241931308029895e-01
5.911690115928649902e+01,9.092411653774767899e-02,2.592772518367619794e-01,7.860302321173292528e-01,-1.761722458411321668e+02,-8.642797358170357214e+00,9.030274448274544508e-02
5.913429665565490723e+01,9.072508083985757199e-02,2.591724967431142668e-01,7.859703540702336344e-01,-1.761884686109414702e+02,-8.620790004373029447e+00,1.077250970282248727e-01
5.915392255783081055e+01,9.095237926231103387e-02,2.593182614263859764e-01,7.860373081424446573e-01,-1.761568100910130283e+02,-8.651011907827832914e+00,7.446374248329472312e-02
5.917544174194335938e+01,9.092411653774767899e-02,2.592772518367619794e-01,7.860302321173292528e-01,-1.761722458411321668e+02,-8.642797358170357214e+00,9.030274448274544508e-02
5.920154404640197754e+01,9.095237926231103387e-02,2.593182614263859764e-01,7.860373081424446573e-01,-1.761568100910130283e+02,-8.651011907827832914e+00,7.446374248329472312e-02
5.921894979476928711e+01,9.092411653774767899e-02,2.592772518367619794e-01,7.860302321173292528e-01,-1.761722458411321668e+02,-8.642797358170357214e+00,9.030274448274544508e-02
5.923965311050415039e+01,9.095237926231103387e-02,2.593182614263859764e-01,7.860373081424446573e-01,-1.761568100910130283e+02,-8.651011907827832914e+00,7.446374248329472312e-02
5.926200556755065918e+01,9.095237926231103387e-02,2.593182614263859764e-01,7.860373081424446573e-01,-1.761568100910130283e+02,-8.651011907827832914e+00,7.446374248329472312e-02
5.928375554084777832e+01,9.092411653774767899e-02,2.592772518367619794e-01,7.860302321173292528e-01,-1.761722458411321668e+02,-8.642797358170357214e+00,9.030274448274544508e-02
5.930602478981018066e+01,9.090078110722620008e-02,2.591724968710786836e-01,7.860051913180173822e-01,-1.761885104106046924e+02,-8.642769514270934650e+00,1.077314512137514113e-01
5.931938958168029785e+01,9.092903310532833572e-02,2.592135158351047686e-01,7.860122558325631781e-01,-1.761730750223632356e+02,-8.650988508763195028e+00,9.189480963180371442e-02
5.934006166458129883e+01,9.095237926231103387e-02,2.593182614263859764e-01,7.860373081424446573e-01,-1.761568100910130283e+02,-8.651011907827832914e+00,7.446374248329472312e-02
5.935866570472717285e+01,9.092411653774767899e-02,2.592772518367619794e-01,7.860302321173292528e-01,-1.761722458411321668e+02,-8.642797358170357214e+00,9.030274448274544508e-02
5.938145875930786133e+01,9.095237926231103387e-02,2.593182614263859764e-01,7.860373081424446573e-01,-1.761568100910130283e+02,-8.651011907827832914e+00,7.446374248329472312e-02
5.939912390708923340e+01,9.095237926231103387e-02,2.593182614263859764e-01,7.860373081424446573e-01,-1.761568100910130283e+02,-8.651011907827832914e+00,7.446374248329472312e-02
5.942300772666931152e+01,9.095237926231103387e-02,2.593182614263859764e-01,7.860373081424446573e-01,-1.761568100910130283e+02,-8.651011907827832914e+00,7.446374248329472312e-02
5.944227218627929688e+01,9.095237926231103387e-02,2.593182614263859764e-01,7.860373081424446573e-01,-1.761568100910130283e+02,-8.651011907827832914e+00,7.446374248329472312e-02
5.946537899971008301e+01,9.092411653774767899e-02,2.592772518367619794e-01,7.860302321173292528e-01,-1.761722458411321668e+02,-8.642797358170357214e+00,9.030274448274544508e-02
5.948057198524475098e+01,9.092411653774767899e-02,2.592772518367619794e-01,7.860302321173292528e-01,-1.761722458411321668e+02,-8.642797358170357214e+00,9.030274448274544508e-02
5.950373983383178711e+01,9.092903310532833572e-02,2.592135158351047686e-01,7.860122558325631781e-01,-1.761730750223632356e+02,-8.650988508763195028e+00,9.189480963180371442e-02
5.952519702911376953e+01,9.092411653774767899e-02,2.592772518367619794e-01,7.860302321173292528e-01,-1.761722458411321668e+02,-8.642797358170357214e+00,9.030274448274544508e-02
5.954377555847167969e+01,9.092411653774767899e-02,2.592772518367619794e-01,7.860302321173292528e-01,-1.761722458411321668e+02,-8.642797358170357214e+00,9.030274448274544508e-02
5.956550765037536621e+01,9.092903310532833572e-02,2.592135158351047686e-01,7.860122558325631781e-01,-1.761730750223632356e+02,-8.650988508763195028e+00,9.189480963180371442e-02
5.959181499481201172e+01,9.095237926231103387e-02,2.593182614263859764e-01,7.860373081424446573e-01,-1.761568100910130283e+02,-8.651011907827832914e+00,7.446374248329472312e-02
5.960443496704101562e+01,9.090015379526386607e-02,2.592246069101666883e-01,7.860086301260529318e-01,-1.761740775716853022e+02,-8.643727800109362036e+00,1.222531744497039469e-01
5.963056397438049316e+01,9.092350285402064913e-02,2.593293610709848651e-01,7.860336855497882524e-01,-1.761578129684346834e+02,-8.643759719444265244e+00,1.048241931308029895e-01
5.965289664268493652e+01,9.092411653774767899e-02,2.592772518367619794e-01,7.860302321173292528e-01,-1.761722458411321668e+02,-8.642797358170357214e+00,9.030274448274544508e-02
5.967143225669860840e+01,9.095237926231103387e-02,2.593182614263859764e-01,7.860373081424446573e-01,-1.761568100910130283e+02,-8.651011907827832914e+00,7.446374248329472312e-02
5.968901753425598145e+01,9.090078110722620008e-02,2.591724968710786836e-01,7.860051913180173822e-01,-1.761885104106046924e+02,-8.642769514270934650e+00,1.077314512137514113e-01
5.970743560791015625e+01,9.090078110722620008e-02,2.591724968710786836e-01,7.860051913180173822e-01,-1.761885104106046924e+02,-8.642769514270934650e+00,1.077314512137514113e-01
5.972978115081787109e+01,9.092411653774767899e-02,2.592772518367619794e-01,7.860302321173292528e-01,-1.761722458411321668e+02,-8.642797358170357214e+00,9.030274448274544508e-02
5.974840211868286133e+01,9.092411653774767899e-02,2.592772518367619794e-01,7.860302321173292528e-01,-1.761722458411321668e+02,-8.642797358170357214e+00,9.030274448274544508e-02
5.976681947708129883e+01,9.092411653774767899e-02,2.592772518367619794e-01,7.860302321173292528e-01,-1.761722458411321668e+02,-8.642797358170357214e+00,9.030274448274544508e-02
5.979211282730102539e+01,9.074781351602961843e-02,2.593293609429885294e-01,7.859988395834940356e-01,-1.761577722966763702e+02,-8.621780207477787172e+00,1.048180075305433084e-01
5.980588960647583008e+01,9.103303798474604580e-02,2.593784148606641526e-01,7.860716601620401089e-01,-1.761617334714693470e+02,-8.658611382164494330e+00,9.990224616644895195e-02
5.982944989204406738e+01,9.090078110722620008e-02,2.591724968710786836e-01,7.860051913180173822e-01,-1.761885104106046924e+02,-8.642769514270934650e+00,1.077314512137514113e-01
5.984947156906127930e+01,9.095237926231103387e-02,2.593182614263859764e-01,7.860373081424446573e-01,-1.761568100910130283e+02,-8.651011907827832914e+00,7.446374248329472312e-02
5.986873579025268555e+01,9.092411653774767899e-02,2.592772518367619794e-01,7.860302321173292528e-01,-1.761722458411321668e+02,-8.642797358170357214e+00,9.030274448274544508e-02
5.989284181594848633e+01,9.090015379526386607e-02,2.592246069101666883e-01,7.860086301260529318e-01,-1.761740775716853022e+02,-8.643727800109362036e+00,1.222531744497039469e-01
5.990874004364013672e+01,9.092411653774767899e-02,2.592772518367619794e-01,7.860302321173292528e-01,-1.761722458411321668e+02,-8.642797358170357214e+00,9.030274448274544508e-02
5.993062639236450195e+01,9.095177737831570963e-02,2.593703698816625103e-01,7.860407753775263684e-01,-1.761423792852018835e+02,-8.651978136524144603e+00,8.898524507879088108e-02
5.994899344444274902e+01,9.077669131186225093e-02,2.593182612983489510e-01,7.860024510984465751e-01,-1.761567811985431149e+02,-8.629032377640143636e+00,7.445932134847486894e-02
5.996959495544433594e+01,9.090078110722620008e-02,2.591724968710786836e-01,7.860051913180173822e-01,-1.761885104106046924e+02,-8.642769514270934650e+00,1.077314512137514113e-01
5.998987555503845215e+01,9.092903310532833572e-02,2.592135158351047686e-01,7.860122558325631781e-01,-1.761730750223632356e+02,-8.650988508763195028e+00,9.189480963180371442e-02
6.001100420951843262e+01,9.092350285402064913e-02,2.593293610709848651e-01,7.860336855497882524e-01,-1.761578129684346834e+02,-8.643759719444265244e+00,1.048241931308029895e-01
6.002824950218200684e+01,9.092350285402064913e-02,2.593293610709848651e-01,7.860336855497882524e-01,-1.761578129684346834e+02,-8.643759719444265244e+00,1.048241931308029895e-01
6.005071854591369629e+01,9.074842587484788226e-02,2.592772517087647555e-01,7.859953859158705924e-01,-1.761722108037783414e+02,-8.620817836718716265e+00,9.029740519313672609e-02
6.007083964347839355e+01,9.074842587484788226e-02,2.592772517087647555e-01,7.859953859158705924e-01,-1.761722108037783414e+02,-8.620817836718716265e+00,9.029740519313672609e-02
6.009451866149902344e+01,9.074781351602961843e-02,2.593293609429885294e-01,7.859988395834940356e-01,-1.761577722966763702e+02,-8.621780207477787172e+00,1.048180075305433084e-01
6.011308193206787109e+01,9.090015379526386607e-02,2.592246069101666883e-01,7.860086301260529318e-01,-1.761740775716853022e+02,-8.643727800109362036e+00,1.222531744497039469e-01
6.012750744819641113e+01,9.090015379526386607e-02,2.592246069101666883e-01,7.860086301260529318e-01,-1.761740775716853022e+02,-8.643727800109362036e+00,1.222531744497039469e-01
6.015222096443176270e+01,9.075333554599589181e-02,2.592135157071005502e-01,7.859774077463557163e-01,-1.761730393665171448e+02,-8.629008988282540926e+00,9.188937247660135255e-02
6.017009282112121582e+01,9.090015379526386607e-02,2.592246069101666883e-01,7.860086301260529318e-01,-1.761740775716853022e+02,-8.643727800109362036e+00,1.222531744497039469e-01
6.018843746185302734e+01,9.092350285402064913e-02,2.593293610709848651e-01,7.860336855497882524e-01,-1.761578129684346834e+02,-8.643759719444265244e+00,1.048241931308029895e-01
6.020741796493530273e+01,9.077669131186225093e-02,2.593182612983489510e-01,7.860024510984465751e-01,-1.761567811985431149e+02,-8.629032377640143636e+00,7.445932134847486894e-02
6.022691369056701660e+01,9.092350285402064913e-02,2.593293610709848651e-01,7.860336855497882524e-01,-1.761578129684346834e+02,-8.643759719444265244e+00,1.048241931308029895e-01
6.024786710739135742e+01,9.092411653774767899e-02,2.592772518367619794e-01,7.860302321173292528e-01,-1.761722458411321668e+02,-8.642797358170357214e+00,9.030274448274544508e-02
6.026699638366699219e+01,9.090078110722620008e-02,2.591724968710786836e-01,7.860051913180173822e-01,-1.761885104106046924e+02,-8.642769514270934650e+00,1.077314512137514113e-01
6.027656221389770508e+01,9.092411653774767899e-02,2.592772518367619794e-01,7.860302321173292528e-01,-1.761722458411321668e+02,-8.642797358170357214e+00,9.030274448274544508e-02
6.029920268058776855e+01,9.092411653774767899e-02,2.592772518367619794e-01,7.860302321173292528e-01,-1.761722458411321668e+02,-8.642797358170357214e+00,9.030274448274544508e-02
6.031665205955505371e+01,9.095237926231103387e-02,2.593182614263859764e-01,7.860373081424446573e-01,-1.761568100910130283e+02,-8.651011907827832914e+00,7.446374248329472312e-02
6.033450913429260254e+01,9.092350285402064913e-02,2.593293610709848651e-01,7.860336855497882524e-01,-1.761578129684346834e+02,-8.643759719444265244e+00,1.048241931308029895e-01
6.035713124275207520e+01,9.092411653774767899e-02,2.592772518367619794e-01,7.860302321173292528e-01,-1.761722458411321668e+02,-8.642797358170357214e+00,9.030274448274544508e-02
6.037558412551879883e+01,9.090015379526386607e-02,2.592246069101666883e-01,7.860086301260529318e-01,-1.761740775716853022e+02,-8.643727800109362036e+00,1.222531744497039469e-01
6.039484715461730957e+01,9.092903310532833572e-02,2.592135158351047686e-01,7.860122558325631781e-01,-1.761730750223632356e+02,-8.650988508763195028e+00,9.189480963180371442e-02
6.041576290130615234e+01,9.092411653774767899e-02,2.592772518367619794e-01,7.860302321173292528e-01,-1.761722458411321668e+02,-8.642797358170357214e+00,9.030274448274544508e-02
6.043062925338745117e+01,9.095237926231103387e-02,2.593182614263859764e-01,7.860373081424446573e-01,-1.761568100910130283e+02,-8.651011907827832914e+00,7.446374248329472312e-02
6.045010781288146973e+01,9.090078110722620008e-02,2.591724968710786836e-01,7.860051913180173822e-01,-1.761885104106046924e+02,-8.642769514270934650e+00,1.077314512137514113e-01
6.047084808349609375e+01,9.072508083985757199e-02,2.591724967431142668e-01,7.859703540702336344e-01,-1.761884686109414702e+02,-8.620790004373029447e+00,1.077250970282248727e-01
6.049040532112121582e+01,9.095237926231103387e-02,2.593182614263859764e-01,7.860373081424446573e-01,-1.761568100910130283e+02,-8.651011907827832914e+00,7.446374248329472312e-02
6.050878167152404785e+01,9.092411653774767899e-02,2.592772518367619794e-01,7.860302321173292528e-01,-1.761722458411321668e+02,-8.642797358170357214e+00,9.030274448274544508e-02
6.052841138839721680e+01,9.090078110722620008e-02,2.591724968710786836e-01,7.860051913180173822e-01,-1.761885104106046924e+02,-8.642769514270934650e+00,1.077314512137514113e-01
6.054946041107177734e+01,9.072508083985757199e-02,2.591724967431142668e-01,7.859703540702336344e-01,-1.761884686109414702e+02,-8.620790004373029447e+00,1.077250970282248727e-01
6.056785416603088379e+01,9.092411653774767899e-02,2.592772518367619794e-01,7.860302321173292528e-01,-1.761722458411321668e+02,-8.642797358170357214e+00,9.030274448274544508e-02
6.059195899963378906e+01,9.090078110722620008e-02,2.591724968710786836e-01,7.860051913180173822e-01,-1.761885104106046924e+02,-8.642769514270934650e+00,1.077314512137514113e-01
6.060958051681518555e+01,9.090078110722620008e-02,2.591724968710786836e-01,7.860051913180173822e-01,-1.761885104106046924e+02,-8.642769514270934650e+00,1.077314512137514113e-01
6.062846112251281738e+01,9.090078110722620008e-02,2.591724968710786836e-01,7.860051913180173822e-01,-1.761885104106046924e+02,-8.642769514270934650e+00,1.077314512137514113e-01
6.064768266677856445e+01,9.074781351602961843e-02,2.593293609429885294e-01,7.859988395834940356e-01,-1.761577722966763702e+02,-8.621780207477787172e+00,1.048180075305433084e-01
6.066798186302185059e+01,9.092350285402064913e-02,2.593293610709848651e-01,7.860336855497882524e-01,-1.761578129684346834e+02,-8.643759719444265244e+00,1.048241931308029895e-01
6.069254279136657715e+01,9.092411653774767899e-02,2.592772518367619794e-01,7.860302321173292528e-01,-1.761722458411321668e+02,-8.642797358170357214e+00,9.030274448274544508e-02
6.070786285400390625e+01,9.072508083985757199e-02,2.591724967431142668e-01,7.859703540702336344e-01,-1.761884686109414702e+02,-8.620790004373029447e+00,1.077250970282248727e-01
6.073020339012145996e+01,9.092350285402064913e-02,2.593293610709848651e-01,7.860336855497882524e-01,-1.761578129684346834e+02,-8.643759719444265244e+00,1.048241931308029895e-01
6.074894046783447266e+01,9.092411653774767899e-02,2.592772518367619794e-01,7.860302321173292528e-01,-1.761722458411321668e+02,-8.642797358170357214e+00,9.030274448274544508e-02
6.077743434906005859e+01,9.074781351602961843e-02,2.593293609429885294e-01,7.859988395834940356e-01,-1.761577722966763702e+02,-8.621780207477787172e+00,1.048180075305433084e-01
6.079168033599853516e+01,9.092411653774767899e-02,2.592772518367619794e-01,7.860302321173292528e-01,-1.761722458411321668e+02,-8.642797358170357214e+00,9.030274448274544508e-02
6.080646038055419922e+01,9.092350285402064913e-02,2.593293610709848651e-01,7.860336855497882524e-01,-1.761578129684346834e+02,-8.643759719444265244e+00,1.048241931308029895e-01
6.082951140403747559e+01,9.074842587484788226e-02,2.592772517087647555e-01,7.859953859158705924e-01,-1.761722108037783414e+02,-8.620817836718716265e+00,9.029740519313672609e-02
6.084067606925964355e+01,9.092411653774767899e-02,2.592772518367619794e-01,7.860302321173292528e-01,-1.761722458411321668e+02,-8.642797358170357214e+00,9.030274448274544508e-02
6.086397600173950195e+01,9.067253011852037525e-02,2.593886571605760749e-01,7.859212384369954618e-01,-1.761575374380036578e+02,-8.606053905801063664e+00,9.549228826134384396e-02
6.088099813461303711e+01,9.092903310532833572e-02,2.592135158351047686e-01,7.860122558325631781e-01,-1.761730750223632356e+02,-8.650988508763195028e+00,9.189480963180371442e-02
6.091152358055114746e+01,9.090015379526386607e-02,2.592246069101666883e-01,7.860086301260529318e-01,-1.761740775716853022e+02,-8.643727800109362036e+00,1.222531744497039469e-01
6.092453336715698242e+01,9.090078110722620008e-02,2.591724968710786836e-01,7.860051913180173822e-01,-1.761885104106046924e+02,-8.642769514270934650e+00,1.077314512137514113e-01
6.094498515129089355e+01,9.092411653774767899e-02,2.592772518367619794e-01,7.860302321173292528e-01,-1.761722458411321668e+02,-8.642797358170357214e+00,9.030274448274544508e-02
6.096399879455566406e+01,9.090015379526386607e-02,2.592246069101666883e-01,7.860086301260529318e-01,-1.761740775716853022e+02,-8.643727800109362036e+00,1.222531744497039469e-01
6.098554086685180664e+01,9.074842587484788226e-02,2.592772517087647555e-01,7.859953859158705924e-01,-1.761722108037783414e+02,-8.620817836718716265e+00,9.029740519313672609e-02
6.100158047676086426e+01,9.092411653774767899e-02,2.592772518367619794e-01,7.860302321173292528e-01,-1.761722458411321668e+02,-8.642797358170357214e+00,9.030274448274544508e-02
6.102169108390808105e+01,9.090078110722620008e-02,2.591724968710786836e-01,7.860051913180173822e-01,-1.761885104106046924e+02,-8.642769514270934650e+00,1.077314512137514113e-01
6.104102206230163574e+01,9.095237926231103387e-02,2.593182614263859764e-01,7.860373081424446573e-01,-1.761568100910130283e+02,-8.651011907827832914e+00,7.446374248329472312e-02
6.106282591819763184e+01,9.090078110722620008e-02,2.591724968710786836e-01,7.860051913180173822e-01,-1.761885104106046924e+02,-8.642769514270934650e+00,1.077314512137514113e-01
6.108116817474365234e+01,9.092350285402064913e-02,2.593293610709848651e-01,7.860336855497882524e-01,-1.761578129684346834e+02,-8.643759719444265244e+00,1.048241931308029895e-01
6.110125279426574707e+01,9.092411653774767899e-02,2.592772518367619794e-01,7.860302321173292528e-01,-1.761722458411321668e+02,-8.642797358170357214e+00,9.030274448274544508e-02
6.112104964256286621e+01,9.064915594090769413e-02,2.592838615276928382e-01,7.858961753426859653e-01,-1.761737946079541643e+02,-8.606024616643979996e+00,1.129157424907634572e-01
6.114000844955444336e+01,9.092411653774767899e-02,2.592772518367619794e-01,7.860302321173292528e-01,-1.761722458411321668e+02,-8.642797358170357214e+00,9.030274448274544508e-02
6.116473603248596191e+01,9.090078110722620008e-02,2.591724968710786836e-01,7.860051913180173822e-01,-1.761885104106046924e+02,-8.642769514270934650e+00,1.077314512137514113e-01
6.118232917785644531e+01,9.095237926231103387e-02,2.593182614263859764e-01,7.860373081424446573e-01,-1.761568100910130283e+02,-8.651011907827832914e+00,7.446374248329472312e-02
6.120225524902343750e+01,9.090078110722620008e-02,2.591724968710786836e-01,7.860051913180173822e-01,-1.761885104106046924e+02,-8.642769514270934650e+00,1.077314512137514113e-01
6.122366857528686523e+01,9.092411653774767899e-02,2.592772518367619794e-01,7.860302321173292528e-01,-1.761722458411321668e+02,-8.642797358170357214e+00,9.030274448274544508e-02
6.124048924446105957e+01,9.095237926231103387e-02,2.593182614263859764e-01,7.860373081424446573e-01,-1.761568100910130283e+02,-8.651011907827832914e+00,7.446374248329472312e-02
6.126305937767028809e+01,9.095237926231103387e-02,2.593182614263859764e-01,7.860373081424446573e-01,-1.761568100910130283e+02,-8.651011907827832914e+00,7.446374248329472312e-02
6.127653717994689941e+01,9.095237926231103387e-02,2.593182614263859764e-01,7.860373081424446573e-01,-1.761568100910130283e+02,-8.651011907827832914e+00,7.446374248329472312e-02
6.129592728614807129e+01,9.092411653774767899e-02,2.592772518367619794e-01,7.860302321173292528e-01,-1.761722458411321668e+02,-8.642797358170357214e+00,9.030274448274544508e-02
6.131554007530212402e+01,9.092903310532833572e-02,2.592135158351047686e-01,7.860122558325631781e-01,-1.761730750223632356e+02,-8.650988508763195028e+00,9.189480963180371442e-02
6.133541679382324219e+01,9.092350285402064913e-02,2.593293610709848651e-01,7.860336855497882524e-01,-1.761578129684346834e+02,-8.643759719444265244e+00,1.048241931308029895e-01
6.135689163208007812e+01,9.092411653774767899e-02,2.592772518367619794e-01,7.860302321173292528e-01,-1.761722458411321668e+02,-8.642797358170357214e+00,9.030274448274544508e-02
6.136894392967224121e+01,9.090078110722620008e-02,2.591724968710786836e-01,7.860051913180173822e-01,-1.761885104106046924e+02,-8.642769514270934650e+00,1.077314512137514113e-01
6.139301276206970215e+01,9.077669131186225093e-02,2.593182612983489510e-01,7.860024510984465751e-01,-1.761567811985431149e+02,-8.629032377640143636e+00,7.445932134847486894e-02
6.140958356857299805e+01,9.092411653774767899e-02,2.592772518367619794e-01,7.860302321173292528e-01,-1.761722458411321668e+02,-8.642797358170357214e+00,9.030274448274544508e-02
6.143147754669189453e+01,9.092411653774767899e-02,2.592772518367619794e-01,7.860302321173292528e-01,-1.761722458411321668e+02,-8.642797358170357214e+00,9.030274448274544508e-02
6.145363306999206543e+01,9.085313319879753657e-02,2.593248824797883545e-01,7.859380510552222976e-01,-1.761584068408478174e+02,-8.636219108184659987e+00,9.708423813071236086e-02
6.146963429450988770e+01,9.095237926231103387e-02,2.593182614263859764e-01,7.860373081424446573e-01,-1.761568100910130283e+02,-8.651011907827832914e+00,7.446374248329472312e-02
6.148753237724304199e+01,9.092411653774767899e-02,2.592772518367619794e-01,7.860302321173292528e-01,-1.761722458411321668e+02,-8.642797358170357214e+00,9.030274448274544508e-02
6.150937461853027344e+01,9.085581003639366104e-02,2.592771432954906752e-01,7.860198628965292533e-01,-1.761724685758903490e+02,-8.620866837489163714e+00,9.178680535222395742e-02
6.152333855628967285e+01,9.075272135856179978e-02,2.592656249742028018e-01,7.859808605930974634e-01,-1.761586029611753759e+02,-8.629971151166294874e+00,1.064103037980270033e-01
6.154373407363891602e+01,9.092411653774767899e-02,2.592772518367619794e-01,7.860302321173292528e-01,-1.761722458411321668e+02,-8.642797358170357214e+00,9.030274448274544508e-02
6.157159209251403809e+01,9.090078110722620008e-02,2.591724968710786836e-01,7.860051913180173822e-01,-1.761885104106046924e+02,-8.642769514270934650e+00,1.077314512137514113e-01
6.158598995208740234e+01,9.092411653774767899e-02,2.592772518367619794e-01,7.860302321173292528e-01,-1.761722458411321668e+02,-8.642797358170357214e+00,9.030274448274544508e-02
6.161031389236450195e+01,9.090078110722620008e-02,2.591724968710786836e-01,7.860051913180173822e-01,-1.761885104106046924e+02,-8.642769514270934650e+00,1.077314512137514113e-01
6.162679529190063477e+01,9.077669131186225093e-02,2.593182612983489510e-01,7.860024510984465751e-01,-1.761567811985431149e+02,-8.629032377640143636e+00,7.445932134847486894e-02
6.164859223365783691e+01,9.092411653774767899e-02,2.592772518367619794e-01,7.860302321173292528e-01,-1.761722458411321668e+02,-8.642797358170357214e+00,9.030274448274544508e-02
6.166883826255798340e+01,9.090078110722620008e-02,2.591724968710786836e-01,7.860051913180173822e-01,-1.761885104106046924e+02,-8.642769514270934650e+00,1.077314512137514113e-01
6.168657135963439941e+01,9.084824923096859739e-02,2.593886572884663289e-01,7.859560555291226214e-01,-1.761575744896322249e+02,-8.628033424021495534e+00,9.549792042234732381e-02
6.171287512779235840e+01,9.090078110722620008e-02,2.591724968710786836e-01,7.860051913180173822e-01,-1.761885104106046924e+02,-8.642769514270934650e+00,1.077314512137514113e-01
6.172867870330810547e+01,9.092411653774767899e-02,2.592772518367619794e-01,7.860302321173292528e-01,-1.761722458411321668e+02,-8.642797358170357214e+00,9.030274448274544508e-02
6.174761223793029785e+01,9.074842587484788226e-02,2.592772517087647555e-01,7.859953859158705924e-01,-1.761722108037783414e+02,-8.620817836718716265e+00,9.029740519313672609e-02
6.177004933357238770e+01,9.092411653774767899e-02,2.592772518367619794e-01,7.860302321173292528e-01,-1.761722458411321668e+02,-8.642797358170357214e+00,9.030274448274544508e-02
6.179484939575195312e+01,9.092411653774767899e-02,2.592772518367619794e-01,7.860302321173292528e-01,-1.761722458411321668e+02,-8.642797358170357214e+00,9.030274448274544508e-02
6.180997872352600098e+01,9.092411653774767899e-02,2.592772518367619794e-01,7.860302321173292528e-01,-1.761722458411321668e+02,-8.642797358170357214e+00,9.030274448274544508e-02
6.183257722854614258e+01,9.092411653774767899e-02,2.592772518367619794e-01,7.860302321173292528e-01,-1.761722458411321668e+02,-8.642797358170357214e+00,9.030274448274544508e-02
6.185647535324096680e+01,9.090078110722620008e-02,2.591724968710786836e-01,7.860051913180173822e-01,-1.761885104106046924e+02,-8.642769514270934650e+00,1.077314512137514113e-01
6.187776780128479004e+01,9.095237926231103387e-02,2.593182614263859764e-01,7.860373081424446573e-01,-1.761568100910130283e+02,-8.651011907827832914e+00,7.446374248329472312e-02
6.189658975601196289e+01,9.092411653774767899e-02,2.592772518367619794e-01,7.860302321173292528e-01,-1.761722458411321668e+02,-8.642797358170357214e+00,9.030274448274544508e-02
6.192315697669982910e+01,9.092411653774767899e-02,2.592772518367619794e-01,7.860302321173292528e-01,-1.761722458411321668e+02,-8.642797358170357214e+00,9.030274448274544508e-02
6.194263410568237305e+01,9.092411653774767899e-02,2.592772518367619794e-01,7.860302321173292528e-01,-1.761722458411321668e+02,-8.642797358170357214e+00,9.030274448274544508e-02
6.196558928489685059e+01,9.090078110722620008e-02,2.591724968710786836e-01,7.860051913180173822e-01,-1.761885104106046924e+02,-8.642769514270934650e+00,1.077314512137514113e-01
6.197923851013183594e+01,9.090078110722620008e-02,2.591724968710786836e-01,7.860051913180173822e-01,-1.761885104106046924e+02,-8.642769514270934650e+00,1.077314512137514113e-01
6.200390577316284180e+01,9.092411653774767899e-02,2.592772518367619794e-01,7.860302321173292528e-01,-1.761722458411321668e+02,-8.642797358170357214e+00,9.030274448274544508e-02
6.201854801177978516e+01,9.092411653774767899e-02,2.592772518367619794e-01,7.860302321173292528e-01,-1.761722458411321668e+02,-8.642797358170357214e+00,9.030274448274544508e-02
6.204020452499389648e+01,9.092411653774767899e-02,2.592772518367619794e-01,7.860302321173292528e-01,-1.761722458411321668e+02,-8.642797358170357214e+00,9.030274448274544508e-02
6.205987143516540527e+01,9.095237926231103387e-02,2.593182614263859764e-01,7.860373081424446573e-01,-1.761568100910130283e+02,-8.651011907827832914e+00,7.446374248329472312e-02
6.207737612724304199e+01,9.095237926231103387e-02,2.593182614263859764e-01,7.860373081424446573e-01,-1.761568100910130283e+02,-8.651011907827832914e+00,7.446374248329472312e-02
6.211057257652282715e+01,9.087650848689941829e-02,2.594296687383477185e-01,7.859631346254754014e-01,-1.761421425490143235e+02,-8.636243964241371529e+00,7.965741187580116511e-02
6.212431263923645020e+01,9.095237926231103387e-02,2.593182614263859764e-01,7.860373081424446573e-01,-1.761568100910130283e+02,-8.651011907827832914e+00,7.446374248329472312e-02
6.214606451988220215e+01,9.092903310532833572e-02,2.592135158351047686e-01,7.860122558325631781e-01,-1.761730750223632356e+02,-8.650988508763195028e+00,9.189480963180371442e-02
6.216958212852478027e+01,9.092411653774767899e-02,2.592772518367619794e-01,7.860302321173292528e-01,-1.761722458411321668e+02,-8.642797358170357214e+00,9.030274448274544508e-02
6.218896269798278809e+01,9.095237926231103387e-02,2.593182614263859764e-01,7.860373081424446573e-01,-1.761568100910130283e+02,-8.651011907827832914e+00,7.446374248329472312e-02
6.220418429374694824e+01,9.092411653774767899e-02,2.592772518367619794e-01,7.860302321173292528e-01,-1.761722458411321668e+02,-8.642797358170357214e+00,9.030274448274544508e-02
6.222985672950744629e+01,9.092411653774767899e-02,2.592772518367619794e-01,7.860302321173292528e-01,-1.761722458411321668e+02,-8.642797358170357214e+00,9.030274448274544508e-02
6.224927401542663574e+01,9.092411653774767899e-02,2.592772518367619794e-01,7.860302321173292528e-01,-1.761722458411321668e+02,-8.642797358170357214e+00,9.030274448274544508e-02
6.226749086380004883e+01,9.074842587484788226e-02,2.592772517087647555e-01,7.859953859158705924e-01,-1.761722108037783414e+02,-8.620817836718716265e+00,9.029740519313672609e-02
6.228994441032409668e+01,9.092411653774767899e-02,2.592772518367619794e-01,7.860302321173292528e-01,-1.761722458411321668e+02,-8.642797358170357214e+00,9.030274448274544508e-02
6.231151890754699707e+01,9.092411653774767899e-02,2.592772518367619794e-01,7.860302321173292528e-01,-1.761722458411321668e+02,-8.642797358170357214e+00,9.030274448274544508e-02
6.233065366744995117e+01,9.092411653774767899e-02,2.592772518367619794e-01,7.860302321173292528e-01,-1.761722458411321668e+02,-8.642797358170357214e+00,9.030274448274544508e-02
6.234964036941528320e+01,9.092411653774767899e-02,2.592772518367619794e-01,7.860302321173292528e-01,-1.761722458411321668e+02,-8.642797358170357214e+00,9.030274448274544508e-02
6.237037849426269531e+01,9.092411653774767899e-02,2.592772518367619794e-01,7.860302321173292528e-01,-1.761722458411321668e+02,-8.642797358170357214e+00,9.030274448274544508e-02
6.238891553878784180e+01,9.077669131186225093e-02,2.593182612983489510e-01,7.860024510984465751e-01,-1.761567811985431149e+02,-8.629032377640143636e+00,7.445932134847486894e-02
6.241422963142395020e+01,9.092350285402064913e-02,2.593293610709848651e-01,7.860336855497882524e-01,-1.761578129684346834e+02,-8.643759719444265244e+00,1.048241931308029895e-01
6.243511414527893066e+01,9.092411653774767899e-02,2.592772518367619794e-01,7.860302321173292528e-01,-1.761722458411321668e+02,-8.642797358170357214e+00,9.030274448274544508e-02
6.245241022109985352e+01,9.092411653774767899e-02,2.592772518367619794e-01,7.860302321173292528e-01,-1.761722458411321668e+02,-8.642797358170357214e+00,9.030274448274544508e-02
6.248304319381713867e+01,9.092411653774767899e-02,2.592772518367619794e-01,7.860302321173292528e-01,-1.761722458411321668e+02,-8.642797358170357214e+00,9.030274448274544508e-02
6.249184703826904297e+01,9.090078110722620008e-02,2.591724968710786836e-01,7.860051913180173822e-01,-1.761885104106046924e+02,-8.642769514270934650e+00,1.077314512137514113e-01
6.251544761657714844e+01,9.081516393592922731e-02,2.591761025416536857e-01,7.859888525019864680e-01,-1.761827604499128483e+02,-8.626985075864054053e+00,8.070071059510751377e-02
6.253345274925231934e+01,9.095237926231103387e-02,2.593182614263859764e-01,7.860373081424446573e-01,-1.761568100910130283e+02,-8.651011907827832914e+00,7.446374248329472312e-02
6.255465769767761230e+01,9.092411653774767899e-02,2.592772518367619794e-01,7.860302321173292528e-01,-1.761722458411321668e+02,-8.642797358170357214e+00,9.030274448274544508e-02
6.257352232933044434e+01,9.092411653774767899e-02,2.592772518367619794e-01,7.860302321173292528e-01,-1.761722458411321668e+02,-8.642797358170357214e+00,9.030274448274544508e-02
6.260199689865112305e+01,9.077669131186225093e-02,2.593182612983489510e-01,7.860024510984465751e-01,-1.761567811985431149e+02,-8.629032377640143636e+00,7.445932134847486894e-02
6.261603522300720215e+01,9.092350285402064913e-02,2.593293610709848651e-01,7.860336855497882524e-01,-1.761578129684346834e+02,-8.643759719444265244e+00,1.048241931308029895e-01
6.263561654090881348e+01,9.092411653774767899e-02,2.592772518367619794e-01,7.860302321173292528e-01,-1.761722458411321668e+02,-8.642797358170357214e+00,9.030274448274544508e-02
6.265675806999206543e+01,9.090078110722620008e-02,2.591724968710786836e-01,7.860051913180173822e-01,-1.761885104106046924e+02,-8.642769514270934650e+00,1.077314512137514113e-01
6.267519831657409668e+01,9.092903310532833572e-02,2.592135158351047686e-01,7.860122558325631781e-01,-1.761730750223632356e+02,-8.650988508763195028e+00,9.189480963180371442e-02
6.269031810760498047e+01,9.095177737831570963e-02,2.593703698816625103e-01,7.860407753775263684e-01,-1.761423792852018835e+02,-8.651978136524144603e+00,8.898524507879088108e-02
6.270911264419555664e+01,9.092411653774767899e-02,2.592772518367619794e-01,7.860302321173292528e-01,-1.761722458411321668e+02,-8.642797358170357214e+00,9.030274448274544508e-02
6.273051667213439941e+01,9.090078110722620008e-02,2.591724968710786836e-01,7.860051913180173822e-01,-1.761885104106046924e+02,-8.642769514270934650e+00,1.077314512137514113e-01
6.274804425239562988e+01,9.092411653774767899e-02,2.592772518367619794e-01,7.860302321173292528e-01,-1.761722458411321668e+02,-8.642797358170357214e+00,9.030274448274544508e-02
6.276894474029541016e+01,9.095237926231103387e-02,2.593182614263859764e-01,7.860373081424446573e-01,-1.761568100910130283e+02,-8.651011907827832914e+00,7.446374248329472312e-02
6.278948569297790527e+01,9.092411653774767899e-02,2.592772518367619794e-01,7.860302321173292528e-01,-1.761722458411321668e+02,-8.642797358170357214e+00,9.030274448274544508e-02
6.280778861045837402e+01,9.092411653774767899e-02,2.592772518367619794e-01,7.860302321173292528e-01,-1.761722458411321668e+02,-8.642797358170357214e+00,9.030274448274544508e-02
6.282896757125854492e+01,9.092411653774767899e-02,2.592772518367619794e-01,7.860302321173292528e-01,-1.761722458411321668e+02,-8.642797358170357214e+00,9.030274448274544508e-02
6.284631729125976562e+01,9.077669131186225093e-02,2.593182612983489510e-01,7.860024510984465751e-01,-1.761567811985431149e+02,-8.629032377640143636e+00,7.445932134847486894e-02
6.286354398727416992e+01,9.090078110722620008e-02,2.591724968710786836e-01,7.860051913180173822e-01,-1.761885104106046924e+02,-8.642769514270934650e+00,1.077314512137514113e-01
6.288570356369018555e+01,9.092411653774767899e-02,2.592772518367619794e-01,7.860302321173292528e-01,-1.761722458411321668e+02,-8.642797358170357214e+00,9.030274448274544508e-02
6.290140175819396973e+01,9.074842587484788226e-02,2.592772517087647555e-01,7.859953859158705924e-01,-1.761722108037783414e+02,-8.620817836718716265e+00,9.029740519313672609e-02
6.292302751541137695e+01,9.095237926231103387e-02,2.593182614263859764e-01,7.860373081424446573e-01,-1.761568100910130283e+02,-8.651011907827832914e+00,7.446374248329472312e-02
6.294228386878967285e+01,9.077609075806974959e-02,2.593703697536263175e-01,7.860059185641651291e-01,-1.761423447581968276e+02,-8.629998614281779723e+00,8.897997691478695681e-02
6.296169042587280273e+01,9.092411653774767899e-02,2.592772518367619794e-01,7.860302321173292528e-01,-1.761722458411321668e+02,-8.642797358170357214e+00,9.030274448274544508e-02
6.298549461364746094e+01,9.092411653774767899e-02,2.592772518367619794e-01,7.860302321173292528e-01,-1.761722458411321668e+02,-8.642797358170357214e+00,9.030274448274544508e-02
6.300297689437866211e+01,9.092411653774767899e-02,2.592772518367619794e-01,7.860302321173292528e-01,-1.761722458411321668e+02,-8.642797358170357214e+00,9.030274448274544508e-02
6.302345848083496094e+01,9.095237926231103387e-02,2.593182614263859764e-01,7.860373081424446573e-01,-1.761568100910130283e+02,-8.651011907827832914e+00,7.446374248329472312e-02
6.304101276397705078e+01,9.092903310532833572e-02,2.592135158351047686e-01,7.860122558325631781e-01,-1.761730750223632356e+02,-8.650988508763195028e+00,9.189480963180371442e-02
6.305713343620300293e+01,9.092411653774767899e-02,2.592772518367619794e-01,7.860302321173292528e-01,-1.761722458411321668e+02,-8.642797358170357214e+00,9.030274448274544508e-02
6.307533836364746094e+01,9.095237926231103387e-02,2.593182614263859764e-01,7.860373081424446573e-01,-1.761568100910130283e+02,-8.651011907827832914e+00,7.446374248329472312e-02
6.309015035629272461e+01,9.072508083985757199e-02,2.591724967431142668e-01,7.859703540702336344e-01,-1.761884686109414702e+02,-8.620790004373029447e+00,1.077250970282248727e-01
6.310377001762390137e+01,9.074781351602961843e-02,2.593293609429885294e-01,7.859988395834940356e-01,-1.761577722966763702e+02,-8.621780207477787172e+00,1.048180075305433084e-01
6.312487840652465820e+01,9.095237926231103387e-02,2.593182614263859764e-01,7.860373081424446573e-01,-1.761568100910130283e+02,-8.651011907827832914e+00,7.446374248329472312e-02
6.314842724800109863e+01,9.092411653774767899e-02,2.592772518367619794e-01,7.860302321173292528e-01,-1.761722458411321668e+02,-8.642797358170357214e+00,9.030274448274544508e-02
6.316484212875366211e+01,9.092903310532833572e-02,2.592135158351047686e-01,7.860122558325631781e-01,-1.761730750223632356e+02,-8.650988508763195028e+00,9.189480963180371442e-02
6.318905925750732422e+01,9.092903310532833572e-02,2.592135158351047686e-01,7.860122558325631781e-01,-1.761730750223632356e+02,-8.650988508763195028e+00,9.189480963180371442e-02
6.320546889305114746e+01,9.092350285402064913e-02,2.593293610709848651e-01,7.860336855497882524e-01,-1.761578129684346834e+02,-8.643759719444265244e+00,1.048241931308029895e-01
6.322366857528686523e+01,9.075333554599589181e-02,2.592135157071005502e-01,7.859774077463557163e-01,-1.761730393665171448e+02,-8.629008988282540926e+00,9.188937247660135255e-02
6.324255108833312988e+01,9.095177737831570963e-02,2.593703698816625103e-01,7.860407753775263684e-01,-1.761423792852018835e+02,-8.651978136524144603e+00,8.898524507879088108e-02
6.326230454444885254e+01,9.092903310532833572e-02,2.592135158351047686e-01,7.860122558325631781e-01,-1.761730750223632356e+02,-8.650988508763195028e+00,9.189480963180371442e-02
6.328172564506530762e+01,9.095237926231103387e-02,2.593182614263859764e-01,7.860373081424446573e-01,-1.761568100910130283e+02,-8.651011907827832914e+00,7.446374248329472312e-02
6.330245971679687500e+01,9.092411653774767899e-02,2.592772518367619794e-01,7.860302321173292528e-01,-1.761722458411321668e+02,-8.642797358170357214e+00,9.030274448274544508e-02
6.331657433509826660e+01,9.074842587484788226e-02,2.592772517087647555e-01,7.859953859158705924e-01,-1.761722108037783414e+02,-8.620817836718716265e+00,9.029740519313672609e-02
6.333982610702514648e+01,9.092411653774767899e-02,2.592772518367619794e-01,7.860302321173292528e-01,-1.761722458411321668e+02,-8.642797358170357214e+00,9.030274448274544508e-02
6.336084580421447754e+01,9.072508083985757199e-02,2.591724967431142668e-01,7.859703540702336344e-01,-1.761884686109414702e+02,-8.620790004373029447e+00,1.077250970282248727e-01
6.338044476509094238e+01,9.092411653774767899e-02,2.592772518367619794e-01,7.860302321173292528e-01,-1.761722458411321668e+02,-8.642797358170357214e+00,9.030274448274544508e-02
6.339920139312744141e+01,9.092411653774767899e-02,2.592772518367619794e-01,7.860302321173292528e-01,-1.761722458411321668e+02,-8.642797358170357214e+00,9.030274448274544508e-02
6.342265629768371582e+01,9.075333554599589181e-02,2.592135157071005502e-01,7.859774077463557163e-01,-1.761730393665171448e+02,-8.629008988282540926e+00,9.188937247660135255e-02
6.343746018409729004e+01,9.092350285402064913e-02,2.593293610709848651e-01,7.860336855497882524e-01,-1.761578129684346834e+02,-8.643759719444265244e+00,1.048241931308029895e-01
6.345879507064819336e+01,9.092411653774767899e-02,2.592772518367619794e-01,7.860302321173292528e-01,-1.761722458411321668e+02,-8.642797358170357214e+00,9.030274448274544508e-02
6.347720932960510254e+01,9.090078110722620008e-02,2.591724968710786836e-01,7.860051913180173822e-01,-1.761885104106046924e+02,-8.642769514270934650e+00,1.077314512137514113e-01
6.349791812896728516e+01,9.090015379526386607e-02,2.592246069101666883e-01,7.860086301260529318e-01,-1.761740775716853022e+02,-8.643727800109362036e+00,1.222531744497039469e-01
6.351662063598632812e+01,9.090078110722620008e-02,2.591724968710786836e-01,7.860051913180173822e-01,-1.761885104106046924e+02,-8.642769514270934650e+00,1.077314512137514113e-01
6.353496289253234863e+01,9.090078110722620008e-02,2.591724968710786836e-01,7.860051913180173822e-01,-1.761885104106046924e+02,-8.642769514270934650e+00,1.077314512137514113e-01
6.355056428909301758e+01,9.074842587484788226e-02,2.592772517087647555e-01,7.859953859158705924e-01,-1.761722108037783414e+02,-8.620817836718716265e+00,9.029740519313672609e-02
6.357126235961914062e+01,9.074781351602961843e-02,2.593293609429885294e-01,7.859988395834940356e-01,-1.761577722966763702e+02,-8.621780207477787172e+00,1.048180075305433084e-01
6.359334874153137207e+01,9.090078110722620008e-02,2.591724968710786836e-01,7.860051913180173822e-01,-1.761885104106046924e+02,-8.642769514270934650e+00,1.077314512137514113e-01
6.361159944534301758e+01,9.092411653774767899e-02,2.592772518367619794e-01,7.860302321173292528e-01,-1.761722458411321668e+02,-8.642797358170357214e+00,9.030274448274544508e-02
6.363580513000488281e+01,9.095237926231103387e-02,2.593182614263859764e-01,7.860373081424446573e-01,-1.761568100910130283e+02,-8.651011907827832914e+00,7.446374248329472312e-02
6.364505290985107422e+01,9.092841759330053120e-02,2.592656251022061320e-01,7.860157084434390429e-01,-1.761586442516774866e+02,-8.651950662006766990e+00,1.064165881081591963e-01
6.366444444656372070e+01,9.092411653774767899e-02,2.592772518367619794e-01,7.860302321173292528e-01,-1.761722458411321668e+02,-8.642797358170357214e+00,9.030274448274544508e-02
6.368387198448181152e+01,9.095177737831570963e-02,2.593703698816625103e-01,7.860407753775263684e-01,-1.761423792852018835e+02,-8.651978136524144603e+00,8.898524507879088108e-02
6.370591449737548828e+01,9.090078110722620008e-02,2.591724968710786836e-01,7.860051913180173822e-01,-1.761885104106046924e+02,-8.642769514270934650e+00,1.077314512137514113e-01
6.372937965393066406e+01,9.095177737831570963e-02,2.593703698816625103e-01,7.860407753775263684e-01,-1.761423792852018835e+02,-8.651978136524144603e+00,8.898524507879088108e-02
6.374942588806152344e+01,9.092411653774767899e-02,2.592772518367619794e-01,7.860302321173292528e-01,-1.761722458411321668e+02,-8.642797358170357214e+00,9.030274448274544508e-02
6.377143740653991699e+01,9.092411653774767899e-02,2.592772518367619794e-01,7.860302321173292528e-01,-1.761722458411321668e+02,-8.642797358170357214e+00,9.030274448274544508e-02
6.378952479362487793e+01,9.095237926231103387e-02,2.593182614263859764e-01,7.860373081424446573e-01,-1.761568100910130283e+02,-8.651011907827832914e+00,7.446374248329472312e-02
6.380731821060180664e+01,9.095237926231103387e-02,2.593182614263859764e-01,7.860373081424446573e-01,-1.761568100910130283e+02,-8.651011907827832914e+00,7.446374248329472312e-02
6.382843565940856934e+01,9.095237926231103387e-02,2.593182614263859764e-01,7.860373081424446573e-01,-1.761568100910130283e+02,-8.651011907827832914e+00,7.446374248329472312e-02
6.384811019897460938e+01,9.077669131186225093e-02,2.593182612983489510e-01,7.860024510984465751e-01,-1.761567811985431149e+02,-8.629032377640143636e+00,7.445932134847486894e-02
6.386766767501831055e+01,9.092411653774767899e-02,2.592772518367619794e-01,7.860302321173292528e-01,-1.761722458411321668e+02,-8.642797358170357214e+00,9.030274448274544508e-02
6.388729810714721680e+01,9.092411653774767899e-02,2.592772518367619794e-01,7.860302321173292528e-01,-1.761722458411321668e+02,-8.642797358170357214e+00,9.030274448274544508e-02
6.390687537193298340e+01,9.092411653774767899e-02,2.592772518367619794e-01,7.860302321173292528e-01,-1.761722458411321668e+02,-8.642797358170357214e+00,9.030274448274544508e-02
6.392052435874938965e+01,9.095237926231103387e-02,2.593182614263859764e-01,7.860373081424446573e-01,-1.761568100910130283e+02,-8.651011907827832914e+00,7.446374248329472312e-02
6.394159388542175293e+01,9.090078110722620008e-02,2.591724968710786836e-01,7.860051913180173822e-01,-1.761885104106046924e+02,-8.642769514270934650e+00,1.077314512137514113e-01
6.395953607559204102e+01,9.090078110722620008e-02,2.591724968710786836e-01,7.860051913180173822e-01,-1.761885104106046924e+02,-8.642769514270934650e+00,1.077314512137514113e-01
6.397999429702758789e+01,9.092411653774767899e-02,2.592772518367619794e-01,7.860302321173292528e-01,-1.761722458411321668e+02,-8.642797358170357214e+00,9.030274448274544508e-02
6.400054454803466797e+01,9.092411653774767899e-02,2.592772518367619794e-01,7.860302321173292528e-01,-1.761722458411321668e+02,-8.642797358170357214e+00,9.030274448274544508e-02
6.401999640464782715e+01,9.092841759330053120e-02,2.592656251022061320e-01,7.860157084434390429e-01,-1.761586442516774866e+02,-8.651950662006766990e+00,1.064165881081591963e-01
6.404200839996337891e+01,9.092411653774767899e-02,2.592772518367619794e-01,7.860302321173292528e-01,-1.761722458411321668e+02,-8.642797358170357214e+00,9.030274448274544508e-02
6.405760478973388672e+01,9.092350285402064913e-02,2.593293610709848651e-01,7.860336855497882524e-01,-1.761578129684346834e+02,-8.643759719444265244e+00,1.048241931308029895e-01
6.407240605354309082e+01,9.092411653774767899e-02,2.592772518367619794e-01,7.860302321173292528e-01,-1.761722458411321668e+02,-8.642797358170357214e+00,9.030274448274544508e-02
6.409098315238952637e+01,9.077669131186225093e-02,2.593182612983489510e-01,7.860024510984465751e-01,-1.761567811985431149e+02,-8.629032377640143636e+00,7.445932134847486894e-02
6.411104011535644531e+01,9.095237926231103387e-02,2.593182614263859764e-01,7.860373081424446573e-01,-1.761568100910130283e+02,-8.651011907827832914e+00,7.446374248329472312e-02
6.413054347038269043e+01,9.090015379526386607e-02,2.592246069101666883e-01,7.860086301260529318e-01,-1.761740775716853022e+02,-8.643727800109362036e+00,1.222531744497039469e-01
6.415049767494201660e+01,9.092350285402064913e-02,2.593293610709848651e-01,7.860336855497882524e-01,-1.761578129684346834e+02,-8.643759719444265244e+00,1.048241931308029895e-01
6.417350530624389648e+01,9.072445484719485198e-02,2.592246067822031597e-01,7.859737931186625559e-01,-1.761740301374979651e+02,-8.621748301391276570e+00,1.222459738293126541e-01
6.419201517105102539e+01,9.095237926231103387e-02,2.593182614263859764e-01,7.860373081424446573e-01,-1.761568100910130283e+02,-8.651011907827832914e+00,7.446374248329472312e-02
6.421171545982360840e+01,9.090015379526386607e-02,2.592246069101666883e-01,7.860086301260529318e-01,-1.761740775716853022e+02,-8.643727800109362036e+00,1.222531744497039469e-01
6.423507213592529297e+01,9.092841759330053120e-02,2.592656251022061320e-01,7.860157084434390429e-01,-1.761586442516774866e+02,-8.651950662006766990e+00,1.064165881081591963e-01
6.425052785873413086e+01,9.092411653774767899e-02,2.592772518367619794e-01,7.860302321173292528e-01,-1.761722458411321668e+02,-8.642797358170357214e+00,9.030274448274544508e-02
6.427021622657775879e+01,9.095237926231103387e-02,2.593182614263859764e-01,7.860373081424446573e-01,-1.761568100910130283e+02,-8.651011907827832914e+00,7.446374248329472312e-02
6.429308915138244629e+01,9.090078110722620008e-02,2.591724968710786836e-01,7.860051913180173822e-01,-1.761885104106046924e+02,-8.642769514270934650e+00,1.077314512137514113e-01
6.430395722389221191e+01,9.092411653774767899e-02,2.592772518367619794e-01,7.860302321173292528e-01,-1.761722458411321668e+02,-8.642797358170357214e+00,9.030274448274544508e-02
6.432305622100830078e+01,9.090078110722620008e-02,2.591724968710786836e-01,7.860051913180173822e-01,-1.761885104106046924e+02,-8.642769514270934650e+00,1.077314512137514113e-01
6.434690642356872559e+01,9.095237926231103387e-02,2.593182614263859764e-01,7.860373081424446573e-01,-1.761568100910130283e+02,-8.651011907827832914e+00,7.446374248329472312e-02
6.436462974548339844e+01,9.092411653774767899e-02,2.592772518367619794e-01,7.860302321173292528e-01,-1.761722458411321668e+02,-8.642797358170357214e+00,9.030274448274544508e-02
6.438324642181396484e+01,9.090078110722620008e-02,2.591724968710786836e-01,7.860051913180173822e-01,-1.761885104106046924e+02,-8.642769514270934650e+00,1.077314512137514113e-01
6.440280294418334961e+01,9.092411653774767899e-02,2.592772518367619794e-01,7.860302321173292528e-01,-1.761722458411321668e+02,-8.642797358170357214e+00,9.030274448274544508e-02
6.442246460914611816e+01,9.092411653774767899e-02,2.592772518367619794e-01,7.860302321173292528e-01,-1.761722458411321668e+02,-8.642797358170357214e+00,9.030274448274544508e-02
6.444509196281433105e+01,9.074842587484788226e-02,2.592772517087647555e-01,7.859953859158705924e-01,-1.761722108037783414e+02,-8.620817836718716265e+00,9.029740519313672609e-02
6.446178913116455078e+01,9.090078110722620008e-02,2.591724968710786836e-01,7.860051913180173822e-01,-1.761885104106046924e+02,-8.642769514270934650e+00,1.077314512137514113e-01
6.448126602172851562e+01,9.090078110722620008e-02,2.591724968710786836e-01,7.860051913180173822e-01,-1.761885104106046924e+02,-8.642769514270934650e+00,1.077314512137514113e-01
6.450046515464782715e+01,9.092903310532833572e-02,2.592135158351047686e-01,7.860122558325631781e-01,-1.761730750223632356e+02,-8.650988508763195028e+00,9.189480963180371442e-02
6.451997542381286621e+01,9.090078110722620008e-02,2.591724968710786836e-01,7.860051913180173822e-01,-1.761885104106046924e+02,-8.642769514270934650e+00,1.077314512137514113e-01
6.454150414466857910e+01,9.092350285402064913e-02,2.593293610709848651e-01,7.860336855497882524e-01,-1.761578129684346834e+02,-8.643759719444265244e+00,1.048241931308029895e-01
6.456104946136474609e+01,9.092411653774767899e-02,2.592772518367619794e-01,7.860302321173292528e-01,-1.761722458411321668e+02,-8.642797358170357214e+00,9.030274448274544508e-02
6.457994747161865234e+01,9.092411653774767899e-02,2.592772518367619794e-01,7.860302321173292528e-01,-1.761722458411321668e+02,-8.642797358170357214e+00,9.030274448274544508e-02
6.460009336471557617e+01,9.090078110722620008e-02,2.591724968710786836e-01,7.860051913180173822e-01,-1.761885104106046924e+02,-8.642769514270934650e+00,1.077314512137514113e-01
6.462079882621765137e+01,9.090078110722620008e-02,2.591724968710786836e-01,7.860051913180173822e-01,-1.761885104106046924e+02,-8.642769514270934650e+00,1.077314512137514113e-01
6.463933849334716797e+01,9.095177737831570963e-02,2.593703698816625103e-01,7.860407753775263684e-01,-1.761423792852018835e+02,-8.651978136524144603e+00,8.898524507879088108e-02
6.466069412231445312e+01,9.095237926231103387e-02,2.593182614263859764e-01,7.860373081424446573e-01,-1.761568100910130283e+02,-8.651011907827832914e+00,7.446374248329472312e-02
6.468390750885009766e+01,9.095237926231103387e-02,2.593182614263859764e-01,7.860373081424446573e-01,-1.761568100910130283e+02,-8.651011907827832914e+00,7.446374248329472312e-02
6.469536399841308594e+01,9.095237926231103387e-02,2.593182614263859764e-01,7.860373081424446573e-01,-1.761568100910130283e+02,-8.651011907827832914e+00,7.446374248329472312e-02
6.471641230583190918e+01,9.095237926231103387e-02,2.593182614263859764e-01,7.860373081424446573e-01,-1.761568100910130283e+02,-8.651011907827832914e+00,7.446374248329472312e-02
6.473347449302673340e+01,9.095237926231103387e-02,2.593182614263859764e-01,7.860373081424446573e-01,-1.761568100910130283e+02,-8.651011907827832914e+00,7.446374248329472312e-02
6.475500965118408203e+01,9.095237926231103387e-02,2.593182614263859764e-01,7.860373081424446573e-01,-1.761568100910130283e+02,-8.651011907827832914e+00,7.446374248329472312e-02
6.477416396141052246e+01,9.095177737831570963e-02,2.593703698816625103e-01,7.860407753775263684e-01,-1.761423792852018835e+02,-8.651978136524144603e+00,8.898524507879088108e-02
6.479312252998352051e+01,9.077609075806974959e-02,2.593703697536263175e-01,7.860059185641651291e-01,-1.761423447581968276e+02,-8.629998614281779723e+00,8.897997691478695681e-02
6.480710220336914062e+01,9.092903310532833572e-02,2.592135158351047686e-01,7.860122558325631781e-01,-1.761730750223632356e+02,-8.650988508763195028e+00,9.189480963180371442e-02
6.482502651214599609e+01,9.092350285402064913e-02,2.593293610709848651e-01,7.860336855497882524e-01,-1.761578129684346834e+02,-8.643759719444265244e+00,1.048241931308029895e-01
6.484524536132812500e+01,9.095237926231103387e-02,2.593182614263859764e-01,7.860373081424446573e-01,-1.761568100910130283e+02,-8.651011907827832914e+00,7.446374248329472312e-02
6.487056422233581543e+01,9.090078110722620008e-02,2.591724968710786836e-01,7.860051913180173822e-01,-1.761885104106046924e+02,-8.642769514270934650e+00,1.077314512137514113e-01
6.488680505752563477e+01,9.092411653774767899e-02,2.592772518367619794e-01,7.860302321173292528e-01,-1.761722458411321668e+02,-8.642797358170357214e+00,9.030274448274544508e-02
6.490463161468505859e+01,9.092411653774767899e-02,2.592772518367619794e-01,7.860302321173292528e-01,-1.761722458411321668e+02,-8.642797358170357214e+00,9.030274448274544508e-02
6.492603564262390137e+01,9.092411653774767899e-02,2.592772518367619794e-01,7.860302321173292528e-01,-1.761722458411321668e+02,-8.642797358170357214e+00,9.030274448274544508e-02
6.494842696189880371e+01,9.074842587484788226e-02,2.592772517087647555e-01,7.859953859158705924e-01,-1.761722108037783414e+02,-8.620817836718716265e+00,9.029740519313672609e-02
6.496458125114440918e+01,9.095237926231103387e-02,2.593182614263859764e-01,7.860373081424446573e-01,-1.761568100910130283e+02,-8.651011907827832914e+00,7.446374248329472312e-02
6.498396444320678711e+01,9.092903310532833572e-02,2.592135158351047686e-01,7.860122558325631781e-01,-1.761730750223632356e+02,-8.650988508763195028e+00,9.189480963180371442e-02
6.500412583351135254e+01,9.090078110722620008e-02,2.591724968710786836e-01,7.860051913180173822e-01,-1.761885104106046924e+02,-8.642769514270934650e+00,1.077314512137514113e-01
6.501745700836181641e+01,9.092411653774767899e-02,2.592772518367619794e-01,7.860302321173292528e-01,-1.761722458411321668e+02,-8.642797358170357214e+00,9.030274448274544508e-02
6.503845906257629395e+01,9.074842587484788226e-02,2.592772517087647555e-01,7.859953859158705924e-01,-1.761722108037783414e+02,-8.620817836718716265e+00,9.029740519313672609e-02
6.505749368667602539e+01,9.074842587484788226e-02,2.592772517087647555e-01,7.859953859158705924e-01,-1.761722108037783414e+02,-8.620817836718716265e+00,9.029740519313672609e-02
6.507847690582275391e+01,9.092411653774767899e-02,2.592772518367619794e-01,7.860302321173292528e-01,-1.761722458411321668e+02,-8.642797358170357214e+00,9.030274448274544508e-02
6.509637928009033203e+01,9.095237926231103387e-02,2.593182614263859764e-01,7.860373081424446573e-01,-1.761568100910130283e+02,-8.651011907827832914e+00,7.446374248329472312e-02
6.511674618721008301e+01,9.092411653774767899e-02,2.592772518367619794e-01,7.860302321173292528e-01,-1.761722458411321668e+02,-8.642797358170357214e+00,9.030274448274544508e-02
6.513601803779602051e+01,9.092411653774767899e-02,2.592772518367619794e-01,7.860302321173292528e-01,-1.761722458411321668e+02,-8.642797358170357214e+00,9.030274448274544508e-02
6.515409612655639648e+01,9.092411653774767899e-02,2.592772518367619794e-01,7.860302321173292528e-01,-1.761722458411321668e+02,-8.642797358170357214e+00,9.030274448274544508e-02
6.517359590530395508e+01,9.095237926231103387e-02,2.593182614263859764e-01,7.860373081424446573e-01,-1.761568100910130283e+02,-8.651011907827832914e+00,7.446374248329472312e-02
6.519292593002319336e+01,9.090078110722620008e-02,2.591724968710786836e-01,7.860051913180173822e-01,-1.761885104106046924e+02,-8.642769514270934650e+00,1.077314512137514113e-01
6.520591807365417480e+01,9.092841759330053120e-02,2.592656251022061320e-01,7.860157084434390429e-01,-1.761586442516774866e+02,-8.651950662006766990e+00,1.064165881081591963e-01
6.522633123397827148e+01,9.092350285402064913e-02,2.593293610709848651e-01,7.860336855497882524e-01,-1.761578129684346834e+02,-8.643759719444265244e+00,1.048241931308029895e-01
6.524553298950195312e+01,9.092411653774767899e-02,2.592772518367619794e-01,7.860302321173292528e-01,-1.761722458411321668e+02,-8.642797358170357214e+00,9.030274448274544508e-02
6.526504278182983398e+01,9.090078110722620008e-02,2.591724968710786836e-01,7.860051913180173822e-01,-1.761885104106046924e+02,-8.642769514270934650e+00,1.077314512137514113e-01
6.528565239906311035e+01,9.092903310532833572e-02,2.592135158351047686e-01,7.860122558325631781e-01,-1.761730750223632356e+02,-8.650988508763195028e+00,9.189480963180371442e-02
6.530437755584716797e+01,9.077609075806974959e-02,2.593703697536263175e-01,7.860059185641651291e-01,-1.761423447581968276e+02,-8.629998614281779723e+00,8.897997691478695681e-02
6.532542300224304199e+01,9.095237926231103387e-02,2.593182614263859764e-01,7.860373081424446573e-01,-1.761568100910130283e+02,-8.651011907827832914e+00,7.446374248329472312e-02
6.534010124206542969e+01,9.075333554599589181e-02,2.592135157071005502e-01,7.859774077463557163e-01,-1.761730393665171448e+02,-8.629008988282540926e+00,9.188937247660135255e-02
6.535298752784729004e+01,9.092411653774767899e-02,2.592772518367619794e-01,7.860302321173292528e-01,-1.761722458411321668e+02,-8.642797358170357214e+00,9.030274448274544508e-02
6.537175035476684570e+01,9.092411653774767899e-02,2.592772518367619794e-01,7.860302321173292528e-01,-1.761722458411321668e+02,-8.642797358170357214e+00,9.030274448274544508e-02
6.539177727699279785e+01,9.092411653774767899e-02,2.592772518367619794e-01,7.860302321173292528e-01,-1.761722458411321668e+02,-8.642797358170357214e+00,9.030274448274544508e-02
6.540882706642150879e+01,9.092411653774767899e-02,2.592772518367619794e-01,7.860302321173292528e-01,-1.761722458411321668e+02,-8.642797358170357214e+00,9.030274448274544508e-02
6.542391467094421387e+01,9.092350285402064913e-02,2.593293610709848651e-01,7.860336855497882524e-01,-1.761578129684346834e+02,-8.643759719444265244e+00,1.048241931308029895e-01
6.544593620300292969e+01,9.092350285402064913e-02,2.593293610709848651e-01,7.860336855497882524e-01,-1.761578129684346834e+02,-8.643759719444265244e+00,1.048241931308029895e-01
6.546394658088684082e+01,9.092350285402064913e-02,2.593293610709848651e-01,7.860336855497882524e-01,-1.761578129684346834e+02,-8.643759719444265244e+00,1.048241931308029895e-01
6.548737096786499023e+01,9.092350285402064913e-02,2.593293610709848651e-01,7.860336855497882524e-01,-1.761578129684346834e+02,-8.643759719444265244e+00,1.048241931308029895e-01
6.550786519050598145e+01,9.092903310532833572e-02,2.592135158351047686e-01,7.860122558325631781e-01,-1.761730750223632356e+02,-8.650988508763195028e+00,9.189480963180371442e-02
6.552671933174133301e+01,9.095237926231103387e-02,2.593182614263859764e-01,7.860373081424446573e-01,-1.761568100910130283e+02,-8.651011907827832914e+00,7.446374248329472312e-02
6.554781484603881836e+01,9.074842587484788226e-02,2.592772517087647555e-01,7.859953859158705924e-01,-1.761722108037783414e+02,-8.620817836718716265e+00,9.029740519313672609e-02
6.556716918945312500e+01,9.092350285402064913e-02,2.593293610709848651e-01,7.860336855497882524e-01,-1.761578129684346834e+02,-8.643759719444265244e+00,1.048241931308029895e-01
6.558598184585571289e+01,9.092350285402064913e-02,2.593293610709848651e-01,7.860336855497882524e-01,-1.761578129684346834e+02,-8.643759719444265244e+00,1.048241931308029895e-01
6.560555887222290039e+01,9.077669131186225093e-02,2.593182612983489510e-01,7.860024510984465751e-01,-1.761567811985431149e+02,-8.629032377640143636e+00,7.445932134847486894e-02
6.562450003623962402e+01,9.090078110722620008e-02,2.591724968710786836e-01,7.860051913180173822e-01,-1.761885104106046924e+02,-8.642769514270934650e+00,1.077314512137514113e-01
6.564365768432617188e+01,9.077669131186225093e-02,2.593182612983489510e-01,7.860024510984465751e-01,-1.761567811985431149e+02,-8.629032377640143636e+00,7.445932134847486894e-02
6.566536140441894531e+01,9.092411653774767899e-02,2.592772518367619794e-01,7.860302321173292528e-01,-1.761722458411321668e+02,-8.642797358170357214e+00,9.030274448274544508e-02
6.568447709083557129e+01,9.072508083985757199e-02,2.591724967431142668e-01,7.859703540702336344e-01,-1.761884686109414702e+02,-8.620790004373029447e+00,1.077250970282248727e-01
6.569851446151733398e+01,9.092411653774767899e-02,2.592772518367619794e-01,7.860302321173292528e-01,-1.761722458411321668e+02,-8.642797358170357214e+00,9.030274448274544508e-02
6.571777653694152832e+01,9.092350285402064913e-02,2.593293610709848651e-01,7.860336855497882524e-01,-1.761578129684346834e+02,-8.643759719444265244e+00,1.048241931308029895e-01
6.573828601837158203e+01,9.092411653774767899e-02,2.592772518367619794e-01,7.860302321173292528e-01,-1.761722458411321668e+02,-8.642797358170357214e+00,9.030274448274544508e-02
6.575716853141784668e+01,9.092411653774767899e-02,2.592772518367619794e-01,7.860302321173292528e-01,-1.761722458411321668e+02,-8.642797358170357214e+00,9.030274448274544508e-02
6.577705335617065430e+01,9.095237926231103387e-02,2.593182614263859764e-01,7.860373081424446573e-01,-1.761568100910130283e+02,-8.651011907827832914e+00,7.446374248329472312e-02
6.579739809036254883e+01,9.090078110722620008e-02,2.591724968710786836e-01,7.860051913180173822e-01,-1.761885104106046924e+02,-8.642769514270934650e+00,1.077314512137514113e-01
6.581552147865295410e+01,9.092411653774767899e-02,2.592772518367619794e-01,7.860302321173292528e-01,-1.761722458411321668e+02,-8.642797358170357214e+00,9.030274448274544508e-02
6.583706569671630859e+01,9.090015379526386607e-02,2.592246069101666883e-01,7.860086301260529318e-01,-1.761740775716853022e+02,-8.643727800109362036e+00,1.222531744497039469e-01
6.585681724548339844e+01,9.072445484719485198e-02,2.592246067822031597e-01,7.859737931186625559e-01,-1.761740301374979651e+02,-8.621748301391276570e+00,1.222459738293126541e-01
6.587181615829467773e+01,9.092411653774767899e-02,2.592772518367619794e-01,7.860302321173292528e-01,-1.761722458411321668e+02,-8.642797358170357214e+00,9.030274448274544508e-02
6.589713215827941895e+01,9.090015379526386607e-02,2.592246069101666883e-01,7.860086301260529318e-01,-1.761740775716853022e+02,-8.643727800109362036e+00,1.222531744497039469e-01
6.591192579269409180e+01,9.067253011852037525e-02,2.593886571605760749e-01,7.859212384369954618e-01,-1.761575374380036578e+02,-8.606053905801063664e+00,9.549228826134384396e-02
6.592673444747924805e+01,9.092411653774767899e-02,2.592772518367619794e-01,7.860302321173292528e-01,-1.761722458411321668e+02,-8.642797358170357214e+00,9.030274448274544508e-02
6.594548606872558594e+01,9.092903310532833572e-02,2.592135158351047686e-01,7.860122558325631781e-01,-1.761730750223632356e+02,-8.650988508763195028e+00,9.189480963180371442e-02
6.596558547019958496e+01,9.072508083985757199e-02,2.591724967431142668e-01,7.859703540702336344e-01,-1.761884686109414702e+02,-8.620790004373029447e+00,1.077250970282248727e-01
6.598063445091247559e+01,9.095177737831570963e-02,2.593703698816625103e-01,7.860407753775263684e-01,-1.761423792852018835e+02,-8.651978136524144603e+00,8.898524507879088108e-02
6.600173735618591309e+01,9.077669131186225093e-02,2.593182612983489510e-01,7.860024510984465751e-01,-1.761567811985431149e+02,-8.629032377640143636e+00,7.445932134847486894e-02
6.602267861366271973e+01,9.077669131186225093e-02,2.593182612983489510e-01,7.860024510984465751e-01,-1.761567811985431149e+02,-8.629032377640143636e+00,7.445932134847486894e-02
6.603958630561828613e+01,9.092903310532833572e-02,2.592135158351047686e-01,7.860122558325631781e-01,-1.761730750223632356e+02,-8.650988508763195028e+00,9.189480963180371442e-02
6.605519556999206543e+01,9.095237926231103387e-02,2.593182614263859764e-01,7.860373081424446573e-01,-1.761568100910130283e+02,-8.651011907827832914e+00,7.446374248329472312e-02
6.607364177703857422e+01,9.090078110722620008e-02,2.591724968710786836e-01,7.860051913180173822e-01,-1.761885104106046924e+02,-8.642769514270934650e+00,1.077314512137514113e-01
6.608909249305725098e+01,9.092350285402064913e-02,2.593293610709848651e-01,7.860336855497882524e-01,-1.761578129684346834e+02,-8.643759719444265244e+00,1.048241931308029895e-01
6.610701990127563477e+01,9.092903310532833572e-02,2.592135158351047686e-01,7.860122558325631781e-01,-1.761730750223632356e+02,-8.650988508763195028e+00,9.189480963180371442e-02
6.612851500511169434e+01,9.095237926231103387e-02,2.593182614263859764e-01,7.860373081424446573e-01,-1.761568100910130283e+02,-8.651011907827832914e+00,7.446374248329472312e-02
6.615063953399658203e+01,9.092411653774767899e-02,2.592772518367619794e-01,7.860302321173292528e-01,-1.761722458411321668e+02,-8.642797358170357214e+00,9.030274448274544508e-02
6.616706681251525879e+01,9.092411653774767899e-02,2.592772518367619794e-01,7.860302321173292528e-01,-1.761722458411321668e+02,-8.642797358170357214e+00,9.030274448274544508e-02
6.618750810623168945e+01,9.092903310532833572e-02,2.592135158351047686e-01,7.860122558325631781e-01,-1.761730750223632356e+02,-8.650988508763195028e+00,9.189480963180371442e-02
6.620086932182312012e+01,9.092411653774767899e-02,2.592772518367619794e-01,7.860302321173292528e-01,-1.761722458411321668e+02,-8.642797358170357214e+00,9.030274448274544508e-02
6.622244524955749512e+01,9.095237926231103387e-02,2.593182614263859764e-01,7.860373081424446573e-01,-1.761568100910130283e+02,-8.651011907827832914e+00,7.446374248329472312e-02
6.624031424522399902e+01,9.092411653774767899e-02,2.592772518367619794e-01,7.860302321173292528e-01,-1.761722458411321668e+02,-8.642797358170357214e+00,9.030274448274544508e-02
6.625981950759887695e+01,9.090078110722620008e-02,2.591724968710786836e-01,7.860051913180173822e-01,-1.761885104106046924e+02,-8.642769514270934650e+00,1.077314512137514113e-01
6.627578997611999512e+01,9.092903310532833572e-02,2.592135158351047686e-01,7.860122558325631781e-01,-1.761730750223632356e+02,-8.650988508763195028e+00,9.189480963180371442e-02
6.629664158821105957e+01,9.092350285402064913e-02,2.593293610709848651e-01,7.860336855497882524e-01,-1.761578129684346834e+02,-8.643759719444265244e+00,1.048241931308029895e-01
6.631505560874938965e+01,9.095237926231103387e-02,2.593182614263859764e-01,7.860373081424446573e-01,-1.761568100910130283e+02,-8.651011907827832914e+00,7.446374248329472312e-02
6.633527493476867676e+01,9.095177737831570963e-02,2.593703698816625103e-01,7.860407753775263684e-01,-1.761423792852018835e+02,-8.651978136524144603e+00,8.898524507879088108e-02
6.635657095909118652e+01,9.075333554599589181e-02,2.592135157071005502e-01,7.859774077463557163e-01,-1.761730393665171448e+02,-8.629008988282540926e+00,9.188937247660135255e-02
6.637341189384460449e+01,9.074842587484788226e-02,2.592772517087647555e-01,7.859953859158705924e-01,-1.761722108037783414e+02,-8.620817836718716265e+00,9.029740519313672609e-02
6.639397788047790527e+01,9.092411653774767899e-02,2.592772518367619794e-01,7.860302321173292528e-01,-1.761722458411321668e+02,-8.642797358170357214e+00,9.030274448274544508e-02
6.640716934204101562e+01,9.095237926231103387e-02,2.593182614263859764e-01,7.860373081424446573e-01,-1.761568100910130283e+02,-8.651011907827832914e+00,7.446374248329472312e-02
6.642866373062133789e+01,9.074842587484788226e-02,2.592772517087647555e-01,7.859953859158705924e-01,-1.761722108037783414e+02,-8.620817836718716265e+00,9.029740519313672609e-02
6.644585061073303223e+01,9.095237926231103387e-02,2.593182614263859764e-01,7.860373081424446573e-01,-1.761568100910130283e+02,-8.651011907827832914e+00,7.446374248329472312e-02
6.647023987770080566e+01,9.077609075806974959e-02,2.593703697536263175e-01,7.860059185641651291e-01,-1.761423447581968276e+02,-8.629998614281779723e+00,8.897997691478695681e-02
6.648716354370117188e+01,9.077669131186225093e-02,2.593182612983489510e-01,7.860024510984465751e-01,-1.761567811985431149e+02,-8.629032377640143636e+00,7.445932134847486894e-02
6.650943279266357422e+01,9.095237926231103387e-02,2.593182614263859764e-01,7.860373081424446573e-01,-1.761568100910130283e+02,-8.651011907827832914e+00,7.446374248329472312e-02
6.652376794815063477e+01,9.074842587484788226e-02,2.592772517087647555e-01,7.859953859158705924e-01,-1.761722108037783414e+02,-8.620817836718716265e+00,9.029740519313672609e-02
6.653908371925354004e+01,9.095237926231103387e-02,2.593182614263859764e-01,7.860373081424446573e-01,-1.761568100910130283e+02,-8.651011907827832914e+00,7.446374248329472312e-02
6.655817341804504395e+01,9.095237926231103387e-02,2.593182614263859764e-01,7.860373081424446573e-01,-1.761568100910130283e+02,-8.651011907827832914e+00,7.446374248329472312e-02
6.657599020004272461e+01,9.092411653774767899e-02,2.592772518367619794e-01,7.860302321173292528e-01,-1.761722458411321668e+02,-8.642797358170357214e+00,9.030274448274544508e-02
6.659649896621704102e+01,9.072508083985757199e-02,2.591724967431142668e-01,7.859703540702336344e-01,-1.761884686109414702e+02,-8.620790004373029447e+00,1.077250970282248727e-01
6.661510562896728516e+01,9.092411653774767899e-02,2.592772518367619794e-01,7.860302321173292528e-01,-1.761722458411321668e+02,-8.642797358170357214e+00,9.030274448274544508e-02
6.663566136360168457e+01,9.077669131186225093e-02,2.593182612983489510e-01,7.860024510984465751e-01,-1.761567811985431149e+02,-8.629032377640143636e+00,7.445932134847486894e-02
6.665487599372863770e+01,9.072445484719485198e-02,2.592246067822031597e-01,7.859737931186625559e-01,-1.761740301374979651e+02,-8.621748301391276570e+00,1.222459738293126541e-01
6.667845511436462402e+01,9.092411653774767899e-02,2.592772518367619794e-01,7.860302321173292528e-01,-1.761722458411321668e+02,-8.642797358170357214e+00,9.030274448274544508e-02
6.669881367683410645e+01,9.084824923096859739e-02,2.593886572884663289e-01,7.859560555291226214e-01,-1.761575744896322249e+02,-8.628033424021495534e+00,9.549792042234732381e-02
6.671968841552734375e+01,9.092411653774767899e-02,2.592772518367619794e-01,7.860302321173292528e-01,-1.761722458411321668e+02,-8.642797358170357214e+00,9.030274448274544508e-02
6.673731112480163574e+01,9.074842587484788226e-02,2.592772517087647555e-01,7.859953859158705924e-01,-1.761722108037783414e+02,-8.620817836718716265e+00,9.029740519313672609e-02
6.675941967964172363e+01,9.092411653774767899e-02,2.592772518367619794e-01,7.860302321173292528e-01,-1.761722458411321668e+02,-8.642797358170357214e+00,9.030274448274544508e-02
6.677606701850891113e+01,9.092903310532833572e-02,2.592135158351047686e-01,7.860122558325631781e-01,-1.761730750223632356e+02,-8.650988508763195028e+00,9.189480963180371442e-02
6.679888582229614258e+01,9.092411653774767899e-02,2.592772518367619794e-01,7.860302321173292528e-01,-1.761722458411321668e+02,-8.642797358170357214e+00,9.030274448274544508e-02
6.681822204589843750e+01,9.095237926231103387e-02,2.593182614263859764e-01,7.860373081424446573e-01,-1.761568100910130283e+02,-8.651011907827832914e+00,7.446374248329472312e-02
6.684369373321533203e+01,9.092350285402064913e-02,2.593293610709848651e-01,7.860336855497882524e-01,-1.761578129684346834e+02,-8.643759719444265244e+00,1.048241931308029895e-01
6.685802674293518066e+01,9.092350285402064913e-02,2.593293610709848651e-01,7.860336855497882524e-01,-1.761578129684346834e+02,-8.643759719444265244e+00,1.048241931308029895e-01
6.687799119949340820e+01,9.092411653774767899e-02,2.592772518367619794e-01,7.860302321173292528e-01,-1.761722458411321668e+02,-8.642797358170357214e+00,9.030274448274544508e-02
6.690333294868469238e+01,9.084824923096859739e-02,2.593886572884663289e-01,7.859560555291226214e-01,-1.761575744896322249e+02,-8.628033424021495534e+00,9.549792042234732381e-02
6.691463232040405273e+01,9.092411653774767899e-02,2.592772518367619794e-01,7.860302321173292528e-01,-1.761722458411321668e+02,-8.642797358170357214e+00,9.030274448274544508e-02
6.693632197380065918e+01,9.092411653774767899e-02,2.592772518367619794e-01,7.860302321173292528e-01,-1.761722458411321668e+02,-8.642797358170357214e+00,9.030274448274544508e-02
6.695421695709228516e+01,9.092841759330053120e-02,2.592656251022061320e-01,7.860157084434390429e-01,-1.761586442516774866e+02,-8.651950662006766990e+00,1.064165881081591963e-01
6.698061060905456543e+01,9.092411653774767899e-02,2.592772518367619794e-01,7.860302321173292528e-01,-1.761722458411321668e+02,-8.642797358170357214e+00,9.030274448274544508e-02
6.699176955223083496e+01,9.092411653774767899e-02,2.592772518367619794e-01,7.860302321173292528e-01,-1.761722458411321668e+02,-8.642797358170357214e+00,9.030274448274544508e-02
6.701023101806640625e+01,9.092411653774767899e-02,2.592772518367619794e-01,7.860302321173292528e-01,-1.761722458411321668e+02,-8.642797358170357214e+00,9.030274448274544508e-02
6.703024482727050781e+01,9.072508083985757199e-02,2.591724967431142668e-01,7.859703540702336344e-01,-1.761884686109414702e+02,-8.620790004373029447e+00,1.077250970282248727e-01
6.705251860618591309e+01,9.095237926231103387e-02,2.593182614263859764e-01,7.860373081424446573e-01,-1.761568100910130283e+02,-8.651011907827832914e+00,7.446374248329472312e-02
6.706985092163085938e+01,9.095237926231103387e-02,2.593182614263859764e-01,7.860373081424446573e-01,-1.761568100910130283e+02,-8.651011907827832914e+00,7.446374248329472312e-02
6.708962440490722656e+01,9.092411653774767899e-02,2.592772518367619794e-01,7.860302321173292528e-01,-1.761722458411321668e+02,-8.642797358170357214e+00,9.030274448274544508e-02
6.711046767234802246e+01,9.095237926231103387e-02,2.593182614263859764e-01,7.860373081424446573e-01,-1.761568100910130283e+02,-8.651011907827832914e+00,7.446374248329472312e-02
6.712760806083679199e+01,9.095237926231103387e-02,2.593182614263859764e-01,7.860373081424446573e-01,-1.761568100910130283e+02,-8.651011907827832914e+00,7.446374248329472312e-02
6.715378522872924805e+01,9.077669131186225093e-02,2.593182612983489510e-01,7.860024510984465751e-01,-1.761567811985431149e+02,-8.629032377640143636e+00,7.445932134847486894e-02
6.716596841812133789e+01,9.092411653774767899e-02,2.592772518367619794e-01,7.860302321173292528e-01,-1.761722458411321668e+02,-8.642797358170357214e+00,9.030274448274544508e-02
6.718582129478454590e+01,9.092411653774767899e-02,2.592772518367619794e-01,7.860302321173292528e-01,-1.761722458411321668e+02,-8.642797358170357214e+00,9.030274448274544508e-02
6.720933890342712402e+01,9.092903310532833572e-02,2.592135158351047686e-01,7.860122558325631781e-01,-1.761730750223632356e+02,-8.650988508763195028e+00,9.189480963180371442e-02
6.722510290145874023e+01,9.084824923096859739e-02,2.593886572884663289e-01,7.859560555291226214e-01,-1.761575744896322249e+02,-8.628033424021495534e+00,9.549792042234732381e-02
6.724515604972839355e+01,9.095237926231103387e-02,2.593182614263859764e-01,7.860373081424446573e-01,-1.761568100910130283e+02,-8.651011907827832914e+00,7.446374248329472312e-02
6.725913810729980469e+01,9.074842587484788226e-02,2.592772517087647555e-01,7.859953859158705924e-01,-1.761722108037783414e+02,-8.620817836718716265e+00,9.029740519313672609e-02
6.728017902374267578e+01,9.090078110722620008e-02,2.591724968710786836e-01,7.860051913180173822e-01,-1.761885104106046924e+02,-8.642769514270934650e+00,1.077314512137514113e-01
6.730181908607482910e+01,9.092350285402064913e-02,2.593293610709848651e-01,7.860336855497882524e-01,-1.761578129684346834e+02,-8.643759719444265244e+00,1.048241931308029895e-01
6.732025194168090820e+01,9.095237926231103387e-02,2.593182614263859764e-01,7.860373081424446573e-01,-1.761568100910130283e+02,-8.651011907827832914e+00,7.446374248329472312e-02
6.733992314338684082e+01,9.092411653774767899e-02,2.592772518367619794e-01,7.860302321173292528e-01,-1.761722458411321668e+02,-8.642797358170357214e+00,9.030274448274544508e-02
6.735947275161743164e+01,9.092411653774767899e-02,2.592772518367619794e-01,7.860302321173292528e-01,-1.761722458411321668e+02,-8.642797358170357214e+00,9.030274448274544508e-02
6.737887525558471680e+01,9.090078110722620008e-02,2.591724968710786836e-01,7.860051913180173822e-01,-1.761885104106046924e+02,-8.642769514270934650e+00,1.077314512137514113e-01
6.739869499206542969e+01,9.090078110722620008e-02,2.591724968710786836e-01,7.860051913180173822e-01,-1.761885104106046924e+02,-8.642769514270934650e+00,1.077314512137514113e-01
6.741613197326660156e+01,9.072508083985757199e-02,2.591724967431142668e-01,7.859703540702336344e-01,-1.761884686109414702e+02,-8.620790004373029447e+00,1.077250970282248727e-01
6.743979787826538086e+01,9.092411653774767899e-02,2.592772518367619794e-01,7.860302321173292528e-01,-1.761722458411321668e+02,-8.642797358170357214e+00,9.030274448274544508e-02
6.745765948295593262e+01,9.095237926231103387e-02,2.593182614263859764e-01,7.860373081424446573e-01,-1.761568100910130283e+02,-8.651011907827832914e+00,7.446374248329472312e-02
6.747596859931945801e+01,9.084824923096859739e-02,2.593886572884663289e-01,7.859560555291226214e-01,-1.761575744896322249e+02,-8.628033424021495534e+00,9.549792042234732381e-02
6.749633526802062988e+01,9.092350285402064913e-02,2.593293610709848651e-01,7.860336855497882524e-01,-1.761578129684346834e+02,-8.643759719444265244e+00,1.048241931308029895e-01
6.751024055480957031e+01,9.092411653774767899e-02,2.592772518367619794e-01,7.860302321173292528e-01,-1.761722458411321668e+02,-8.642797358170357214e+00,9.030274448274544508e-02
6.752607297897338867e+01,9.092411653774767899e-02,2.592772518367619794e-01,7.860302321173292528e-01,-1.761722458411321668e+02,-8.642797358170357214e+00,9.030274448274544508e-02
6.754305601119995117e+01,9.095237926231103387e-02,2.593182614263859764e-01,7.860373081424446573e-01,-1.761568100910130283e+02,-8.651011907827832914e+00,7.446374248329472312e-02
6.756484365463256836e+01,9.090078110722620008e-02,2.591724968710786836e-01,7.860051913180173822e-01,-1.761885104106046924e+02,-8.642769514270934650e+00,1.077314512137514113e-01
6.758499455451965332e+01,9.075333554599589181e-02,2.592135157071005502e-01,7.859774077463557163e-01,-1.761730393665171448e+02,-8.629008988282540926e+00,9.188937247660135255e-02
6.760579323768615723e+01,9.092411653774767899e-02,2.592772518367619794e-01,7.860302321173292528e-01,-1.761722458411321668e+02,-8.642797358170357214e+00,9.030274448274544508e-02
6.762498354911804199e+01,9.092411653774767899e-02,2.592772518367619794e-01,7.860302321173292528e-01,-1.761722458411321668e+02,-8.642797358170357214e+00,9.030274448274544508e-02
6.764381742477416992e+01,9.095237926231103387e-02,2.593182614263859764e-01,7.860373081424446573e-01,-1.761568100910130283e+02,-8.651011907827832914e+00,7.446374248329472312e-02
6.765795040130615234e+01,9.092903310532833572e-02,2.592135158351047686e-01,7.860122558325631781e-01,-1.761730750223632356e+02,-8.650988508763195028e+00,9.189480963180371442e-02
6.767887210845947266e+01,9.092903310532833572e-02,2.592135158351047686e-01,7.860122558325631781e-01,-1.761730750223632356e+02,-8.650988508763195028e+00,9.189480963180371442e-02
6.769012641906738281e+01,9.095237926231103387e-02,2.593182614263859764e-01,7.860373081424446573e-01,-1.761568100910130283e+02,-8.651011907827832914e+00,7.446374248329472312e-02
6.770921897888183594e+01,9.092903310532833572e-02,2.592135158351047686e-01,7.860122558325631781e-01,-1.761730750223632356e+02,-8.650988508763195028e+00,9.189480963180371442e-02
6.772832751274108887e+01,9.092411653774767899e-02,2.592772518367619794e-01,7.860302321173292528e-01,-1.761722458411321668e+02,-8.642797358170357214e+00,9.030274448274544508e-02
6.774949550628662109e+01,9.092411653774767899e-02,2.592772518367619794e-01,7.860302321173292528e-01,-1.761722458411321668e+02,-8.642797358170357214e+00,9.030274448274544508e-02
6.776690983772277832e+01,9.092903310532833572e-02,2.592135158351047686e-01,7.860122558325631781e-01,-1.761730750223632356e+02,-8.650988508763195028e+00,9.189480963180371442e-02
6.778978776931762695e+01,9.092350285402064913e-02,2.593293610709848651e-01,7.860336855497882524e-01,-1.761578129684346834e+02,-8.643759719444265244e+00,1.048241931308029895e-01
6.780998134613037109e+01,9.092411653774767899e-02,2.592772518367619794e-01,7.860302321173292528e-01,-1.761722458411321668e+02,-8.642797358170357214e+00,9.030274448274544508e-02
6.782318162918090820e+01,9.095237926231103387e-02,2.593182614263859764e-01,7.860373081424446573e-01,-1.761568100910130283e+02,-8.651011907827832914e+00,7.446374248329472312e-02
6.784554314613342285e+01,9.095177737831570963e-02,2.593703698816625103e-01,7.860407753775263684e-01,-1.761423792852018835e+02,-8.651978136524144603e+00,8.898524507879088108e-02
6.785877180099487305e+01,9.092411653774767899e-02,2.592772518367619794e-01,7.860302321173292528e-01,-1.761722458411321668e+02,-8.642797358170357214e+00,9.030274448274544508e-02
6.788187217712402344e+01,9.092411653774767899e-02,2.592772518367619794e-01,7.860302321173292528e-01,-1.761722458411321668e+02,-8.642797358170357214e+00,9.030274448274544508e-02
6.789743971824645996e+01,9.074842587484788226e-02,2.592772517087647555e-01,7.859953859158705924e-01,-1.761722108037783414e+02,-8.620817836718716265e+00,9.029740519313672609e-02
6.792000389099121094e+01,9.092411653774767899e-02,2.592772518367619794e-01,7.860302321173292528e-01,-1.761722458411321668e+02,-8.642797358170357214e+00,9.030274448274544508e-02
6.793872976303100586e+01,9.090078110722620008e-02,2.591724968710786836e-01,7.860051913180173822e-01,-1.761885104106046924e+02,-8.642769514270934650e+00,1.077314512137514113e-01
6.795716691017150879e+01,9.077669131186225093e-02,2.593182612983489510e-01,7.860024510984465751e-01,-1.761567811985431149e+02,-8.629032377640143636e+00,7.445932134847486894e-02
6.797749543190002441e+01,9.092411653774767899e-02,2.592772518367619794e-01,7.860302321173292528e-01,-1.761722458411321668e+02,-8.642797358170357214e+00,9.030274448274544508e-02
6.799850273132324219e+01,9.092411653774767899e-02,2.592772518367619794e-01,7.860302321173292528e-01,-1.761722458411321668e+02,-8.642797358170357214e+00,9.030274448274544508e-02
6.801644444465637207e+01,9.092411653774767899e-02,2.592772518367619794e-01,7.860302321173292528e-01,-1.761722458411321668e+02,-8.642797358170357214e+00,9.030274448274544508e-02
6.803258085250854492e+01,9.095237926231103387e-02,2.593182614263859764e-01,7.860373081424446573e-01,-1.761568100910130283e+02,-8.651011907827832914e+00,7.446374248329472312e-02
6.804700851440429688e+01,9.092903310532833572e-02,2.592135158351047686e-01,7.860122558325631781e-01,-1.761730750223632356e+02,-8.650988508763195028e+00,9.189480963180371442e-02
6.806493926048278809e+01,9.092903310532833572e-02,2.592135158351047686e-01,7.860122558325631781e-01,-1.761730750223632356e+02,-8.650988508763195028e+00,9.189480963180371442e-02
6.808421349525451660e+01,9.092350285402064913e-02,2.593293610709848651e-01,7.860336855497882524e-01,-1.761578129684346834e+02,-8.643759719444265244e+00,1.048241931308029895e-01
6.810460042953491211e+01,9.092411653774767899e-02,2.592772518367619794e-01,7.860302321173292528e-01,-1.761722458411321668e+02,-8.642797358170357214e+00,9.030274448274544508e-02
6.811675906181335449e+01,9.074842587484788226e-02,2.592772517087647555e-01,7.859953859158705924e-01,-1.761722108037783414e+02,-8.620817836718716265e+00,9.029740519313672609e-02
6.813141322135925293e+01,9.095237926231103387e-02,2.593182614263859764e-01,7.860373081424446573e-01,-1.761568100910130283e+02,-8.651011907827832914e+00,7.446374248329472312e-02
6.815145015716552734e+01,9.092350285402064913e-02,2.593293610709848651e-01,7.860336855497882524e-01,-1.761578129684346834e+02,-8.643759719444265244e+00,1.048241931308029895e-01
6.817171216011047363e+01,9.092350285402064913e-02,2.593293610709848651e-01,7.860336855497882524e-01,-1.761578129684346834e+02,-8.643759719444265244e+00,1.048241931308029895e-01
6.819553589820861816e+01,9.077609075806974959e-02,2.593703697536263175e-01,7.860059185641651291e-01,-1.761423447581968276e+02,-8.629998614281779723e+00,8.897997691478695681e-02
6.821002960205078125e+01,9.074842587484788226e-02,2.592772517087647555e-01,7.859953859158705924e-01,-1.761722108037783414e+02,-8.620817836718716265e+00,9.029740519313672609e-02
6.823103594779968262e+01,9.092350285402064913e-02,2.593293610709848651e-01,7.860336855497882524e-01,-1.761578129684346834e+02,-8.643759719444265244e+00,1.048241931308029895e-01
6.824708414077758789e+01,9.092411653774767899e-02,2.592772518367619794e-01,7.860302321173292528e-01,-1.761722458411321668e+02,-8.642797358170357214e+00,9.030274448274544508e-02
6.826486825942993164e+01,9.092411653774767899e-02,2.592772518367619794e-01,7.860302321173292528e-01,-1.761722458411321668e+02,-8.642797358170357214e+00,9.030274448274544508e-02
6.828324913978576660e+01,9.092903310532833572e-02,2.592135158351047686e-01,7.860122558325631781e-01,-1.761730750223632356e+02,-8.650988508763195028e+00,9.189480963180371442e-02
6.830490207672119141e+01,9.095237926231103387e-02,2.593182614263859764e-01,7.860373081424446573e-01,-1.761568100910130283e+02,-8.651011907827832914e+00,7.446374248329472312e-02
6.832244491577148438e+01,9.090015379526386607e-02,2.592246069101666883e-01,7.860086301260529318e-01,-1.761740775716853022e+02,-8.643727800109362036e+00,1.222531744497039469e-01
6.833856415748596191e+01,9.095177737831570963e-02,2.593703698816625103e-01,7.860407753775263684e-01,-1.761423792852018835e+02,-8.651978136524144603e+00,8.898524507879088108e-02
6.835812187194824219e+01,9.092903310532833572e-02,2.592135158351047686e-01,7.860122558325631781e-01,-1.761730750223632356e+02,-8.650988508763195028e+00,9.189480963180371442e-02
6.837175440788269043e+01,9.092411653774767899e-02,2.592772518367619794e-01,7.860302321173292528e-01,-1.761722458411321668e+02,-8.642797358170357214e+00,9.030274448274544508e-02
6.839497470855712891e+01,9.092350285402064913e-02,2.593293610709848651e-01,7.860336855497882524e-01,-1.761578129684346834e+02,-8.643759719444265244e+00,1.048241931308029895e-01
6.841158008575439453e+01,9.095177737831570963e-02,2.593703698816625103e-01,7.860407753775263684e-01,-1.761423792852018835e+02,-8.651978136524144603e+00,8.898524507879088108e-02
6.843443775177001953e+01,9.074842587484788226e-02,2.592772517087647555e-01,7.859953859158705924e-01,-1.761722108037783414e+02,-8.620817836718716265e+00,9.029740519313672609e-02
6.845456838607788086e+01,9.092411653774767899e-02,2.592772518367619794e-01,7.860302321173292528e-01,-1.761722458411321668e+02,-8.642797358170357214e+00,9.030274448274544508e-02
6.847556018829345703e+01,9.077669131186225093e-02,2.593182612983489510e-01,7.860024510984465751e-01,-1.761567811985431149e+02,-8.629032377640143636e+00,7.445932134847486894e-02
6.849346756935119629e+01,9.092411653774767899e-02,2.592772518367619794e-01,7.860302321173292528e-01,-1.761722458411321668e+02,-8.642797358170357214e+00,9.030274448274544508e-02
6.850778698921203613e+01,9.095237926231103387e-02,2.593182614263859764e-01,7.860373081424446573e-01,-1.761568100910130283e+02,-8.651011907827832914e+00,7.446374248329472312e-02
6.852908587455749512e+01,9.092841759330053120e-02,2.592656251022061320e-01,7.860157084434390429e-01,-1.761586442516774866e+02,-8.651950662006766990e+00,1.064165881081591963e-01
6.854819178581237793e+01,9.095237926231103387e-02,2.593182614263859764e-01,7.860373081424446573e-01,-1.761568100910130283e+02,-8.651011907827832914e+00,7.446374248329472312e-02
6.856736254692077637e+01,9.090078110722620008e-02,2.591724968710786836e-01,7.860051913180173822e-01,-1.761885104106046924e+02,-8.642769514270934650e+00,1.077314512137514113e-01
6.858294701576232910e+01,9.095237926231103387e-02,2.593182614263859764e-01,7.860373081424446573e-01,-1.761568100910130283e+02,-8.651011907827832914e+00,7.446374248329472312e-02
6.860280370712280273e+01,9.095237926231103387e-02,2.593182614263859764e-01,7.860373081424446573e-01,-1.761568100910130283e+02,-8.651011907827832914e+00,7.446374248329472312e-02
6.862462878227233887e+01,9.084824923096859739e-02,2.593886572884663289e-01,7.859560555291226214e-01,-1.761575744896322249e+02,-8.628033424021495534e+00,9.549792042234732381e-02
6.864100170135498047e+01,9.092903310532833572e-02,2.592135158351047686e-01,7.860122558325631781e-01,-1.761730750223632356e+02,-8.650988508763195028e+00,9.189480963180371442e-02
6.866177797317504883e+01,9.092411653774767899e-02,2.592772518367619794e-01,7.860302321173292528e-01,-1.761722458411321668e+02,-8.642797358170357214e+00,9.030274448274544508e-02
6.868053317070007324e+01,9.067253011852037525e-02,2.593886571605760749e-01,7.859212384369954618e-01,-1.761575374380036578e+02,-8.606053905801063664e+00,9.549228826134384396e-02
6.869516658782958984e+01,9.092350285402064913e-02,2.593293610709848651e-01,7.860336855497882524e-01,-1.761578129684346834e+02,-8.643759719444265244e+00,1.048241931308029895e-01
6.870992779731750488e+01,9.090015379526386607e-02,2.592246069101666883e-01,7.860086301260529318e-01,-1.761740775716853022e+02,-8.643727800109362036e+00,1.222531744497039469e-01
6.872256112098693848e+01,9.092411653774767899e-02,2.592772518367619794e-01,7.860302321173292528e-01,-1.761722458411321668e+02,-8.642797358170357214e+00,9.030274448274544508e-02
6.874195647239685059e+01,9.095237926231103387e-02,2.593182614263859764e-01,7.860373081424446573e-01,-1.761568100910130283e+02,-8.651011907827832914e+00,7.446374248329472312e-02
6.876159358024597168e+01,9.074842587484788226e-02,2.592772517087647555e-01,7.859953859158705924e-01,-1.761722108037783414e+02,-8.620817836718716265e+00,9.029740519313672609e-02
6.878124427795410156e+01,9.092411653774767899e-02,2.592772518367619794e-01,7.860302321173292528e-01,-1.761722458411321668e+02,-8.642797358170357214e+00,9.030274448274544508e-02
6.880128812789916992e+01,9.095237926231103387e-02,2.593182614263859764e-01,7.860373081424446573e-01,-1.761568100910130283e+02,-8.651011907827832914e+00,7.446374248329472312e-02
6.882097935676574707e+01,9.092350285402064913e-02,2.593293610709848651e-01,7.860336855497882524e-01,-1.761578129684346834e+02,-8.643759719444265244e+00,1.048241931308029895e-01
6.884298324584960938e+01,9.092411653774767899e-02,2.592772518367619794e-01,7.860302321173292528e-01,-1.761722458411321668e+02,-8.642797358170357214e+00,9.030274448274544508e-02
6.886152887344360352e+01,9.090078110722620008e-02,2.591724968710786836e-01,7.860051913180173822e-01,-1.761885104106046924e+02,-8.642769514270934650e+00,1.077314512137514113e-01
6.888365507125854492e+01,9.095237926231103387e-02,2.593182614263859764e-01,7.860373081424446573e-01,-1.761568100910130283e+02,-8.651011907827832914e+00,7.446374248329472312e-02
6.890362858772277832e+01,9.092411653774767899e-02,2.592772518367619794e-01,7.860302321173292528e-01,-1.761722458411321668e+02,-8.642797358170357214e+00,9.030274448274544508e-02
6.892261481285095215e+01,9.090078110722620008e-02,2.591724968710786836e-01,7.860051913180173822e-01,-1.761885104106046924e+02,-8.642769514270934650e+00,1.077314512137514113e-01
6.894184088706970215e+01,9.092411653774767899e-02,2.592772518367619794e-01,7.860302321173292528e-01,-1.761722458411321668e+02,-8.642797358170357214e+00,9.030274448274544508e-02
6.896143841743469238e+01,9.090015379526386607e-02,2.592246069101666883e-01,7.860086301260529318e-01,-1.761740775716853022e+02,-8.643727800109362036e+00,1.222531744497039469e-01
6.898195147514343262e+01,9.095177737831570963e-02,2.593703698816625103e-01,7.860407753775263684e-01,-1.761423792852018835e+02,-8.651978136524144603e+00,8.898524507879088108e-02
6.900223827362060547e+01,9.095237926231103387e-02,2.593182614263859764e-01,7.860373081424446573e-01,-1.761568100910130283e+02,-8.651011907827832914e+00,7.446374248329472312e-02
6.902002072334289551e+01,9.090078110722620008e-02,2.591724968710786836e-01,7.860051913180173822e-01,-1.761885104106046924e+02,-8.642769514270934650e+00,1.077314512137514113e-01
6.903950190544128418e+01,9.090015379526386607e-02,2.592246069101666883e-01,7.860086301260529318e-01,-1.761740775716853022e+02,-8.643727800109362036e+00,1.222531744497039469e-01
6.906143355369567871e+01,9.092411653774767899e-02,2.592772518367619794e-01,7.860302321173292528e-01,-1.761722458411321668e+02,-8.642797358170357214e+00,9.030274448274544508e-02
6.907908964157104492e+01,9.090078110722620008e-02,2.591724968710786836e-01,7.860051913180173822e-01,-1.761885104106046924e+02,-8.642769514270934650e+00,1.077314512137514113e-01
6.909977197647094727e+01,9.090078110722620008e-02,2.591724968710786836e-01,7.860051913180173822e-01,-1.761885104106046924e+02,-8.642769514270934650e+00,1.077314512137514113e-01
6.912106919288635254e+01,9.092411653774767899e-02,2.592772518367619794e-01,7.860302321173292528e-01,-1.761722458411321668e+02,-8.642797358170357214e+00,9.030274448274544508e-02
6.913365244865417480e+01,9.095177737831570963e-02,2.593703698816625103e-01,7.860407753775263684e-01,-1.761423792852018835e+02,-8.651978136524144603e+00,8.898524507879088108e-02
6.915207123756408691e+01,9.090078110722620008e-02,2.591724968710786836e-01,7.860051913180173822e-01,-1.761885104106046924e+02,-8.642769514270934650e+00,1.077314512137514113e-01
6.917069220542907715e+01,9.090078110722620008e-02,2.591724968710786836e-01,7.860051913180173822e-01,-1.761885104106046924e+02,-8.642769514270934650e+00,1.077314512137514113e-01
6.919208955764770508e+01,9.090078110722620008e-02,2.591724968710786836e-01,7.860051913180173822e-01,-1.761885104106046924e+02,-8.642769514270934650e+00,1.077314512137514113e-01
6.921201729774475098e+01,9.092411653774767899e-02,2.592772518367619794e-01,7.860302321173292528e-01,-1.761722458411321668e+02,-8.642797358170357214e+00,9.030274448274544508e-02
6.923117995262145996e+01,9.077669131186225093e-02,2.593182612983489510e-01,7.860024510984465751e-01,-1.761567811985431149e+02,-8.629032377640143636e+00,7.445932134847486894e-02
6.925112032890319824e+01,9.092411653774767899e-02,2.592772518367619794e-01,7.860302321173292528e-01,-1.761722458411321668e+02,-8.642797358170357214e+00,9.030274448274544508e-02
6.927001738548278809e+01,9.084824923096859739e-02,2.593886572884663289e-01,7.859560555291226214e-01,-1.761575744896322249e+02,-8.628033424021495534e+00,9.549792042234732381e-02
6.929097485542297363e+01,9.090078110722620008e-02,2.591724968710786836e-01,7.860051913180173822e-01,-1.761885104106046924e+02,-8.642769514270934650e+00,1.077314512137514113e-01
6.930956554412841797e+01,9.072508083985757199e-02,2.591724967431142668e-01,7.859703540702336344e-01,-1.761884686109414702e+02,-8.620790004373029447e+00,1.077250970282248727e-01
6.933068490028381348e+01,9.092350285402064913e-02,2.593293610709848651e-01,7.860336855497882524e-01,-1.761578129684346834e+02,-8.643759719444265244e+00,1.048241931308029895e-01
6.935301232337951660e+01,9.095237926231103387e-02,2.593182614263859764e-01,7.860373081424446573e-01,-1.761568100910130283e+02,-8.651011907827832914e+00,7.446374248329472312e-02
6.937263393402099609e+01,9.092350285402064913e-02,2.593293610709848651e-01,7.860336855497882524e-01,-1.761578129684346834e+02,-8.643759719444265244e+00,1.048241931308029895e-01
6.939204454421997070e+01,9.095237926231103387e-02,2.593182614263859764e-01,7.860373081424446573e-01,-1.761568100910130283e+02,-8.651011907827832914e+00,7.446374248329472312e-02
6.941571068763732910e+01,9.092411653774767899e-02,2.592772518367619794e-01,7.860302321173292528e-01,-1.761722458411321668e+02,-8.642797358170357214e+00,9.030274448274544508e-02
6.942937922477722168e+01,9.095177737831570963e-02,2.593703698816625103e-01,7.860407753775263684e-01,-1.761423792852018835e+02,-8.651978136524144603e+00,8.898524507879088108e-02
6.944903826713562012e+01,9.095177737831570963e-02,2.593703698816625103e-01,7.860407753775263684e-01,-1.761423792852018835e+02,-8.651978136524144603e+00,8.898524507879088108e-02
6.946879005432128906e+01,9.090078110722620008e-02,2.591724968710786836e-01,7.860051913180173822e-01,-1.761885104106046924e+02,-8.642769514270934650e+00,1.077314512137514113e-01
6.948748803138732910e+01,9.095237926231103387e-02,2.593182614263859764e-01,7.860373081424446573e-01,-1.761568100910130283e+02,-8.651011907827832914e+00,7.446374248329472312e-02
6.950553941726684570e+01,9.092903310532833572e-02,2.592135158351047686e-01,7.860122558325631781e-01,-1.761730750223632356e+02,-8.650988508763195028e+00,9.189480963180371442e-02
6.952578258514404297e+01,9.095237926231103387e-02,2.593182614263859764e-01,7.860373081424446573e-01,-1.761568100910130283e+02,-8.651011907827832914e+00,7.446374248329472312e-02
6.954678773880004883e+01,9.092350285402064913e-02,2.593293610709848651e-01,7.860336855497882524e-01,-1.761578129684346834e+02,-8.643759719444265244e+00,1.048241931308029895e-01
6.956872725486755371e+01,9.095177737831570963e-02,2.593703698816625103e-01,7.860407753775263684e-01,-1.761423792852018835e+02,-8.651978136524144603e+00,8.898524507879088108e-02
6.958646130561828613e+01,9.092411653774767899e-02,2.592772518367619794e-01,7.860302321173292528e-01,-1.761722458411321668e+02,-8.642797358170357214e+00,9.030274448274544508e-02
6.959995031356811523e+01,9.095237926231103387e-02,2.593182614263859764e-01,7.860373081424446573e-01,-1.761568100910130283e+02,-8.651011907827832914e+00,7.446374248329472312e-02
6.961923480033874512e+01,9.095237926231103387e-02,2.593182614263859764e-01,7.860373081424446573e-01,-1.761568100910130283e+02,-8.651011907827832914e+00,7.446374248329472312e-02
6.963872075080871582e+01,9.092411653774767899e-02,2.592772518367619794e-01,7.860302321173292528e-01,-1.761722458411321668e+02,-8.642797358170357214e+00,9.030274448274544508e-02
6.966022896766662598e+01,9.095237926231103387e-02,2.593182614263859764e-01,7.860373081424446573e-01,-1.761568100910130283e+02,-8.651011907827832914e+00,7.446374248329472312e-02
6.967782282829284668e+01,9.077669131186225093e-02,2.593182612983489510e-01,7.860024510984465751e-01,-1.761567811985431149e+02,-8.629032377640143636e+00,7.445932134847486894e-02
6.969714951515197754e+01,9.090078110722620008e-02,2.591724968710786836e-01,7.860051913180173822e-01,-1.761885104106046924e+02,-8.642769514270934650e+00,1.077314512137514113e-01
6.971516013145446777e+01,9.092903310532833572e-02,2.592135158351047686e-01,7.860122558325631781e-01,-1.761730750223632356e+02,-8.650988508763195028e+00,9.189480963180371442e-02
6.973849272727966309e+01,9.090078110722620008e-02,2.591724968710786836e-01,7.860051913180173822e-01,-1.761885104106046924e+02,-8.642769514270934650e+00,1.077314512137514113e-01
6.975629067420959473e+01,9.095237926231103387e-02,2.593182614263859764e-01,7.860373081424446573e-01,-1.761568100910130283e+02,-8.651011907827832914e+00,7.446374248329472312e-02
6.977616715431213379e+01,9.092411653774767899e-02,2.592772518367619794e-01,7.860302321173292528e-01,-1.761722458411321668e+02,-8.642797358170357214e+00,9.030274448274544508e-02
6.979403471946716309e+01,9.092411653774767899e-02,2.592772518367619794e-01,7.860302321173292528e-01,-1.761722458411321668e+02,-8.642797358170357214e+00,9.030274448274544508e-02
6.981310153007507324e+01,9.092411653774767899e-02,2.592772518367619794e-01,7.860302321173292528e-01,-1.761722458411321668e+02,-8.642797358170357214e+00,9.030274448274544508e-02
6.983317828178405762e+01,9.092411653774767899e-02,2.592772518367619794e-01,7.860302321173292528e-01,-1.761722458411321668e+02,-8.642797358170357214e+00,9.030274448274544508e-02
6.985272455215454102e+01,9.095237926231103387e-02,2.593182614263859764e-01,7.860373081424446573e-01,-1.761568100910130283e+02,-8.651011907827832914e+00,7.446374248329472312e-02
6.987268757820129395e+01,9.092411653774767899e-02,2.592772518367619794e-01,7.860302321173292528e-01,-1.761722458411321668e+02,-8.642797358170357214e+00,9.030274448274544508e-02
6.989228415489196777e+01,9.092411653774767899e-02,2.592772518367619794e-01,7.860302321173292528e-01,-1.761722458411321668e+02,-8.642797358170357214e+00,9.030274448274544508e-02
6.991132521629333496e+01,9.092411653774767899e-02,2.592772518367619794e-01,7.860302321173292528e-01,-1.761722458411321668e+02,-8.642797358170357214e+00,9.030274448274544508e-02
6.993399429321289062e+01,9.092903310532833572e-02,2.592135158351047686e-01,7.860122558325631781e-01,-1.761730750223632356e+02,-8.650988508763195028e+00,9.189480963180371442e-02
6.995558643341064453e+01,9.092411653774767899e-02,2.592772518367619794e-01,7.860302321173292528e-01,-1.761722458411321668e+02,-8.642797358170357214e+00,9.030274448274544508e-02
6.997315287590026855e+01,9.074842587484788226e-02,2.592772517087647555e-01,7.859953859158705924e-01,-1.761722108037783414e+02,-8.620817836718716265e+00,9.029740519313672609e-02
6.999418282508850098e+01,9.092903310532833572e-02,2.592135158351047686e-01,7.860122558325631781e-01,-1.761730750223632356e+02,-8.650988508763195028e+00,9.189480963180371442e-02
7.001305913925170898e+01,9.092350285402064913e-02,2.593293610709848651e-01,7.860336855497882524e-01,-1.761578129684346834e+02,-8.643759719444265244e+00,1.048241931308029895e-01
7.003539824485778809e+01,9.092411653774767899e-02,2.592772518367619794e-01,7.860302321173292528e-01,-1.761722458411321668e+02,-8.642797358170357214e+00,9.030274448274544508e-02
7.005576300621032715e+01,9.092411653774767899e-02,2.592772518367619794e-01,7.860302321173292528e-01,-1.761722458411321668e+02,-8.642797358170357214e+00,9.030274448274544508e-02
7.007295060157775879e+01,9.095237926231103387e-02,2.593182614263859764e-01,7.860373081424446573e-01,-1.761568100910130283e+02,-8.651011907827832914e+00,7.446374248329472312e-02
7.009218907356262207e+01,9.085313319879753657e-02,2.593248824797883545e-01,7.859380510552222976e-01,-1.761584068408478174e+02,-8.636219108184659987e+00,9.708423813071236086e-02
7.011526203155517578e+01,9.092411653774767899e-02,2.592772518367619794e-01,7.860302321173292528e-01,-1.761722458411321668e+02,-8.642797358170357214e+00,9.030274448274544508e-02
7.013140726089477539e+01,9.092350285402064913e-02,2.593293610709848651e-01,7.860336855497882524e-01,-1.761578129684346834e+02,-8.643759719444265244e+00,1.048241931308029895e-01
7.015312981605529785e+01,9.092411653774767899e-02,2.592772518367619794e-01,7.860302321173292528e-01,-1.761722458411321668e+02,-8.642797358170357214e+00,9.030274448274544508e-02
7.017038965225219727e+01,9.090078110722620008e-02,2.591724968710786836e-01,7.860051913180173822e-01,-1.761885104106046924e+02,-8.642769514270934650e+00,1.077314512137514113e-01
7.019248294830322266e+01,9.090078110722620008e-02,2.591724968710786836e-01,7.860051913180173822e-01,-1.761885104106046924e+02,-8.642769514270934650e+00,1.077314512137514113e-01
7.020813488960266113e+01,9.095237926231103387e-02,2.593182614263859764e-01,7.860373081424446573e-01,-1.761568100910130283e+02,-8.651011907827832914e+00,7.446374248329472312e-02
7.022617721557617188e+01,9.092411653774767899e-02,2.592772518367619794e-01,7.860302321173292528e-01,-1.761722458411321668e+02,-8.642797358170357214e+00,9.030274448274544508e-02
7.024483466148376465e+01,9.095237926231103387e-02,2.593182614263859764e-01,7.860373081424446573e-01,-1.761568100910130283e+02,-8.651011907827832914e+00,7.446374248329472312e-02
7.026585197448730469e+01,9.092411653774767899e-02,2.592772518367619794e-01,7.860302321173292528e-01,-1.761722458411321668e+02,-8.642797358170357214e+00,9.030274448274544508e-02
7.028520226478576660e+01,9.074781351602961843e-02,2.593293609429885294e-01,7.859988395834940356e-01,-1.761577722966763702e+02,-8.621780207477787172e+00,1.048180075305433084e-01
7.030462861061096191e+01,9.095237926231103387e-02,2.593182614263859764e-01,7.860373081424446573e-01,-1.761568100910130283e+02,-8.651011907827832914e+00,7.446374248329472312e-02
7.032618594169616699e+01,9.095177737831570963e-02,2.593703698816625103e-01,7.860407753775263684e-01,-1.761423792852018835e+02,-8.651978136524144603e+00,8.898524507879088108e-02
7.034637737274169922e+01,9.092411653774767899e-02,2.592772518367619794e-01,7.860302321173292528e-01,-1.761722458411321668e+02,-8.642797358170357214e+00,9.030274448274544508e-02
7.036519813537597656e+01,9.092841759330053120e-02,2.592656251022061320e-01,7.860157084434390429e-01,-1.761586442516774866e+02,-8.651950662006766990e+00,1.064165881081591963e-01
7.038699293136596680e+01,9.092411653774767899e-02,2.592772518367619794e-01,7.860302321173292528e-01,-1.761722458411321668e+02,-8.642797358170357214e+00,9.030274448274544508e-02
7.040461254119873047e+01,9.092350285402064913e-02,2.593293610709848651e-01,7.860336855497882524e-01,-1.761578129684346834e+02,-8.643759719444265244e+00,1.048241931308029895e-01
7.042664027214050293e+01,9.092411653774767899e-02,2.592772518367619794e-01,7.860302321173292528e-01,-1.761722458411321668e+02,-8.642797358170357214e+00,9.030274448274544508e-02
7.044481992721557617e+01,9.092350285402064913e-02,2.593293610709848651e-01,7.860336855497882524e-01,-1.761578129684346834e+02,-8.643759719444265244e+00,1.048241931308029895e-01
7.046685528755187988e+01,9.095237926231103387e-02,2.593182614263859764e-01,7.860373081424446573e-01,-1.761568100910130283e+02,-8.651011907827832914e+00,7.446374248329472312e-02
7.047624111175537109e+01,9.092411653774767899e-02,2.592772518367619794e-01,7.860302321173292528e-01,-1.761722458411321668e+02,-8.642797358170357214e+00,9.030274448274544508e-02
7.049643182754516602e+01,9.092411653774767899e-02,2.592772518367619794e-01,7.860302321173292528e-01,-1.761722458411321668e+02,-8.642797358170357214e+00,9.030274448274544508e-02
7.050915503501892090e+01,9.090078110722620008e-02,2.591724968710786836e-01,7.860051913180173822e-01,-1.761885104106046924e+02,-8.642769514270934650e+00,1.077314512137514113e-01
7.052330875396728516e+01,9.095237926231103387e-02,2.593182614263859764e-01,7.860373081424446573e-01,-1.761568100910130283e+02,-8.651011907827832914e+00,7.446374248329472312e-02
7.054537653923034668e+01,9.095237926231103387e-02,2.593182614263859764e-01,7.860373081424446573e-01,-1.761568100910130283e+02,-8.651011907827832914e+00,7.446374248329472312e-02
7.056480622291564941e+01,9.092411653774767899e-02,2.592772518367619794e-01,7.860302321173292528e-01,-1.761722458411321668e+02,-8.642797358170357214e+00,9.030274448274544508e-02
7.058396959304809570e+01,9.090078110722620008e-02,2.591724968710786836e-01,7.860051913180173822e-01,-1.761885104106046924e+02,-8.642769514270934650e+00,1.077314512137514113e-01
7.060364723205566406e+01,9.092411653774767899e-02,2.592772518367619794e-01,7.860302321173292528e-01,-1.761722458411321668e+02,-8.642797358170357214e+00,9.030274448274544508e-02
7.062281608581542969e+01,9.092903310532833572e-02,2.592135158351047686e-01,7.860122558325631781e-01,-1.761730750223632356e+02,-8.650988508763195028e+00,9.189480963180371442e-02
7.064301109313964844e+01,9.092411653774767899e-02,2.592772518367619794e-01,7.860302321173292528e-01,-1.761722458411321668e+02,-8.642797358170357214e+00,9.030274448274544508e-02
7.066747927665710449e+01,9.092411653774767899e-02,2.592772518367619794e-01,7.860302321173292528e-01,-1.761722458411321668e+02,-8.642797358170357214e+00,9.030274448274544508e-02
7.068780303001403809e+01,9.072508083985757199e-02,2.591724967431142668e-01,7.859703540702336344e-01,-1.761884686109414702e+02,-8.620790004373029447e+00,1.077250970282248727e-01
7.070371341705322266e+01,9.092903310532833572e-02,2.592135158351047686e-01,7.860122558325631781e-01,-1.761730750223632356e+02,-8.650988508763195028e+00,9.189480963180371442e-02
7.072348237037658691e+01,9.092411653774767899e-02,2.592772518367619794e-01,7.860302321173292528e-01,-1.761722458411321668e+02,-8.642797358170357214e+00,9.030274448274544508e-02
7.074512910842895508e+01,9.092411653774767899e-02,2.592772518367619794e-01,7.860302321173292528e-01,-1.761722458411321668e+02,-8.642797358170357214e+00,9.030274448274544508e-02
7.076225376129150391e+01,9.092903310532833572e-02,2.592135158351047686e-01,7.860122558325631781e-01,-1.761730750223632356e+02,-8.650988508763195028e+00,9.189480963180371442e-02
7.078354263305664062e+01,9.092411653774767899e-02,2.592772518367619794e-01,7.860302321173292528e-01,-1.761722458411321668e+02,-8.642797358170357214e+00,9.030274448274544508e-02
7.080306267738342285e+01,9.090078110722620008e-02,2.591724968710786836e-01,7.860051913180173822e-01,-1.761885104106046924e+02,-8.642769514270934650e+00,1.077314512137514113e-01
7.083279919624328613e+01,9.095237926231103387e-02,2.593182614263859764e-01,7.860373081424446573e-01,-1.761568100910130283e+02,-8.651011907827832914e+00,7.446374248329472312e-02
7.085474371910095215e+01,9.092411653774767899e-02,2.592772518367619794e-01,7.860302321173292528e-01,-1.761722458411321668e+02,-8.642797358170357214e+00,9.030274448274544508e-02
7.087142777442932129e+01,9.092411653774767899e-02,2.592772518367619794e-01,7.860302321173292528e-01,-1.761722458411321668e+02,-8.642797358170357214e+00,9.030274448274544508e-02
7.089623999595642090e+01,9.092411653774767899e-02,2.592772518367619794e-01,7.860302321173292528e-01,-1.761722458411321668e+02,-8.642797358170357214e+00,9.030274448274544508e-02
7.091435503959655762e+01,9.072508083985757199e-02,2.591724967431142668e-01,7.859703540702336344e-01,-1.761884686109414702e+02,-8.620790004373029447e+00,1.077250970282248727e-01
7.093092560768127441e+01,9.092411653774767899e-02,2.592772518367619794e-01,7.860302321173292528e-01,-1.761722458411321668e+02,-8.642797358170357214e+00,9.030274448274544508e-02
7.095189952850341797e+01,9.095237926231103387e-02,2.593182614263859764e-01,7.860373081424446573e-01,-1.761568100910130283e+02,-8.651011907827832914e+00,7.446374248329472312e-02
7.096419239044189453e+01,9.095237926231103387e-02,2.593182614263859764e-01,7.860373081424446573e-01,-1.761568100910130283e+02,-8.651011907827832914e+00,7.446374248329472312e-02
7.098495435714721680e+01,9.095237926231103387e-02,2.593182614263859764e-01,7.860373081424446573e-01,-1.761568100910130283e+02,-8.651011907827832914e+00,7.446374248329472312e-02
7.100026464462280273e+01,9.090078110722620008e-02,2.591724968710786836e-01,7.860051913180173822e-01,-1.761885104106046924e+02,-8.642769514270934650e+00,1.077314512137514113e-01
7.102342033386230469e+01,9.095237926231103387e-02,2.593182614263859764e-01,7.860373081424446573e-01,-1.761568100910130283e+02,-8.651011907827832914e+00,7.446374248329472312e-02
7.103888750076293945e+01,9.092411653774767899e-02,2.592772518367619794e-01,7.860302321173292528e-01,-1.761722458411321668e+02,-8.642797358170357214e+00,9.030274448274544508e-02
7.105612730979919434e+01,9.090078110722620008e-02,2.591724968710786836e-01,7.860051913180173822e-01,-1.761885104106046924e+02,-8.642769514270934650e+00,1.077314512137514113e-01
7.107602548599243164e+01,9.092411653774767899e-02,2.592772518367619794e-01,7.860302321173292528e-01,-1.761722458411321668e+02,-8.642797358170357214e+00,9.030274448274544508e-02
7.110054993629455566e+01,9.095237926231103387e-02,2.593182614263859764e-01,7.860373081424446573e-01,-1.761568100910130283e+02,-8.651011907827832914e+00,7.446374248329472312e-02
7.111650347709655762e+01,9.092903310532833572e-02,2.592135158351047686e-01,7.860122558325631781e-01,-1.761730750223632356e+02,-8.650988508763195028e+00,9.189480963180371442e-02
7.113607716560363770e+01,9.090078110722620008e-02,2.591724968710786836e-01,7.860051913180173822e-01,-1.761885104106046924e+02,-8.642769514270934650e+00,1.077314512137514113e-01
7.115104150772094727e+01,9.090078110722620008e-02,2.591724968710786836e-01,7.860051913180173822e-01,-1.761885104106046924e+02,-8.642769514270934650e+00,1.077314512137514113e-01
7.117478466033935547e+01,9.092411653774767899e-02,2.592772518367619794e-01,7.860302321173292528e-01,-1.761722458411321668e+02,-8.642797358170357214e+00,9.030274448274544508e-02
7.119033527374267578e+01,9.090078110722620008e-02,2.591724968710786836e-01,7.860051913180173822e-01,-1.761885104106046924e+02,-8.642769514270934650e+00,1.077314512137514113e-01
7.121102380752563477e+01,9.095237926231103387e-02,2.593182614263859764e-01,7.860373081424446573e-01,-1.761568100910130283e+02,-8.651011907827832914e+00,7.446374248329472312e-02
7.122997617721557617e+01,9.074842587484788226e-02,2.592772517087647555e-01,7.859953859158705924e-01,-1.761722108037783414e+02,-8.620817836718716265e+00,9.029740519313672609e-02
7.125037455558776855e+01,9.092350285402064913e-02,2.593293610709848651e-01,7.860336855497882524e-01,-1.761578129684346834e+02,-8.643759719444265244e+00,1.048241931308029895e-01
7.126596140861511230e+01,9.095177737831570963e-02,2.593703698816625103e-01,7.860407753775263684e-01,-1.761423792852018835e+02,-8.651978136524144603e+00,8.898524507879088108e-02
7.128631687164306641e+01,9.090078110722620008e-02,2.591724968710786836e-01,7.860051913180173822e-01,-1.761885104106046924e+02,-8.642769514270934650e+00,1.077314512137514113e-01
7.130349779129028320e+01,9.095237926231103387e-02,2.593182614263859764e-01,7.860373081424446573e-01,-1.761568100910130283e+02,-8.651011907827832914e+00,7.446374248329472312e-02
7.132541680335998535e+01,9.084762971197622716e-02,2.594407655685602165e-01,7.859595222908153378e-01,-1.761431377952237085e+02,-8.628999461924530934e+00,1.100185510933259364e-01
7.134656000137329102e+01,9.092350285402064913e-02,2.593293610709848651e-01,7.860336855497882524e-01,-1.761578129684346834e+02,-8.643759719444265244e+00,1.048241931308029895e-01
7.136316514015197754e+01,9.092903310532833572e-02,2.592135158351047686e-01,7.860122558325631781e-01,-1.761730750223632356e+02,-8.650988508763195028e+00,9.189480963180371442e-02
7.138272309303283691e+01,9.092411653774767899e-02,2.592772518367619794e-01,7.860302321173292528e-01,-1.761722458411321668e+02,-8.642797358170357214e+00,9.030274448274544508e-02
7.140700459480285645e+01,9.090015379526386607e-02,2.592246069101666883e-01,7.860086301260529318e-01,-1.761740775716853022e+02,-8.643727800109362036e+00,1.222531744497039469e-01
7.142773890495300293e+01,9.092350285402064913e-02,2.593293610709848651e-01,7.860336855497882524e-01,-1.761578129684346834e+02,-8.643759719444265244e+00,1.048241931308029895e-01
7.144368982315063477e+01,9.084824923096859739e-02,2.593886572884663289e-01,7.859560555291226214e-01,-1.761575744896322249e+02,-8.628033424021495534e+00,9.549792042234732381e-02
7.146644043922424316e+01,9.092411653774767899e-02,2.592772518367619794e-01,7.860302321173292528e-01,-1.761722458411321668e+02,-8.642797358170357214e+00,9.030274448274544508e-02
7.148923993110656738e+01,9.092411653774767899e-02,2.592772518367619794e-01,7.860302321173292528e-01,-1.761722458411321668e+02,-8.642797358170357214e+00,9.030274448274544508e-02
7.150652313232421875e+01,9.092411653774767899e-02,2.592772518367619794e-01,7.860302321173292528e-01,-1.761722458411321668e+02,-8.642797358170357214e+00,9.030274448274544508e-02
7.152849340438842773e+01,9.092411653774767899e-02,2.592772518367619794e-01,7.860302321173292528e-01,-1.761722458411321668e+02,-8.642797358170357214e+00,9.030274448274544508e-02
7.154746866226196289e+01,9.072508083985757199e-02,2.591724967431142668e-01,7.859703540702336344e-01,-1.761884686109414702e+02,-8.620790004373029447e+00,1.077250970282248727e-01
7.156690621376037598e+01,9.092903310532833572e-02,2.592135158351047686e-01,7.860122558325631781e-01,-1.761730750223632356e+02,-8.650988508763195028e+00,9.189480963180371442e-02
7.158535456657409668e+01,9.092411653774767899e-02,2.592772518367619794e-01,7.860302321173292528e-01,-1.761722458411321668e+02,-8.642797358170357214e+00,9.030274448274544508e-02
7.160636162757873535e+01,9.092841759330053120e-02,2.592656251022061320e-01,7.860157084434390429e-01,-1.761586442516774866e+02,-8.651950662006766990e+00,1.064165881081591963e-01
7.163546228408813477e+01,9.074842587484788226e-02,2.592772517087647555e-01,7.859953859158705924e-01,-1.761722108037783414e+02,-8.620817836718716265e+00,9.029740519313672609e-02
7.164860534667968750e+01,9.092350285402064913e-02,2.593293610709848651e-01,7.860336855497882524e-01,-1.761578129684346834e+02,-8.643759719444265244e+00,1.048241931308029895e-01
7.167142891883850098e+01,9.092350285402064913e-02,2.593293610709848651e-01,7.860336855497882524e-01,-1.761578129684346834e+02,-8.643759719444265244e+00,1.048241931308029895e-01
7.169284820556640625e+01,9.090078110722620008e-02,2.591724968710786836e-01,7.860051913180173822e-01,-1.761885104106046924e+02,-8.642769514270934650e+00,1.077314512137514113e-01
7.171042680740356445e+01,9.095237926231103387e-02,2.593182614263859764e-01,7.860373081424446573e-01,-1.761568100910130283e+02,-8.651011907827832914e+00,7.446374248329472312e-02
7.173798537254333496e+01,9.090078110722620008e-02,2.591724968710786836e-01,7.860051913180173822e-01,-1.761885104106046924e+02,-8.642769514270934650e+00,1.077314512137514113e-01
7.175573372840881348e+01,9.095237926231103387e-02,2.593182614263859764e-01,7.860373081424446573e-01,-1.761568100910130283e+02,-8.651011907827832914e+00,7.446374248329472312e-02
7.177558183670043945e+01,9.095237926231103387e-02,2.593182614263859764e-01,7.860373081424446573e-01,-1.761568100910130283e+02,-8.651011907827832914e+00,7.446374248329472312e-02
7.179959678649902344e+01,9.092350285402064913e-02,2.593293610709848651e-01,7.860336855497882524e-01,-1.761578129684346834e+02,-8.643759719444265244e+00,1.048241931308029895e-01
7.181560683250427246e+01,9.095237926231103387e-02,2.593182614263859764e-01,7.860373081424446573e-01,-1.761568100910130283e+02,-8.651011907827832914e+00,7.446374248329472312e-02
7.183535456657409668e+01,9.095237926231103387e-02,2.593182614263859764e-01,7.860373081424446573e-01,-1.761568100910130283e+02,-8.651011907827832914e+00,7.446374248329472312e-02
7.186225438117980957e+01,9.072445484719485198e-02,2.592246067822031597e-01,7.859737931186625559e-01,-1.761740301374979651e+02,-8.621748301391276570e+00,1.222459738293126541e-01
7.188665723800659180e+01,9.092903310532833572e-02,2.592135158351047686e-01,7.860122558325631781e-01,-1.761730750223632356e+02,-8.650988508763195028e+00,9.189480963180371442e-02
7.190173602104187012e+01,9.092350285402064913e-02,2.593293610709848651e-01,7.860336855497882524e-01,-1.761578129684346834e+02,-8.643759719444265244e+00,1.048241931308029895e-01
7.192394447326660156e+01,9.095177737831570963e-02,2.593703698816625103e-01,7.860407753775263684e-01,-1.761423792852018835e+02,-8.651978136524144603e+00,8.898524507879088108e-02
7.194482398033142090e+01,9.092411653774767899e-02,2.592772518367619794e-01,7.860302321173292528e-01,-1.761722458411321668e+02,-8.642797358170357214e+00,9.030274448274544508e-02
7.195599818229675293e+01,9.092903310532833572e-02,2.592135158351047686e-01,7.860122558325631781e-01,-1.761730750223632356e+02,-8.650988508763195028e+00,9.189480963180371442e-02
7.197661566734313965e+01,9.092411653774767899e-02,2.592772518367619794e-01,7.860302321173292528e-01,-1.761722458411321668e+02,-8.642797358170357214e+00,9.030274448274544508e-02
7.199701714515686035e+01,9.092350285402064913e-02,2.593293610709848651e-01,7.860336855497882524e-01,-1.761578129684346834e+02,-8.643759719444265244e+00,1.048241931308029895e-01
7.201596140861511230e+01,9.092411653774767899e-02,2.592772518367619794e-01,7.860302321173292528e-01,-1.761722458411321668e+02,-8.642797358170357214e+00,9.030274448274544508e-02
7.203774785995483398e+01,9.092903310532833572e-02,2.592135158351047686e-01,7.860122558325631781e-01,-1.761730750223632356e+02,-8.650988508763195028e+00,9.189480963180371442e-02
7.205477976799011230e+01,9.092411653774767899e-02,2.592772518367619794e-01,7.860302321173292528e-01,-1.761722458411321668e+02,-8.642797358170357214e+00,9.030274448274544508e-02
7.208111238479614258e+01,9.092411653774767899e-02,2.592772518367619794e-01,7.860302321173292528e-01,-1.761722458411321668e+02,-8.642797358170357214e+00,9.030274448274544508e-02
7.209576177597045898e+01,9.092411653774767899e-02,2.592772518367619794e-01,7.860302321173292528e-01,-1.761722458411321668e+02,-8.642797358170357214e+00,9.030274448274544508e-02
7.211565017700195312e+01,9.092411653774767899e-02,2.592772518367619794e-01,7.860302321173292528e-01,-1.761722458411321668e+02,-8.642797358170357214e+00,9.030274448274544508e-02
7.213748979568481445e+01,9.092411653774767899e-02,2.592772518367619794e-01,7.860302321173292528e-01,-1.761722458411321668e+02,-8.642797358170357214e+00,9.030274448274544508e-02
7.215632367134094238e+01,9.090015379526386607e-02,2.592246069101666883e-01,7.860086301260529318e-01,-1.761740775716853022e+02,-8.643727800109362036e+00,1.222531744497039469e-01
7.217475056648254395e+01,9.090078110722620008e-02,2.591724968710786836e-01,7.860051913180173822e-01,-1.761885104106046924e+02,-8.642769514270934650e+00,1.077314512137514113e-01
7.219500088691711426e+01,9.095237926231103387e-02,2.593182614263859764e-01,7.860373081424446573e-01,-1.761568100910130283e+02,-8.651011907827832914e+00,7.446374248329472312e-02
7.221405124664306641e+01,9.095177737831570963e-02,2.593703698816625103e-01,7.860407753775263684e-01,-1.761423792852018835e+02,-8.651978136524144603e+00,8.898524507879088108e-02
7.223645782470703125e+01,9.095237926231103387e-02,2.593182614263859764e-01,7.860373081424446573e-01,-1.761568100910130283e+02,-8.651011907827832914e+00,7.446374248329472312e-02
7.225455737113952637e+01,9.077669131186225093e-02,2.593182612983489510e-01,7.860024510984465751e-01,-1.761567811985431149e+02,-8.629032377640143636e+00,7.445932134847486894e-02
7.227317810058593750e+01,9.095237926231103387e-02,2.593182614263859764e-01,7.860373081424446573e-01,-1.761568100910130283e+02,-8.651011907827832914e+00,7.446374248329472312e-02
7.229355216026306152e+01,9.072508083985757199e-02,2.591724967431142668e-01,7.859703540702336344e-01,-1.761884686109414702e+02,-8.620790004373029447e+00,1.077250970282248727e-01
7.231375455856323242e+01,9.075333554599589181e-02,2.592135157071005502e-01,7.859774077463557163e-01,-1.761730393665171448e+02,-8.629008988282540926e+00,9.188937247660135255e-02
7.233253169059753418e+01,9.092350285402064913e-02,2.593293610709848651e-01,7.860336855497882524e-01,-1.761578129684346834e+02,-8.643759719444265244e+00,1.048241931308029895e-01
7.235088348388671875e+01,9.092350285402064913e-02,2.593293610709848651e-01,7.860336855497882524e-01,-1.761578129684346834e+02,-8.643759719444265244e+00,1.048241931308029895e-01
7.237028574943542480e+01,9.092411653774767899e-02,2.592772518367619794e-01,7.860302321173292528e-01,-1.761722458411321668e+02,-8.642797358170357214e+00,9.030274448274544508e-02
7.238428902626037598e+01,9.092411653774767899e-02,2.592772518367619794e-01,7.860302321173292528e-01,-1.761722458411321668e+02,-8.642797358170357214e+00,9.030274448274544508e-02
7.240350699424743652e+01,9.095177737831570963e-02,2.593703698816625103e-01,7.860407753775263684e-01,-1.761423792852018835e+02,-8.651978136524144603e+00,8.898524507879088108e-02
7.242325115203857422e+01,9.092350285402064913e-02,2.593293610709848651e-01,7.860336855497882524e-01,-1.761578129684346834e+02,-8.643759719444265244e+00,1.048241931308029895e-01
7.244267797470092773e+01,9.092350285402064913e-02,2.593293610709848651e-01,7.860336855497882524e-01,-1.761578129684346834e+02,-8.643759719444265244e+00,1.048241931308029895e-01
7.246166348457336426e+01,9.090078110722620008e-02,2.591724968710786836e-01,7.860051913180173822e-01,-1.761885104106046924e+02,-8.642769514270934650e+00,1.077314512137514113e-01
7.248715686798095703e+01,9.090015379526386607e-02,2.592246069101666883e-01,7.860086301260529318e-01,-1.761740775716853022e+02,-8.643727800109362036e+00,1.222531744497039469e-01
7.250191497802734375e+01,9.095177737831570963e-02,2.593703698816625103e-01,7.860407753775263684e-01,-1.761423792852018835e+02,-8.651978136524144603e+00,8.898524507879088108e-02
7.252208638191223145e+01,9.092350285402064913e-02,2.593293610709848651e-01,7.860336855497882524e-01,-1.761578129684346834e+02,-8.643759719444265244e+00,1.048241931308029895e-01
7.253597164154052734e+01,9.092350285402064913e-02,2.593293610709848651e-01,7.860336855497882524e-01,-1.761578129684346834e+02,-8.643759719444265244e+00,1.048241931308029895e-01
7.255536007881164551e+01,9.090078110722620008e-02,2.591724968710786836e-01,7.860051913180173822e-01,-1.761885104106046924e+02,-8.642769514270934650e+00,1.077314512137514113e-01
7.257567501068115234e+01,9.095177737831570963e-02,2.593703698816625103e-01,7.860407753775263684e-01,-1.761423792852018835e+02,-8.651978136524144603e+00,8.898524507879088108e-02
7.259655308723449707e+01,9.090015379526386607e-02,2.592246069101666883e-01,7.860086301260529318e-01,-1.761740775716853022e+02,-8.643727800109362036e+00,1.222531744497039469e-01
7.261840319633483887e+01,9.074781351602961843e-02,2.593293609429885294e-01,7.859988395834940356e-01,-1.761577722966763702e+02,-8.621780207477787172e+00,1.048180075305433084e-01
7.263563323020935059e+01,9.095177737831570963e-02,2.593703698816625103e-01,7.860407753775263684e-01,-1.761423792852018835e+02,-8.651978136524144603e+00,8.898524507879088108e-02
7.265282964706420898e+01,9.090015379526386607e-02,2.592246069101666883e-01,7.860086301260529318e-01,-1.761740775716853022e+02,-8.643727800109362036e+00,1.222531744497039469e-01
7.267420411109924316e+01,9.095177737831570963e-02,2.593703698816625103e-01,7.860407753775263684e-01,-1.761423792852018835e+02,-8.651978136524144603e+00,8.898524507879088108e-02
7.269207119941711426e+01,9.095177737831570963e-02,2.593703698816625103e-01,7.860407753775263684e-01,-1.761423792852018835e+02,-8.651978136524144603e+00,8.898524507879088108e-02
7.271617150306701660e+01,9.090078110722620008e-02,2.591724968710786836e-01,7.860051913180173822e-01,-1.761885104106046924e+02,-8.642769514270934650e+00,1.077314512137514113e-01
7.272166824340820312e+01,9.092411653774767899e-02,2.592772518367619794e-01,7.860302321173292528e-01,-1.761722458411321668e+02,-8.642797358170357214e+00,9.030274448274544508e-02
7.274147295951843262e+01,9.092350285402064913e-02,2.593293610709848651e-01,7.860336855497882524e-01,-1.761578129684346834e+02,-8.643759719444265244e+00,1.048241931308029895e-01
7.276058053970336914e+01,9.092350285402064913e-02,2.593293610709848651e-01,7.860336855497882524e-01,-1.761578129684346834e+02,-8.643759719444265244e+00,1.048241931308029895e-01
7.278700971603393555e+01,9.092411653774767899e-02,2.592772518367619794e-01,7.860302321173292528e-01,-1.761722458411321668e+02,-8.642797358170357214e+00,9.030274448274544508e-02
7.280798172950744629e+01,9.092841759330053120e-02,2.592656251022061320e-01,7.860157084434390429e-01,-1.761586442516774866e+02,-8.651950662006766990e+00,1.064165881081591963e-01
7.282106542587280273e+01,9.095177737831570963e-02,2.593703698816625103e-01,7.860407753775263684e-01,-1.761423792852018835e+02,-8.651978136524144603e+00,8.898524507879088108e-02
7.284171795845031738e+01,9.075272135856179978e-02,2.592656249742028018e-01,7.859808605930974634e-01,-1.761586029611753759e+02,-8.629971151166294874e+00,1.064103037980270033e-01
7.286255407333374023e+01,9.095177737831570963e-02,2.593703698816625103e-01,7.860407753775263684e-01,-1.761423792852018835e+02,-8.651978136524144603e+00,8.898524507879088108e-02
7.287816476821899414e+01,9.092350285402064913e-02,2.593293610709848651e-01,7.860336855497882524e-01,-1.761578129684346834e+02,-8.643759719444265244e+00,1.048241931308029895e-01
7.290379095077514648e+01,9.095177737831570963e-02,2.593703698816625103e-01,7.860407753775263684e-01,-1.761423792852018835e+02,-8.651978136524144603e+00,8.898524507879088108e-02
7.291743612289428711e+01,9.092350285402064913e-02,2.593293610709848651e-01,7.860336855497882524e-01,-1.761578129684346834e+02,-8.643759719444265244e+00,1.048241931308029895e-01
7.293805241584777832e+01,9.095177737831570963e-02,2.593703698816625103e-01,7.860407753775263684e-01,-1.761423792852018835e+02,-8.651978136524144603e+00,8.898524507879088108e-02
7.295696043968200684e+01,9.095237926231103387e-02,2.593182614263859764e-01,7.860373081424446573e-01,-1.761568100910130283e+02,-8.651011907827832914e+00,7.446374248329472312e-02
7.297643947601318359e+01,9.090015379526386607e-02,2.592246069101666883e-01,7.860086301260529318e-01,-1.761740775716853022e+02,-8.643727800109362036e+00,1.222531744497039469e-01
7.299761962890625000e+01,9.095237926231103387e-02,2.593182614263859764e-01,7.860373081424446573e-01,-1.761568100910130283e+02,-8.651011907827832914e+00,7.446374248329472312e-02
7.301551342010498047e+01,9.095177737831570963e-02,2.593703698816625103e-01,7.860407753775263684e-01,-1.761423792852018835e+02,-8.651978136524144603e+00,8.898524507879088108e-02
7.303646659851074219e+01,9.090015379526386607e-02,2.592246069101666883e-01,7.860086301260529318e-01,-1.761740775716853022e+02,-8.643727800109362036e+00,1.222531744497039469e-01
7.304960727691650391e+01,9.072445484719485198e-02,2.592246067822031597e-01,7.859737931186625559e-01,-1.761740301374979651e+02,-8.621748301391276570e+00,1.222459738293126541e-01
7.306917262077331543e+01,9.095177737831570963e-02,2.593703698816625103e-01,7.860407753775263684e-01,-1.761423792852018835e+02,-8.651978136524144603e+00,8.898524507879088108e-02
7.309392094612121582e+01,9.077609075806974959e-02,2.593703697536263175e-01,7.860059185641651291e-01,-1.761423447581968276e+02,-8.629998614281779723e+00,8.897997691478695681e-02
7.311167192459106445e+01,9.092350285402064913e-02,2.593293610709848651e-01,7.860336855497882524e-01,-1.761578129684346834e+02,-8.643759719444265244e+00,1.048241931308029895e-01
7.313243079185485840e+01,9.095177737831570963e-02,2.593703698816625103e-01,7.860407753775263684e-01,-1.761423792852018835e+02,-8.651978136524144603e+00,8.898524507879088108e-02
7.315210628509521484e+01,9.092841759330053120e-02,2.592656251022061320e-01,7.860157084434390429e-01,-1.761586442516774866e+02,-8.651950662006766990e+00,1.064165881081591963e-01
7.317358350753784180e+01,9.072445484719485198e-02,2.592246067822031597e-01,7.859737931186625559e-01,-1.761740301374979651e+02,-8.621748301391276570e+00,1.222459738293126541e-01
7.319264698028564453e+01,9.092350285402064913e-02,2.593293610709848651e-01,7.860336855497882524e-01,-1.761578129684346834e+02,-8.643759719444265244e+00,1.048241931308029895e-01
7.321182489395141602e+01,9.092841759330053120e-02,2.592656251022061320e-01,7.860157084434390429e-01,-1.761586442516774866e+02,-8.651950662006766990e+00,1.064165881081591963e-01
7.323190951347351074e+01,9.095237926231103387e-02,2.593182614263859764e-01,7.860373081424446573e-01,-1.761568100910130283e+02,-8.651011907827832914e+00,7.446374248329472312e-02
7.325293970108032227e+01,9.090015379526386607e-02,2.592246069101666883e-01,7.860086301260529318e-01,-1.761740775716853022e+02,-8.643727800109362036e+00,1.222531744497039469e-01
7.327251052856445312e+01,9.092411653774767899e-02,2.592772518367619794e-01,7.860302321173292528e-01,-1.761722458411321668e+02,-8.642797358170357214e+00,9.030274448274544508e-02
7.328814339637756348e+01,9.090078110722620008e-02,2.591724968710786836e-01,7.860051913180173822e-01,-1.761885104106046924e+02,-8.642769514270934650e+00,1.077314512137514113e-01
7.330696558952331543e+01,9.074781351602961843e-02,2.593293609429885294e-01,7.859988395834940356e-01,-1.761577722966763702e+02,-8.621780207477787172e+00,1.048180075305433084e-01
7.332518100738525391e+01,9.074781351602961843e-02,2.593293609429885294e-01,7.859988395834940356e-01,-1.761577722966763702e+02,-8.621780207477787172e+00,1.048180075305433084e-01
7.334547686576843262e+01,9.090078110722620008e-02,2.591724968710786836e-01,7.860051913180173822e-01,-1.761885104106046924e+02,-8.642769514270934650e+00,1.077314512137514113e-01
7.336461091041564941e+01,9.092841759330053120e-02,2.592656251022061320e-01,7.860157084434390429e-01,-1.761586442516774866e+02,-8.651950662006766990e+00,1.064165881081591963e-01
7.338518095016479492e+01,9.095237926231103387e-02,2.593182614263859764e-01,7.860373081424446573e-01,-1.761568100910130283e+02,-8.651011907827832914e+00,7.446374248329472312e-02
7.340493035316467285e+01,9.090015379526386607e-02,2.592246069101666883e-01,7.860086301260529318e-01,-1.761740775716853022e+02,-8.643727800109362036e+00,1.222531744497039469e-01
7.342488932609558105e+01,9.095177737831570963e-02,2.593703698816625103e-01,7.860407753775263684e-01,-1.761423792852018835e+02,-8.651978136524144603e+00,8.898524507879088108e-02
7.344780158996582031e+01,9.095177737831570963e-02,2.593703698816625103e-01,7.860407753775263684e-01,-1.761423792852018835e+02,-8.651978136524144603e+00,8.898524507879088108e-02
7.346355438232421875e+01,9.092411653774767899e-02,2.592772518367619794e-01,7.860302321173292528e-01,-1.761722458411321668e+02,-8.642797358170357214e+00,9.030274448274544508e-02
7.348307156562805176e+01,9.092350285402064913e-02,2.593293610709848651e-01,7.860336855497882524e-01,-1.761578129684346834e+02,-8.643759719444265244e+00,1.048241931308029895e-01
7.350243663787841797e+01,9.092350285402064913e-02,2.593293610709848651e-01,7.860336855497882524e-01,-1.761578129684346834e+02,-8.643759719444265244e+00,1.048241931308029895e-01
7.351945853233337402e+01,9.090078110722620008e-02,2.591724968710786836e-01,7.860051913180173822e-01,-1.761885104106046924e+02,-8.642769514270934650e+00,1.077314512137514113e-01
7.353609132766723633e+01,9.074842587484788226e-02,2.592772517087647555e-01,7.859953859158705924e-01,-1.761722108037783414e+02,-8.620817836718716265e+00,9.029740519313672609e-02
7.355609464645385742e+01,9.092350285402064913e-02,2.593293610709848651e-01,7.860336855497882524e-01,-1.761578129684346834e+02,-8.643759719444265244e+00,1.048241931308029895e-01
7.357668471336364746e+01,9.092903310532833572e-02,2.592135158351047686e-01,7.860122558325631781e-01,-1.761730750223632356e+02,-8.650988508763195028e+00,9.189480963180371442e-02
7.359749507904052734e+01,9.092411653774767899e-02,2.592772518367619794e-01,7.860302321173292528e-01,-1.761722458411321668e+02,-8.642797358170357214e+00,9.030274448274544508e-02
7.361614871025085449e+01,9.095237926231103387e-02,2.593182614263859764e-01,7.860373081424446573e-01,-1.761568100910130283e+02,-8.651011907827832914e+00,7.446374248329472312e-02
7.363773298263549805e+01,9.077609075806974959e-02,2.593703697536263175e-01,7.860059185641651291e-01,-1.761423447581968276e+02,-8.629998614281779723e+00,8.897997691478695681e-02
7.365828299522399902e+01,9.095177737831570963e-02,2.593703698816625103e-01,7.860407753775263684e-01,-1.761423792852018835e+02,-8.651978136524144603e+00,8.898524507879088108e-02
7.368478226661682129e+01,9.077609075806974959e-02,2.593703697536263175e-01,7.860059185641651291e-01,-1.761423447581968276e+02,-8.629998614281779723e+00,8.897997691478695681e-02
7.370230841636657715e+01,9.092350285402064913e-02,2.593293610709848651e-01,7.860336855497882524e-01,-1.761578129684346834e+02,-8.643759719444265244e+00,1.048241931308029895e-01
7.372027873992919922e+01,9.095237926231103387e-02,2.593182614263859764e-01,7.860373081424446573e-01,-1.761568100910130283e+02,-8.651011907827832914e+00,7.446374248329472312e-02
7.373466396331787109e+01,9.092350285402064913e-02,2.593293610709848651e-01,7.860336855497882524e-01,-1.761578129684346834e+02,-8.643759719444265244e+00,1.048241931308029895e-01
7.375472593307495117e+01,9.092411653774767899e-02,2.592772518367619794e-01,7.860302321173292528e-01,-1.761722458411321668e+02,-8.642797358170357214e+00,9.030274448274544508e-02
7.377483177185058594e+01,9.075272135856179978e-02,2.592656249742028018e-01,7.859808605930974634e-01,-1.761586029611753759e+02,-8.629971151166294874e+00,1.064103037980270033e-01
7.379659318923950195e+01,9.095237926231103387e-02,2.593182614263859764e-01,7.860373081424446573e-01,-1.761568100910130283e+02,-8.651011907827832914e+00,7.446374248329472312e-02
7.381309604644775391e+01,9.090078110722620008e-02,2.591724968710786836e-01,7.860051913180173822e-01,-1.761885104106046924e+02,-8.642769514270934650e+00,1.077314512137514113e-01
7.383247017860412598e+01,9.090078110722620008e-02,2.591724968710786836e-01,7.860051913180173822e-01,-1.761885104106046924e+02,-8.642769514270934650e+00,1.077314512137514113e-01
7.385079288482666016e+01,9.095237926231103387e-02,2.593182614263859764e-01,7.860373081424446573e-01,-1.761568100910130283e+02,-8.651011907827832914e+00,7.446374248329472312e-02
7.387069678306579590e+01,9.095237926231103387e-02,2.593182614263859764e-01,7.860373081424446573e-01,-1.761568100910130283e+02,-8.651011907827832914e+00,7.446374248329472312e-02
7.389425325393676758e+01,9.075333554599589181e-02,2.592135157071005502e-01,7.859774077463557163e-01,-1.761730393665171448e+02,-8.629008988282540926e+00,9.188937247660135255e-02
7.390970039367675781e+01,9.092841759330053120e-02,2.592656251022061320e-01,7.860157084434390429e-01,-1.761586442516774866e+02,-8.651950662006766990e+00,1.064165881081591963e-01
7.392894959449768066e+01,9.095237926231103387e-02,2.593182614263859764e-01,7.860373081424446573e-01,-1.761568100910130283e+02,-8.651011907827832914e+00,7.446374248329472312e-02
7.394812250137329102e+01,9.092841759330053120e-02,2.592656251022061320e-01,7.860157084434390429e-01,-1.761586442516774866e+02,-8.651950662006766990e+00,1.064165881081591963e-01
7.396823430061340332e+01,9.092350285402064913e-02,2.593293610709848651e-01,7.860336855497882524e-01,-1.761578129684346834e+02,-8.643759719444265244e+00,1.048241931308029895e-01
7.398985838890075684e+01,9.092411653774767899e-02,2.592772518367619794e-01,7.860302321173292528e-01,-1.761722458411321668e+02,-8.642797358170357214e+00,9.030274448274544508e-02
7.400720286369323730e+01,9.095237926231103387e-02,2.593182614263859764e-01,7.860373081424446573e-01,-1.761568100910130283e+02,-8.651011907827832914e+00,7.446374248329472312e-02
7.402111411094665527e+01,9.095237926231103387e-02,2.593182614263859764e-01,7.860373081424446573e-01,-1.761568100910130283e+02,-8.651011907827832914e+00,7.446374248329472312e-02
7.403853702545166016e+01,9.095237926231103387e-02,2.593182614263859764e-01,7.860373081424446573e-01,-1.761568100910130283e+02,-8.651011907827832914e+00,7.446374248329472312e-02
7.405829548835754395e+01,9.092903310532833572e-02,2.592135158351047686e-01,7.860122558325631781e-01,-1.761730750223632356e+02,-8.650988508763195028e+00,9.189480963180371442e-02
7.407752895355224609e+01,9.092841759330053120e-02,2.592656251022061320e-01,7.860157084434390429e-01,-1.761586442516774866e+02,-8.651950662006766990e+00,1.064165881081591963e-01
7.409684062004089355e+01,9.095177737831570963e-02,2.593703698816625103e-01,7.860407753775263684e-01,-1.761423792852018835e+02,-8.651978136524144603e+00,8.898524507879088108e-02
7.412058639526367188e+01,9.092411653774767899e-02,2.592772518367619794e-01,7.860302321173292528e-01,-1.761722458411321668e+02,-8.642797358170357214e+00,9.030274448274544508e-02
7.413919210433959961e+01,9.090078110722620008e-02,2.591724968710786836e-01,7.860051913180173822e-01,-1.761885104106046924e+02,-8.642769514270934650e+00,1.077314512137514113e-01
7.415998482704162598e+01,9.090078110722620008e-02,2.591724968710786836e-01,7.860051913180173822e-01,-1.761885104106046924e+02,-8.642769514270934650e+00,1.077314512137514113e-01
7.417751359939575195e+01,9.087650848689941829e-02,2.594296687383477185e-01,7.859631346254754014e-01,-1.761421425490143235e+02,-8.636243964241371529e+00,7.965741187580116511e-02
7.419847917556762695e+01,9.092350285402064913e-02,2.593293610709848651e-01,7.860336855497882524e-01,-1.761578129684346834e+02,-8.643759719444265244e+00,1.048241931308029895e-01
7.421855449676513672e+01,9.095237926231103387e-02,2.593182614263859764e-01,7.860373081424446573e-01,-1.761568100910130283e+02,-8.651011907827832914e+00,7.446374248329472312e-02
7.423766326904296875e+01,9.092411653774767899e-02,2.592772518367619794e-01,7.860302321173292528e-01,-1.761722458411321668e+02,-8.642797358170357214e+00,9.030274448274544508e-02
7.425731682777404785e+01,9.092350285402064913e-02,2.593293610709848651e-01,7.860336855497882524e-01,-1.761578129684346834e+02,-8.643759719444265244e+00,1.048241931308029895e-01
7.427132201194763184e+01,9.087650848689941829e-02,2.594296687383477185e-01,7.859631346254754014e-01,-1.761421425490143235e+02,-8.636243964241371529e+00,7.965741187580116511e-02
7.429369902610778809e+01,9.090078110722620008e-02,2.591724968710786836e-01,7.860051913180173822e-01,-1.761885104106046924e+02,-8.642769514270934650e+00,1.077314512137514113e-01
7.431187701225280762e+01,9.095237926231103387e-02,2.593182614263859764e-01,7.860373081424446573e-01,-1.761568100910130283e+02,-8.651011907827832914e+00,7.446374248329472312e-02
7.433775615692138672e+01,9.092350285402064913e-02,2.593293610709848651e-01,7.860336855497882524e-01,-1.761578129684346834e+02,-8.643759719444265244e+00,1.048241931308029895e-01
7.435466480255126953e+01,9.075272135856179978e-02,2.592656249742028018e-01,7.859808605930974634e-01,-1.761586029611753759e+02,-8.629971151166294874e+00,1.064103037980270033e-01
7.437440156936645508e+01,9.077669131186225093e-02,2.593182612983489510e-01,7.860024510984465751e-01,-1.761567811985431149e+02,-8.629032377640143636e+00,7.445932134847486894e-02
7.439335346221923828e+01,9.092350285402064913e-02,2.593293610709848651e-01,7.860336855497882524e-01,-1.761578129684346834e+02,-8.643759719444265244e+00,1.048241931308029895e-01
7.441274523735046387e+01,9.077669131186225093e-02,2.593182612983489510e-01,7.860024510984465751e-01,-1.761567811985431149e+02,-8.629032377640143636e+00,7.445932134847486894e-02
7.443294262886047363e+01,9.092903310532833572e-02,2.592135158351047686e-01,7.860122558325631781e-01,-1.761730750223632356e+02,-8.650988508763195028e+00,9.189480963180371442e-02
7.445415520668029785e+01,9.092841759330053120e-02,2.592656251022061320e-01,7.860157084434390429e-01,-1.761586442516774866e+02,-8.651950662006766990e+00,1.064165881081591963e-01
7.447308635711669922e+01,9.092411653774767899e-02,2.592772518367619794e-01,7.860302321173292528e-01,-1.761722458411321668e+02,-8.642797358170357214e+00,9.030274448274544508e-02
7.449227714538574219e+01,9.095237926231103387e-02,2.593182614263859764e-01,7.860373081424446573e-01,-1.761568100910130283e+02,-8.651011907827832914e+00,7.446374248329472312e-02
7.451509332656860352e+01,9.092411653774767899e-02,2.592772518367619794e-01,7.860302321173292528e-01,-1.761722458411321668e+02,-8.642797358170357214e+00,9.030274448274544508e-02
7.453550910949707031e+01,9.092411653774767899e-02,2.592772518367619794e-01,7.860302321173292528e-01,-1.761722458411321668e+02,-8.642797358170357214e+00,9.030274448274544508e-02
7.455528068542480469e+01,9.095237926231103387e-02,2.593182614263859764e-01,7.860373081424446573e-01,-1.761568100910130283e+02,-8.651011907827832914e+00,7.446374248329472312e-02
7.458277821540832520e+01,9.090015379526386607e-02,2.592246069101666883e-01,7.860086301260529318e-01,-1.761740775716853022e+02,-8.643727800109362036e+00,1.222531744497039469e-01
7.460061049461364746e+01,9.095177737831570963e-02,2.593703698816625103e-01,7.860407753775263684e-01,-1.761423792852018835e+02,-8.651978136524144603e+00,8.898524507879088108e-02
7.462058329582214355e+01,9.074842587484788226e-02,2.592772517087647555e-01,7.859953859158705924e-01,-1.761722108037783414e+02,-8.620817836718716265e+00,9.029740519313672609e-02
7.463984537124633789e+01,9.090078110722620008e-02,2.591724968710786836e-01,7.860051913180173822e-01,-1.761885104106046924e+02,-8.642769514270934650e+00,1.077314512137514113e-01
7.466006374359130859e+01,9.095237926231103387e-02,2.593182614263859764e-01,7.860373081424446573e-01,-1.761568100910130283e+02,-8.651011907827832914e+00,7.446374248329472312e-02
7.467749524116516113e+01,9.090015379526386607e-02,2.592246069101666883e-01,7.860086301260529318e-01,-1.761740775716853022e+02,-8.643727800109362036e+00,1.222531744497039469e-01
7.469873976707458496e+01,9.095237926231103387e-02,2.593182614263859764e-01,7.860373081424446573e-01,-1.761568100910130283e+02,-8.651011907827832914e+00,7.446374248329472312e-02
7.471834683418273926e+01,9.090078110722620008e-02,2.591724968710786836e-01,7.860051913180173822e-01,-1.761885104106046924e+02,-8.642769514270934650e+00,1.077314512137514113e-01
7.473730373382568359e+01,9.072508083985757199e-02,2.591724967431142668e-01,7.859703540702336344e-01,-1.761884686109414702e+02,-8.620790004373029447e+00,1.077250970282248727e-01
7.476249289512634277e+01,9.092411653774767899e-02,2.592772518367619794e-01,7.860302321173292528e-01,-1.761722458411321668e+02,-8.642797358170357214e+00,9.030274448274544508e-02
7.477606415748596191e+01,9.092411653774767899e-02,2.592772518367619794e-01,7.860302321173292528e-01,-1.761722458411321668e+02,-8.642797358170357214e+00,9.030274448274544508e-02
7.479739117622375488e+01,9.092411653774767899e-02,2.592772518367619794e-01,7.860302321173292528e-01,-1.761722458411321668e+02,-8.642797358170357214e+00,9.030274448274544508e-02
7.481692457199096680e+01,9.092411653774767899e-02,2.592772518367619794e-01,7.860302321173292528e-01,-1.761722458411321668e+02,-8.642797358170357214e+00,9.030274448274544508e-02
7.484708929061889648e+01,9.090078110722620008e-02,2.591724968710786836e-01,7.860051913180173822e-01,-1.761885104106046924e+02,-8.642769514270934650e+00,1.077314512137514113e-01
7.485998558998107910e+01,9.092350285402064913e-02,2.593293610709848651e-01,7.860336855497882524e-01,-1.761578129684346834e+02,-8.643759719444265244e+00,1.048241931308029895e-01
7.487650251388549805e+01,9.072508083985757199e-02,2.591724967431142668e-01,7.859703540702336344e-01,-1.761884686109414702e+02,-8.620790004373029447e+00,1.077250970282248727e-01
7.489559793472290039e+01,9.092841759330053120e-02,2.592656251022061320e-01,7.860157084434390429e-01,-1.761586442516774866e+02,-8.651950662006766990e+00,1.064165881081591963e-01
7.491299295425415039e+01,9.095237926231103387e-02,2.593182614263859764e-01,7.860373081424446573e-01,-1.761568100910130283e+02,-8.651011907827832914e+00,7.446374248329472312e-02
7.493261480331420898e+01,9.095237926231103387e-02,2.593182614263859764e-01,7.860373081424446573e-01,-1.761568100910130283e+02,-8.651011907827832914e+00,7.446374248329472312e-02
7.495413613319396973e+01,9.092903310532833572e-02,2.592135158351047686e-01,7.860122558325631781e-01,-1.761730750223632356e+02,-8.650988508763195028e+00,9.189480963180371442e-02
7.497303771972656250e+01,9.092903310532833572e-02,2.592135158351047686e-01,7.860122558325631781e-01,-1.761730750223632356e+02,-8.650988508763195028e+00,9.189480963180371442e-02
7.499105334281921387e+01,9.092411653774767899e-02,2.592772518367619794e-01,7.860302321173292528e-01,-1.761722458411321668e+02,-8.642797358170357214e+00,9.030274448274544508e-02
7.501113033294677734e+01,9.092411653774767899e-02,2.592772518367619794e-01,7.860302321173292528e-01,-1.761722458411321668e+02,-8.642797358170357214e+00,9.030274448274544508e-02
7.502999663352966309e+01,9.095237926231103387e-02,2.593182614263859764e-01,7.860373081424446573e-01,-1.761568100910130283e+02,-8.651011907827832914e+00,7.446374248329472312e-02
7.504959344863891602e+01,9.090015379526386607e-02,2.592246069101666883e-01,7.860086301260529318e-01,-1.761740775716853022e+02,-8.643727800109362036e+00,1.222531744497039469e-01
7.506970191001892090e+01,9.092411653774767899e-02,2.592772518367619794e-01,7.860302321173292528e-01,-1.761722458411321668e+02,-8.642797358170357214e+00,9.030274448274544508e-02
7.509164857864379883e+01,9.092411653774767899e-02,2.592772518367619794e-01,7.860302321173292528e-01,-1.761722458411321668e+02,-8.642797358170357214e+00,9.030274448274544508e-02
7.510542130470275879e+01,9.095177737831570963e-02,2.593703698816625103e-01,7.860407753775263684e-01,-1.761423792852018835e+02,-8.651978136524144603e+00,8.898524507879088108e-02
7.512501168251037598e+01,9.095177737831570963e-02,2.593703698816625103e-01,7.860407753775263684e-01,-1.761423792852018835e+02,-8.651978136524144603e+00,8.898524507879088108e-02
7.513654494285583496e+01,9.095237926231103387e-02,2.593182614263859764e-01,7.860373081424446573e-01,-1.761568100910130283e+02,-8.651011907827832914e+00,7.446374248329472312e-02
7.515968847274780273e+01,9.092350285402064913e-02,2.593293610709848651e-01,7.860336855497882524e-01,-1.761578129684346834e+02,-8.643759719444265244e+00,1.048241931308029895e-01
7.517666316032409668e+01,9.092903310532833572e-02,2.592135158351047686e-01,7.860122558325631781e-01,-1.761730750223632356e+02,-8.650988508763195028e+00,9.189480963180371442e-02
7.519537043571472168e+01,9.074842587484788226e-02,2.592772517087647555e-01,7.859953859158705924e-01,-1.761722108037783414e+02,-8.620817836718716265e+00,9.029740519313672609e-02
7.521529698371887207e+01,9.090078110722620008e-02,2.591724968710786836e-01,7.860051913180173822e-01,-1.761885104106046924e+02,-8.642769514270934650e+00,1.077314512137514113e-01
7.522969007492065430e+01,9.092903310532833572e-02,2.592135158351047686e-01,7.860122558325631781e-01,-1.761730750223632356e+02,-8.650988508763195028e+00,9.189480963180371442e-02
7.524834823608398438e+01,9.092350285402064913e-02,2.593293610709848651e-01,7.860336855497882524e-01,-1.761578129684346834e+02,-8.643759719444265244e+00,1.048241931308029895e-01
7.527093243598937988e+01,9.092841759330053120e-02,2.592656251022061320e-01,7.860157084434390429e-01,-1.761586442516774866e+02,-8.651950662006766990e+00,1.064165881081591963e-01
7.527958345413208008e+01,9.090078110722620008e-02,2.591724968710786836e-01,7.860051913180173822e-01,-1.761885104106046924e+02,-8.642769514270934650e+00,1.077314512137514113e-01
7.530266666412353516e+01,9.084824923096859739e-02,2.593886572884663289e-01,7.859560555291226214e-01,-1.761575744896322249e+02,-8.628033424021495534e+00,9.549792042234732381e-02
7.532245469093322754e+01,9.095177737831570963e-02,2.593703698816625103e-01,7.860407753775263684e-01,-1.761423792852018835e+02,-8.651978136524144603e+00,8.898524507879088108e-02
7.534093189239501953e+01,9.095177737831570963e-02,2.593703698816625103e-01,7.860407753775263684e-01,-1.761423792852018835e+02,-8.651978136524144603e+00,8.898524507879088108e-02
7.536023378372192383e+01,9.090015379526386607e-02,2.592246069101666883e-01,7.860086301260529318e-01,-1.761740775716853022e+02,-8.643727800109362036e+00,1.222531744497039469e-01
7.538052320480346680e+01,9.090078110722620008e-02,2.591724968710786836e-01,7.860051913180173822e-01,-1.761885104106046924e+02,-8.642769514270934650e+00,1.077314512137514113e-01
7.539872503280639648e+01,9.077609075806974959e-02,2.593703697536263175e-01,7.860059185641651291e-01,-1.761423447581968276e+02,-8.629998614281779723e+00,8.897997691478695681e-02
7.541647315025329590e+01,9.095237926231103387e-02,2.593182614263859764e-01,7.860373081424446573e-01,-1.761568100910130283e+02,-8.651011907827832914e+00,7.446374248329472312e-02
7.543622112274169922e+01,9.090015379526386607e-02,2.592246069101666883e-01,7.860086301260529318e-01,-1.761740775716853022e+02,-8.643727800109362036e+00,1.222531744497039469e-01
7.545621776580810547e+01,9.088407422094782473e-02,2.593181717663256003e-01,7.860269291283356052e-01,-1.761570339387027957e+02,-8.629081783212454226e+00,7.595381140210134829e-02
7.547733855247497559e+01,9.074842587484788226e-02,2.592772517087647555e-01,7.859953859158705924e-01,-1.761722108037783414e+02,-8.620817836718716265e+00,9.029740519313672609e-02
7.548715019226074219e+01,9.095177737831570963e-02,2.593703698816625103e-01,7.860407753775263684e-01,-1.761423792852018835e+02,-8.651978136524144603e+00,8.898524507879088108e-02
7.550641798973083496e+01,9.092841759330053120e-02,2.592656251022061320e-01,7.860157084434390429e-01,-1.761586442516774866e+02,-8.651950662006766990e+00,1.064165881081591963e-01
7.552665829658508301e+01,9.092350285402064913e-02,2.593293610709848651e-01,7.860336855497882524e-01,-1.761578129684346834e+02,-8.643759719444265244e+00,1.048241931308029895e-01
7.554891586303710938e+01,9.077609075806974959e-02,2.593703697536263175e-01,7.860059185641651291e-01,-1.761423447581968276e+02,-8.629998614281779723e+00,8.897997691478695681e-02
7.556126356124877930e+01,9.092350285402064913e-02,2.593293610709848651e-01,7.860336855497882524e-01,-1.761578129684346834e+02,-8.643759719444265244e+00,1.048241931308029895e-01
7.558120822906494141e+01,9.092350285402064913e-02,2.593293610709848651e-01,7.860336855497882524e-01,-1.761578129684346834e+02,-8.643759719444265244e+00,1.048241931308029895e-01
7.560328555107116699e+01,9.092350285402064913e-02,2.593293610709848651e-01,7.860336855497882524e-01,-1.761578129684346834e+02,-8.643759719444265244e+00,1.048241931308029895e-01
7.562230134010314941e+01,9.095177737831570963e-02,2.593703698816625103e-01,7.860407753775263684e-01,-1.761423792852018835e+02,-8.651978136524144603e+00,8.898524507879088108e-02
7.564046859741210938e+01,9.092350285402064913e-02,2.593293610709848651e-01,7.860336855497882524e-01,-1.761578129684346834e+02,-8.643759719444265244e+00,1.048241931308029895e-01
7.566024184226989746e+01,9.092350285402064913e-02,2.593293610709848651e-01,7.860336855497882524e-01,-1.761578129684346834e+02,-8.643759719444265244e+00,1.048241931308029895e-01
7.568054080009460449e+01,9.095237926231103387e-02,2.593182614263859764e-01,7.860373081424446573e-01,-1.761568100910130283e+02,-8.651011907827832914e+00,7.446374248329472312e-02
7.570153379440307617e+01,9.095177737831570963e-02,2.593703698816625103e-01,7.860407753775263684e-01,-1.761423792852018835e+02,-8.651978136524144603e+00,8.898524507879088108e-02
7.572329902648925781e+01,9.092350285402064913e-02,2.593293610709848651e-01,7.860336855497882524e-01,-1.761578129684346834e+02,-8.643759719444265244e+00,1.048241931308029895e-01
7.574405264854431152e+01,9.092411653774767899e-02,2.592772518367619794e-01,7.860302321173292528e-01,-1.761722458411321668e+02,-8.642797358170357214e+00,9.030274448274544508e-02
7.576035189628601074e+01,9.092411653774767899e-02,2.592772518367619794e-01,7.860302321173292528e-01,-1.761722458411321668e+02,-8.642797358170357214e+00,9.030274448274544508e-02
7.578755331039428711e+01,9.095237926231103387e-02,2.593182614263859764e-01,7.860373081424446573e-01,-1.761568100910130283e+02,-8.651011907827832914e+00,7.446374248329472312e-02
7.579896903038024902e+01,9.090078110722620008e-02,2.591724968710786836e-01,7.860051913180173822e-01,-1.761885104106046924e+02,-8.642769514270934650e+00,1.077314512137514113e-01
7.582329583168029785e+01,9.075333554599589181e-02,2.592135157071005502e-01,7.859774077463557163e-01,-1.761730393665171448e+02,-8.629008988282540926e+00,9.188937247660135255e-02
7.584002685546875000e+01,9.095177737831570963e-02,2.593703698816625103e-01,7.860407753775263684e-01,-1.761423792852018835e+02,-8.651978136524144603e+00,8.898524507879088108e-02
7.586398887634277344e+01,9.092411653774767899e-02,2.592772518367619794e-01,7.860302321173292528e-01,-1.761722458411321668e+02,-8.642797358170357214e+00,9.030274448274544508e-02
7.588410329818725586e+01,9.095177737831570963e-02,2.593703698816625103e-01,7.860407753775263684e-01,-1.761423792852018835e+02,-8.651978136524144603e+00,8.898524507879088108e-02
7.590104508399963379e+01,9.095177737831570963e-02,2.593703698816625103e-01,7.860407753775263684e-01,-1.761423792852018835e+02,-8.651978136524144603e+00,8.898524507879088108e-02
7.592349505424499512e+01,9.095237926231103387e-02,2.593182614263859764e-01,7.860373081424446573e-01,-1.761568100910130283e+02,-8.651011907827832914e+00,7.446374248329472312e-02
7.594897747039794922e+01,9.092411653774767899e-02,2.592772518367619794e-01,7.860302321173292528e-01,-1.761722458411321668e+02,-8.642797358170357214e+00,9.030274448274544508e-02
7.595708465576171875e+01,9.092411653774767899e-02,2.592772518367619794e-01,7.860302321173292528e-01,-1.761722458411321668e+02,-8.642797358170357214e+00,9.030274448274544508e-02
7.597778630256652832e+01,9.092350285402064913e-02,2.593293610709848651e-01,7.860336855497882524e-01,-1.761578129684346834e+02,-8.643759719444265244e+00,1.048241931308029895e-01
7.599785304069519043e+01,9.092411653774767899e-02,2.592772518367619794e-01,7.860302321173292528e-01,-1.761722458411321668e+02,-8.642797358170357214e+00,9.030274448274544508e-02
7.601297450065612793e+01,9.092350285402064913e-02,2.593293610709848651e-01,7.860336855497882524e-01,-1.761578129684346834e+02,-8.643759719444265244e+00,1.048241931308029895e-01
7.603883147239685059e+01,9.092350285402064913e-02,2.593293610709848651e-01,7.860336855497882524e-01,-1.761578129684346834e+02,-8.643759719444265244e+00,1.048241931308029895e-01
7.605647468566894531e+01,9.092411653774767899e-02,2.592772518367619794e-01,7.860302321173292528e-01,-1.761722458411321668e+02,-8.642797358170357214e+00,9.030274448274544508e-02
